7.882514968514442444e-03,2.870348654687404633e-02,7.828707695007324219e-01,9.997923374176025391e-01,-4.162264987826347351e-03,1.993864402174949646e-02,-5.381763330660760403e-04,8.526540547609329224e-02,1.571575403213500977e-01,8.546315133571624756e-02,1.196719557046890259e-01,-2.024163901805877686e-01,-2.177190482616424561e-01,6.294064223766326904e-02,-5.412407219409942627e-02,-1.026005893945693970e-01,1.171853840351104736e-01,-2.312964051961898804e-01,1.557203531265258789e-01,4.326215945184230804e-03,-3.377003222703933716e-02,9.699856489896774292e-02,-1.963719539344310760e-02,2.994585633277893066e-01,-5.093896389007568359e-01,1.051670074462890625e+00,-3.219252824783325195e-01,1.165189296007156372e-01,1.965454220771789551e-01,4.613065719604492188e-02,-2.360555678606033325e-01,5.223875641822814941e-01,1.063402414321899414e+00,2.812156379222869873e-01,1.073844954371452332e-01,-1.691948622465133667e-01
7.545741740614175797e-03,2.630450204014778137e-02,7.827287316322326660e-01,9.997222423553466797e-01,-4.033583216369152069e-03,2.312640100717544556e-02,-2.071976196020841599e-03,8.021247386932373047e-02,1.616424471139907837e-01,9.165046364068984985e-02,1.180274114012718201e-01,-2.019564360380172729e-01,-2.225506305694580078e-01,5.580243468284606934e-02,-5.140524357557296753e-02,-1.050907373428344727e-01,1.188389360904693604e-01,-2.360415756702423096e-01,1.555406153202056885e-01,6.971755065023899078e-03,-2.980605326592922211e-02,9.708376973867416382e-02,-1.973676122725009918e-02,2.995507121086120605e-01,-4.969989061355590820e-01,1.046651363372802734e+00,-3.193262815475463867e-01,1.173648759722709656e-01,1.997637748718261719e-01,4.458011686801910400e-02,-2.398799210786819458e-01,5.191578269004821777e-01,1.062810540199279785e+00,2.861313819885253906e-01,1.104744523763656616e-01,-1.703000217676162720e-01
8.028807118535041809e-03,2.324567548930644989e-02,7.825095653533935547e-01,9.996530413627624512e-01,-3.551625413820147514e-03,2.584584429860115051e-02,-3.628242528066039085e-03,7.591670006513595581e-02,1.661490052938461304e-01,9.564202278852462769e-02,1.171757876873016357e-01,-1.991012692451477051e-01,-2.287785559892654419e-01,4.809349402785301208e-02,-4.779887571930885315e-02,-1.064763590693473816e-01,1.226094961166381836e-01,-2.414097338914871216e-01,1.518050581216812134e-01,8.874967694282531738e-03,-2.572527900338172913e-02,9.937807917594909668e-02,-1.794683001935482025e-02,2.981677651405334473e-01,-4.841814339160919189e-01,1.042273879051208496e+00,-3.168490827083587646e-01,1.158419698476791382e-01,2.021666020154953003e-01,4.264839738607406616e-02,-2.435951381921768188e-01,5.176860690116882324e-01,1.060972690582275391e+00,2.963415980339050293e-01,1.101762130856513977e-01,-1.739041954278945923e-01
8.875717408955097198e-03,1.924273930490016937e-02,7.824652194976806641e-01,9.995967745780944824e-01,-2.205524127930402756e-03,2.791647054255008698e-02,-4.700152203440666199e-03,7.231515645980834961e-02,1.700303256511688232e-01,9.834161400794982910e-02,1.182199344038963318e-01,-1.928697079420089722e-01,-2.385556995868682861e-01,4.251892864704132080e-02,-4.484049975872039795e-02,-1.085230112075805664e-01,1.264400333166122437e-01,-2.475278526544570923e-01,1.484459787607192993e-01,9.650714695453643799e-03,-2.323167212307453156e-02,1.027435287833213806e-01,-1.486704032868146896e-02,2.953001558780670166e-01,-4.742298722267150879e-01,1.041500568389892578e+00,-3.151571154594421387e-01,1.153372973203659058e-01,2.027244865894317627e-01,4.165716469287872314e-02,-2.457522749900817871e-01,5.178835391998291016e-01,1.059120416641235352e+00,3.046796321868896484e-01,1.097224354743957520e-01,-1.761497408151626587e-01
1.004019752144813538e-02,1.433691196143627167e-02,7.831747531890869141e-01,9.995455145835876465e-01,2.807021082844585180e-04,2.967998012900352478e-02,-5.278065335005521774e-03,6.562105566263198853e-02,1.731861382722854614e-01,1.020094379782676697e-01,1.229761093854904175e-01,-1.799549311399459839e-01,-2.487903982400894165e-01,3.905962780117988586e-02,-4.345032200217247009e-02,-1.102451607584953308e-01,1.291722208261489868e-01,-2.522315382957458496e-01,1.460152268409729004e-01,1.010097004473209381e-02,-2.288136258721351624e-02,1.060840710997581482e-01,-1.298060081899166107e-02,2.918777167797088623e-01,-4.674313366413116455e-01,1.045855998992919922e+00,-3.131717443466186523e-01,1.166686192154884338e-01,2.001552134752273560e-01,4.042967781424522400e-02,-2.464324831962585449e-01,5.179831981658935547e-01,1.054813742637634277e+00,3.174351751804351807e-01,1.072309538722038269e-01,-1.752559989690780640e-01
1.130171678960323334e-02,8.418109267950057983e-03,7.841460108757019043e-01,9.994984269142150879e-01,4.615648649632930756e-03,3.087420947849750519e-02,-5.329614039510488510e-03,4.847621917724609375e-02,1.715815216302871704e-01,9.767633676528930664e-02,1.515402346849441528e-01,-1.687911450862884521e-01,-2.519178986549377441e-01,3.771740943193435669e-02,-4.508459568023681641e-02,-1.132900565862655640e-01,1.308369487524032593e-01,-2.596597969532012939e-01,1.439414769411087036e-01,9.836192242801189423e-03,-2.582775801420211792e-02,1.107269525527954102e-01,-9.652593173086643219e-03,2.888568341732025146e-01,-4.632968306541442871e-01,1.048621535301208496e+00,-3.126238286495208740e-01,1.216397359967231750e-01,1.935489326715469360e-01,4.350505769252777100e-02,-2.448545098304748535e-01,5.128040909767150879e-01,1.047637343406677246e+00,3.291535377502441406e-01,1.046779900789260864e-01,-1.755592674016952515e-01
1.266163587570190430e-02,2.322019310668110847e-03,7.852041125297546387e-01,9.994481205940246582e-01,8.709516376256942749e-03,3.170357644557952881e-02,-4.744926001876592636e-03,-5.305243656039237976e-03,1.732359677553176880e-01,8.211737871170043945e-02,2.649110853672027588e-01,-1.884080916643142700e-01,-2.504575252532958984e-01,3.958854451775550842e-02,-4.617945477366447449e-02,-1.155269593000411987e-01,1.291042119264602661e-01,-2.646677792072296143e-01,1.394425779581069946e-01,1.005178876221179962e-02,-2.644728869199752808e-02,1.166545152664184570e-01,-8.512503467500209808e-03,2.870916128158569336e-01,-4.608046114444732666e-01,1.046188950538635254e+00,-3.110449314117431641e-01,1.241044774651527405e-01,1.878582686185836792e-01,4.844439402222633362e-02,-2.433817535638809204e-01,5.044069290161132812e-01,1.037169098854064941e+00,3.402872085571289062e-01,1.010690852999687195e-01,-1.790381073951721191e-01
1.432600989937782288e-02,-3.128064330667257309e-03,7.854888439178466797e-01,9.994193911552429199e-01,1.175828464329242706e-02,3.165254369378089905e-02,-4.556396510452032089e-03,-7.634427398443222046e-02,1.761437803506851196e-01,7.425472140312194824e-02,4.199392199516296387e-01,-2.131310552358627319e-01,-2.386178970336914062e-01,4.513010755181312561e-02,-4.551395401358604431e-02,-1.158817037940025330e-01,1.250266432762145996e-01,-2.683062851428985596e-01,1.322003453969955444e-01,1.147324685007333755e-02,-2.225395664572715759e-02,1.251354664564132690e-01,-7.581057958304882050e-03,2.857017815113067627e-01,-4.618751108646392822e-01,1.040379047393798828e+00,-3.073211014270782471e-01,1.203418225049972534e-01,1.837237477302551270e-01,5.441337078809738159e-02,-2.458086013793945312e-01,5.008897781372070312e-01,1.029988050460815430e+00,3.534078598022460938e-01,9.738957881927490234e-02,-1.823293119668960571e-01
1.677024364471435547e-02,-7.057636976242065430e-03,7.855568528175354004e-01,9.993962645530700684e-01,1.537588983774185181e-02,3.074917756021022797e-02,-5.013720598071813583e-03,-1.470294147729873657e-01,1.818135678768157959e-01,8.692886680364608765e-02,5.851998925209045410e-01,-2.490640133619308472e-01,-2.116520851850509644e-01,5.277830734848976135e-02,-4.862344264984130859e-02,-1.162361875176429749e-01,1.244387254118919373e-01,-2.771195471286773682e-01,1.315812170505523682e-01,1.436239294707775116e-02,-1.781163737177848816e-02,1.348456293344497681e-01,-5.689433775842189789e-03,2.835422456264495850e-01,-4.659079015254974365e-01,1.031182527542114258e+00,-2.998785674571990967e-01,1.190663948655128479e-01,1.809886246919631958e-01,5.597333237528800964e-02,-2.531413137912750244e-01,5.007496476173400879e-01,1.025989890098571777e+00,3.655985295772552490e-01,9.698867052793502808e-02,-1.864228695631027222e-01
2.105507627129554749e-02,-1.042412780225276947e-02,7.853326797485351562e-01,9.993515014648437500e-01,1.929346658289432526e-02,2.984589897096157074e-02,-5.782971624284982681e-03,-2.017403841018676758e-01,1.917320340871810913e-01,1.166168525815010071e-01,7.128450274467468262e-01,-2.867790162563323975e-01,-1.805634796619415283e-01,6.245069205760955811e-02,-5.404495075345039368e-02,-1.177362129092216492e-01,1.252314895391464233e-01,-2.860254645347595215e-01,1.327547878026962280e-01,1.803855411708354950e-02,-1.400775182992219925e-02,1.429331749677658081e-01,-1.086092321202158928e-03,2.799922823905944824e-01,-4.717542827129364014e-01,1.024973750114440918e+00,-2.917021214962005615e-01,1.172838211059570312e-01,1.792493760585784912e-01,5.555346235632896423e-02,-2.622554302215576172e-01,5.021652579307556152e-01,1.029355645179748535e+00,3.771308958530426025e-01,9.729932993650436401e-02,-1.906114220619201660e-01
2.717445790767669678e-02,-1.337575819343328476e-02,7.851829528808593750e-01,9.992728233337402344e-01,2.332632429897785187e-02,2.950054220855236053e-02,-6.282351911067962646e-03,-2.388078421354293823e-01,1.901151388883590698e-01,1.365883201360702515e-01,7.729076147079467773e-01,-3.093437850475311279e-01,-1.702270954847335815e-01,7.423424720764160156e-02,-5.998462438583374023e-02,-1.191374734044075012e-01,1.244264766573905945e-01,-2.929449677467346191e-01,1.324132084846496582e-01,2.275388501584529877e-02,-1.152250356972217560e-02,1.478284299373626709e-01,6.590451579540967941e-03,2.765491902828216553e-01,-4.783961176872253418e-01,1.024378776550292969e+00,-2.852949500083923340e-01,1.157501637935638428e-01,1.760915815830230713e-01,5.519255995750427246e-02,-2.694146931171417236e-01,5.015109181404113770e-01,1.037828326225280762e+00,3.837640583515167236e-01,9.761563688516616821e-02,-1.940110027790069580e-01
3.491511568427085876e-02,-1.593963801860809326e-02,7.848823666572570801e-01,9.991703033447265625e-01,2.719230949878692627e-02,2.979009039700031281e-02,-5.649665370583534241e-03,-2.656300663948059082e-01,1.743733286857604980e-01,1.416725069284439087e-01,7.667909264564514160e-01,-3.105567097663879395e-01,-1.772613376379013062e-01,8.712564408779144287e-02,-6.590890884399414062e-02,-1.215539574623107910e-01,1.235263198614120483e-01,-2.994021773338317871e-01,1.301645487546920776e-01,2.785091474652290344e-02,-1.037911046296358109e-02,1.497804224491119385e-01,1.634833402931690216e-02,2.743153274059295654e-01,-4.852407872676849365e-01,1.028155207633972168e+00,-2.820520102977752686e-01,1.149253696203231812e-01,1.705720275640487671e-01,5.564248934388160706e-02,-2.736948132514953613e-01,5.012325644493103027e-01,1.045256972312927246e+00,3.858078420162200928e-01,9.799470752477645874e-02,-1.958471834659576416e-01
4.434467852115631104e-02,-1.795700192451477051e-02,7.840867042541503906e-01,9.990667700767517090e-01,3.020671755075454712e-02,3.060361556708812714e-02,-4.061776679009199142e-03,-2.866705060005187988e-01,1.576461046934127808e-01,1.426836401224136353e-01,7.123360037803649902e-01,-2.921949028968811035e-01,-1.874923557043075562e-01,1.006485447287559509e-01,-7.046552747488021851e-02,-1.250952929258346558e-01,1.240256205201148987e-01,-3.072578907012939453e-01,1.264075040817260742e-01,3.331512212753295898e-02,-9.682285599410533905e-03,1.497543454170227051e-01,2.808628417551517487e-02,2.737853527069091797e-01,-4.898833930492401123e-01,1.033547520637512207e+00,-2.813954353332519531e-01,1.144629716873168945e-01,1.642056703567504883e-01,5.674630030989646912e-02,-2.762720882892608643e-01,5.035699009895324707e-01,1.045868515968322754e+00,3.856080174446105957e-01,9.746398776769638062e-02,-1.964336037635803223e-01
5.541665479540824890e-02,-1.957600191235542297e-02,7.827504277229309082e-01,9.989873170852661133e-01,3.202283382415771484e-02,3.154788166284561157e-02,-1.884295255877077579e-03,-3.047408163547515869e-01,1.451119035482406616e-01,1.411087065935134888e-01,6.272411942481994629e-01,-2.552508413791656494e-01,-1.942438036203384399e-01,1.155594661831855774e-01,-7.314238697290420532e-02,-1.297902315855026245e-01,1.261151880025863647e-01,-3.172891438007354736e-01,1.219521015882492065e-01,3.941596671938896179e-02,-9.258926846086978912e-03,1.488065570592880249e-01,4.205771908164024353e-02,2.754372358322143555e-01,-4.921812713146209717e-01,1.039068460464477539e+00,-2.794589102268218994e-01,1.134553030133247375e-01,1.582866758108139038e-01,5.782632902264595032e-02,-2.775287330150604248e-01,5.071585774421691895e-01,1.038698196411132812e+00,3.831430077552795410e-01,9.652595221996307373e-02,-1.970473825931549072e-01
6.784635037183761597e-02,-2.078418433666229248e-02,7.809107899665832520e-01,9.989502429962158203e-01,3.254885599017143250e-02,3.223424032330513000e-02,3.394701343495398760e-05,-3.212791085243225098e-01,1.371240913867950439e-01,1.369754523038864136e-01,5.269409418106079102e-01,-2.016451805830001831e-01,-1.982111483812332153e-01,1.330471932888031006e-01,-7.360434532165527344e-02,-1.337956190109252930e-01,1.285379827022552490e-01,-3.293873071670532227e-01,1.186083778738975525e-01,4.601589962840080261e-02,-9.262898005545139313e-03,1.478583216667175293e-01,5.844170227646827698e-02,2.783184945583343506e-01,-4.918842315673828125e-01,1.044055104255676270e+00,-2.778548598289489746e-01,1.119204610586166382e-01,1.530193537473678589e-01,5.793400108814239502e-02,-2.769854068756103516e-01,5.116400122642517090e-01,1.026175260543823242e+00,3.812359273433685303e-01,9.486487507820129395e-02,-1.991509497165679932e-01
8.198948949575424194e-02,-2.150999940931797028e-02,7.783969044685363770e-01,9.989914894104003906e-01,3.135672584176063538e-02,3.213162347674369812e-02,5.846400745213031769e-04,-3.361448645591735840e-01,1.354450583457946777e-01,1.345826387405395508e-01,4.217750430107116699e-01,-1.380575001239776611e-01,-2.025556117296218872e-01,1.543640196323394775e-01,-7.082389295101165771e-02,-1.345227211713790894e-01,1.312421858310699463e-01,-3.435459434986114502e-01,1.161060780286788940e-01,5.341272056102752686e-02,-8.979095146059989929e-03,1.477430611848831177e-01,7.799027115106582642e-02,2.816594243049621582e-01,-4.893384873867034912e-01,1.048172116279602051e+00,-2.770553231239318848e-01,1.101839616894721985e-01,1.483337581157684326e-01,5.638520047068595886e-02,-2.747801840305328369e-01,5.186523199081420898e-01,1.010783314704895020e+00,3.781187236309051514e-01,9.304749220609664917e-02,-2.022015005350112915e-01
9.744571149349212646e-02,-2.159388735890388489e-02,7.750838398933410645e-01,9.991216659545898438e-01,2.830290421843528748e-02,3.086575493216514587e-02,-1.471382915042340755e-03,-3.500076830387115479e-01,1.411452293395996094e-01,1.379716545343399048e-01,3.231734931468963623e-01,-7.284455001354217529e-02,-2.105731815099716187e-01,1.800527423620223999e-01,-6.492149084806442261e-02,-1.303922086954116821e-01,1.340407431125640869e-01,-3.585596680641174316e-01,1.148613169789314270e-01,6.235498934984207153e-02,-8.163908496499061584e-03,1.491869986057281494e-01,1.002176031470298767e-01,2.843708693981170654e-01,-4.853250086307525635e-01,1.051530003547668457e+00,-2.771975398063659668e-01,1.094778925180435181e-01,1.449368596076965332e-01,5.289667844772338867e-02,-2.713663280010223389e-01,5.285152196884155273e-01,9.939727187156677246e-01,3.718239367008209229e-01,9.107588231563568115e-02,-2.050444185733795166e-01
1.142053380608558655e-01,-2.093152329325675964e-02,7.710806727409362793e-01,9.992882609367370605e-01,2.388007938861846924e-02,2.846966311335563660e-02,-6.505405530333518982e-03,-3.608100414276123047e-01,1.535485237836837769e-01,1.526523679494857788e-01,2.335204929113388062e-01,-7.366343867033720016e-03,-2.236724644899368286e-01,2.095062285661697388e-01,-5.721636489033699036e-02,-1.211302205920219421e-01,1.365999430418014526e-01,-3.730845451354980469e-01,1.159958988428115845e-01,7.295740395784378052e-02,-7.664500735700130463e-03,1.523724049329757690e-01,1.229381933808326721e-01,2.857857048511505127e-01,-4.820897579193115234e-01,1.054025411605834961e+00,-2.772363722324371338e-01,1.100800186395645142e-01,1.437153071165084839e-01,4.746981710195541382e-02,-2.670387029647827148e-01,5.412847995758056641e-01,9.771504998207092285e-01,3.596701323986053467e-01,8.904482424259185791e-02,-2.050421684980392456e-01
1.322233676910400391e-01,-1.926137134432792664e-02,7.664064168930053711e-01,9.994086623191833496e-01,1.828472502529621124e-02,2.498555183410644531e-02,-1.495468337088823318e-02,-3.739001750946044922e-01,1.748951822519302368e-01,1.816531121730804443e-01,1.654356420040130615e-01,4.219882935285568237e-02,-2.310989201068878174e-01,2.429180443286895752e-01,-4.897749796509742737e-02,-1.061564311385154724e-01,1.382688879966735840e-01,-3.858037590980529785e-01,1.199694126844406128e-01,8.546080440282821655e-02,-6.948569789528846741e-03,1.568546444177627563e-01,1.451783031225204468e-01,2.850584387779235840e-01,-4.808297455310821533e-01,1.055826663970947266e+00,-2.780461013317108154e-01,1.126675307750701904e-01,1.436728537082672119e-01,4.080945998430252075e-02,-2.621303796768188477e-01,5.560601949691772461e-01,9.605289101600646973e-01,3.448404073715209961e-01,8.799684047698974609e-02,-2.025088965892791748e-01
1.515223383903503418e-01,-1.619876548647880554e-02,7.610181570053100586e-01,9.993569254875183105e-01,1.180155295878648758e-02,2.019664086401462555e-02,-2.717796526849269867e-02,-3.913440704345703125e-01,2.041012346744537354e-01,2.182471752166748047e-01,1.258490085601806641e-01,5.952646210789680481e-02,-2.329555302858352661e-01,2.773078382015228271e-01,-4.094162210822105408e-02,-8.423447608947753906e-02,1.421096920967102051e-01,-3.963020741939544678e-01,1.251742094755172729e-01,1.010769903659820557e-01,-5.383865442126989365e-03,1.628562659025192261e-01,1.655207425355911255e-01,2.822888791561126709e-01,-4.832471311092376709e-01,1.055503368377685547e+00,-2.788842618465423584e-01,1.155494451522827148e-01,1.418639570474624634e-01,3.281953558325767517e-02,-2.574999034404754639e-01,5.687813758850097656e-01,9.443780183792114258e-01,3.248958587646484375e-01,8.842957019805908203e-02,-1.983504444360733032e-01
1.727795600891113281e-01,-1.171653810888528824e-02,7.551811337471008301e-01,9.990620017051696777e-01,4.809293895959854126e-03,1.352290902286767960e-02,-4.085523635149002075e-02,-4.096148610115051270e-01,2.360712736845016479e-01,2.482651323080062866e-01,1.112483963370323181e-01,4.001632705330848694e-02,-2.252090722322463989e-01,3.186161816120147705e-01,-3.610303625464439392e-02,-5.950172245502471924e-02,1.484247446060180664e-01,-4.056092500686645508e-01,1.331861317157745361e-01,1.135119199752807617e-01,-2.842736896127462387e-03,1.681051105260848999e-01,1.834718436002731323e-01,2.757437527179718018e-01,-4.856198728084564209e-01,1.056086421012878418e+00,-2.808066904544830322e-01,1.198015958070755005e-01,1.423807889223098755e-01,2.895580232143402100e-02,-2.526720762252807617e-01,5.797769427299499512e-01,9.269554615020751953e-01,3.130421042442321777e-01,9.035789221525192261e-02,-1.959095448255538940e-01
1.957088708877563477e-01,-6.006720475852489471e-03,7.495507597923278809e-01,9.984586834907531738e-01,-2.434089081361889839e-03,6.943674292415380478e-03,-5.501086264848709106e-02,-4.169273376464843750e-01,2.684721648693084717e-01,2.768465578556060791e-01,1.090601235628128052e-01,-2.538098779041320086e-04,-2.116323560476303101e-01,3.603479564189910889e-01,-3.583553433418273926e-02,-3.362728655338287354e-02,1.582256704568862915e-01,-4.085502326488494873e-01,1.442341059446334839e-01,1.219761595129966736e-01,5.161092267371714115e-04,1.688916236162185669e-01,2.018478065729141235e-01,2.657726705074310303e-01,-4.813803136348724365e-01,1.055392265319824219e+00,-2.817537188529968262e-01,1.247428730130195618e-01,1.479043066501617432e-01,3.133672848343849182e-02,-2.508315443992614746e-01,5.842366218566894531e-01,9.069418311119079590e-01,3.073013722896575928e-01,9.123779833316802979e-02,-1.981774568557739258e-01
2.224502265453338623e-01,1.562824472784996033e-04,7.461321949958801270e-01,9.978353381156921387e-01,-4.054589197039604187e-03,4.235068801790475845e-03,-6.550007313489913940e-02,-4.082989096641540527e-01,2.823998630046844482e-01,3.148563504219055176e-01,1.166505813598632812e-01,-6.946848239749670029e-03,-1.826866865158081055e-01,3.858558237552642822e-01,-5.171877890825271606e-02,-1.221195328980684280e-02,1.927027553319931030e-01,-4.061154723167419434e-01,1.562311649322509766e-01,1.224519908428192139e-01,-8.632416836917400360e-03,1.606184393167495728e-01,2.193998992443084717e-01,2.530573606491088867e-01,-4.674383699893951416e-01,1.057194828987121582e+00,-2.941204607486724854e-01,1.286676079034805298e-01,1.588738858699798584e-01,4.098134115338325500e-02,-2.509095668792724609e-01,5.804282426834106445e-01,8.887991905212402344e-01,2.967048287391662598e-01,9.034731239080429077e-02,-1.984165757894515991e-01
2.504357993602752686e-01,6.643174216151237488e-03,7.454457879066467285e-01,9.978678822517395020e-01,9.777361527085304260e-03,1.085142232477664948e-02,-6.361056864261627197e-02,-4.265144467353820801e-01,2.457042932510375977e-01,3.228943049907684326e-01,1.765826940536499023e-01,5.108817666769027710e-02,-1.402820795774459839e-01,3.593042790889739990e-01,-1.036999225616455078e-01,-3.565035387873649597e-02,3.111752271652221680e-01,-4.115800559520721436e-01,1.707004159688949585e-01,1.060052216053009033e-01,-5.258521065115928650e-02,1.314258575439453125e-01,2.146138250827789307e-01,2.456279546022415161e-01,-4.872779548168182373e-01,1.067632317543029785e+00,-2.379603981971740723e-01,1.380298137664794922e-01,1.596930176019668579e-01,5.809494480490684509e-02,-2.516828179359436035e-01,5.682395100593566895e-01,8.754298686981201172e-01,2.370430678129196167e-01,8.723068982362747192e-02,-1.641837805509567261e-01
2.779205143451690674e-01,1.099053584039211273e-02,7.454422116279602051e-01,9.979234337806701660e-01,2.463329210877418518e-02,1.486444752663373947e-02,-5.762902647256851196e-02,-4.471138119697570801e-01,2.022482454776763916e-01,2.989457249641418457e-01,2.722173929214477539e-01,3.888355568051338196e-02,-1.334733664989471436e-01,3.176310956478118896e-01,-1.567189693450927734e-01,-3.768615424633026123e-02,4.778139889240264893e-01,-3.826083540916442871e-01,1.825200617313385010e-01,9.315855056047439575e-02,-9.912790358066558838e-02,1.120443716645240784e-01,1.884850114583969116e-01,2.449559420347213745e-01,-5.171262621879577637e-01,1.092268586158752441e+00,-1.980883777141571045e-01,1.297760754823684692e-01,1.411796808242797852e-01,7.420232892036437988e-02,-2.466716319322586060e-01,5.372591018676757812e-01,8.829076886177062988e-01,2.112343460321426392e-01,6.899515539407730103e-02,-1.387268453836441040e-01
3.033617436885833740e-01,1.288610696792602539e-02,7.471274733543395996e-01,9.982173442840576172e-01,3.319858014583587646e-02,1.241505891084671021e-02,-4.801897704601287842e-02,-4.494701027870178223e-01,1.629513502120971680e-01,2.551210522651672363e-01,3.543462455272674561e-01,-8.822600357234477997e-03,-1.242549717426300049e-01,2.584976851940155029e-01,-1.811983138322830200e-01,-7.269258145242929459e-03,6.904597878456115723e-01,-3.027707338333129883e-01,1.791844218969345093e-01,7.779309898614883423e-02,-1.330874264240264893e-01,1.081624776124954224e-01,1.493932306766510010e-01,2.466874718666076660e-01,-5.298197865486145020e-01,1.130319833755493164e+00,-2.303971797227859497e-01,9.207039326429367065e-02,1.227341890335083008e-01,8.468932658433914185e-02,-2.347653508186340332e-01,4.895361959934234619e-01,9.183409214019775391e-01,2.174877375364303589e-01,3.855148330330848694e-02,-1.226604953408241272e-01
3.237671852111816406e-01,1.167018152773380280e-02,7.520307302474975586e-01,9.986734390258789062e-01,3.110996261239051819e-02,2.431930508464574814e-03,-4.095857962965965271e-02,-4.132587313652038574e-01,1.441842615604400635e-01,2.067634463310241699e-01,3.807211816310882568e-01,-4.476824775338172913e-02,-1.374734044075012207e-01,1.974260956048965454e-01,-1.575889140367507935e-01,4.632217064499855042e-02,8.924461007118225098e-01,-1.785291433334350586e-01,1.792429983615875244e-01,7.178966701030731201e-02,-1.460240036249160767e-01,1.236537247896194458e-01,1.010898500680923462e-01,2.496973574161529541e-01,-4.932942688465118408e-01,1.162790179252624512e+00,-3.498336374759674072e-01,1.500215940177440643e-02,1.176746040582656860e-01,8.004663139581680298e-02,-2.194749563932418823e-01,4.480222761631011963e-01,9.814574718475341797e-01,2.349967509508132935e-01,-1.092034205794334412e-02,-9.456572681665420532e-02
3.394031226634979248e-01,1.103717274963855743e-02,7.578948736190795898e-01,9.990603327751159668e-01,2.347140200436115265e-02,-9.740083478391170502e-03,-3.510961681604385376e-02,-3.545755147933959961e-01,1.525664478540420532e-01,1.957207173109054565e-01,3.729136288166046143e-01,-4.947513714432716370e-02,-1.634026169776916504e-01,1.747046560049057007e-01,-1.139740049839019775e-01,7.817507535219192505e-02,1.027902841567993164e+00,-8.991557359695434570e-02,2.304005473852157593e-01,7.501012086868286133e-02,-1.436825394630432129e-01,1.464927494525909424e-01,6.145402789115905762e-02,2.640444040298461914e-01,-4.603228271007537842e-01,1.167104125022888184e+00,-4.206260144710540771e-01,-3.439416736364364624e-02,1.262847334146499634e-01,8.050060272216796875e-02,-2.171342223882675171e-01,4.410077333450317383e-01,1.011864900588989258e+00,2.525685727596282959e-01,-3.039179928600788116e-02,-8.432716876268386841e-02
3.582059442996978760e-01,1.041326113045215607e-02,7.633954882621765137e-01,9.991089105606079102e-01,1.502271369099617004e-02,-2.149732410907745361e-02,-3.306942805647850037e-02,-2.984134852886199951e-01,1.653237640857696533e-01,1.816689819097518921e-01,3.688939511775970459e-01,-6.523631513118743896e-02,-1.720190942287445068e-01,1.457988470792770386e-01,-9.783650189638137817e-02,6.478676199913024902e-02,1.117879152297973633e+00,-5.717130750417709351e-02,2.363929301500320435e-01,7.121268659830093384e-02,-1.474442481994628906e-01,1.735336035490036011e-01,3.292925283312797546e-02,2.905872166156768799e-01,-4.624042510986328125e-01,1.164218068122863770e+00,-4.485274851322174072e-01,-5.556741729378700256e-02,1.300511062145233154e-01,7.512845844030380249e-02,-2.161122858524322510e-01,4.710199534893035889e-01,1.024773597717285156e+00,2.367884516716003418e-01,-3.958282992243766785e-02,-6.719851493835449219e-02
3.744947910308837891e-01,9.985045529901981354e-03,7.687885761260986328e-01,9.989747405052185059e-01,9.799154475331306458e-03,-3.042332641780376434e-02,-3.205916658043861389e-02,-2.420482933521270752e-01,1.716675013303756714e-01,1.774775236845016479e-01,3.495633006095886230e-01,-7.469242066144943237e-02,-1.744195073843002319e-01,1.074141636490821838e-01,-1.361392140388488770e-01,5.522795952856540680e-03,1.178217172622680664e+00,-9.026850759983062744e-02,2.253891676664352417e-01,6.506234407424926758e-02,-1.565791219472885132e-01,1.980970799922943115e-01,1.291117630898952484e-02,3.212726414203643799e-01,-4.772968888282775879e-01,1.154795885086059570e+00,-4.647372663021087646e-01,-6.454791128635406494e-02,1.271867603063583374e-01,6.491643935441970825e-02,-2.194319814443588257e-01,5.108359456062316895e-01,1.029806375503540039e+00,2.005139738321304321e-01,-4.056140780448913574e-02,-4.480738937854766846e-02
3.889075219631195068e-01,1.063482370227575302e-02,7.735373973846435547e-01,9.988295435905456543e-01,8.720763027667999268e-03,-3.459778428077697754e-02,-3.265844658017158508e-02,-1.898466199636459351e-01,1.696887016296386719e-01,1.843911409378051758e-01,3.163671195507049561e-01,-7.573443651199340820e-02,-1.701515018939971924e-01,5.751597881317138672e-02,-2.419922798871994019e-01,-1.021751910448074341e-01,1.208660483360290527e+00,-1.608515828847885132e-01,1.801813840866088867e-01,5.847041681408882141e-02,-1.702101528644561768e-01,2.185320854187011719e-01,6.286416901275515556e-04,3.522618114948272705e-01,-4.988234639167785645e-01,1.136207461357116699e+00,-4.686254560947418213e-01,-6.788425147533416748e-02,1.219557225704193115e-01,5.082203820347785950e-02,-2.275019437074661255e-01,5.475912690162658691e-01,1.027959108352661133e+00,1.654908210039138794e-01,-4.220819100737571716e-02,-2.565093897283077240e-02
4.013305306434631348e-01,1.133244857192039490e-02,7.777352333068847656e-01,9.987016320228576660e-01,7.788893301039934158e-03,-3.589044138789176941e-02,-3.530100360512733459e-02,-1.456799209117889404e-01,1.684209108352661133e-01,1.948580741882324219e-01,2.811343967914581299e-01,-7.355622202157974243e-02,-1.632310897111892700e-01,1.430567167699337006e-02,-3.647108078002929688e-01,-2.269457131624221802e-01,1.196024060249328613e+00,-2.173334509134292603e-01,1.051282286643981934e-01,5.267001688480377197e-02,-1.794802099466323853e-01,2.372794449329376221e-01,4.320659791119396687e-04,3.805418014526367188e-01,-5.184983015060424805e-01,1.109021306037902832e+00,-4.579656720161437988e-01,-6.852150708436965942e-02,1.204347535967826843e-01,3.451393917202949524e-02,-2.379614114761352539e-01,5.731661319732666016e-01,1.023433089256286621e+00,1.396577358245849609e-01,-4.580069333314895630e-02,-1.341226324439048767e-02
4.135173261165618896e-01,1.143704354763031006e-02,7.811819314956665039e-01,9.986233115196228027e-01,4.328722134232521057e-03,-3.564694896340370178e-02,-3.823672235012054443e-02,-1.129774972796440125e-01,1.747541278600692749e-01,2.023561596870422363e-01,2.542038261890411377e-01,-7.289145141839981079e-02,-1.583349257707595825e-01,-1.967070624232292175e-02,-4.299880266189575195e-01,-3.085898160934448242e-01,1.128506064414978027e+00,-2.357252687215805054e-01,6.243398040533065796e-02,4.852906242012977600e-02,-1.783400624990463257e-01,2.527085542678833008e-01,1.001846790313720703e-02,4.042996764183044434e-01,-5.354493260383605957e-01,1.079323410987854004e+00,-4.413589239120483398e-01,-6.742822378873825073e-02,1.228073462843894958e-01,2.039254084229469299e-02,-2.463506907224655151e-01,5.862694978713989258e-01,1.019934892654418945e+00,1.250428408384323120e-01,-5.033340305089950562e-02,-5.815483629703521729e-03
4.244006872177124023e-01,1.078885793685913086e-02,7.836825847625732422e-01,9.986090660095214844e-01,5.254418356344103813e-04,-3.390252590179443359e-02,-4.037599265575408936e-02,-8.975246548652648926e-02,1.826619803905487061e-01,2.070910334587097168e-01,2.327172607183456421e-01,-7.194096595048904419e-02,-1.535721719264984131e-01,-5.023816600441932678e-02,-4.432529211044311523e-01,-3.495476543903350830e-01,1.010763525962829590e+00,-2.243285328149795532e-01,6.824216246604919434e-02,4.522141441702842712e-02,-1.728499084711074829e-01,2.638288736343383789e-01,2.384875901043415070e-02,4.242947995662689209e-01,-5.488393902778625488e-01,1.051916122436523438e+00,-4.229479134082794189e-01,-6.572796404361724854e-02,1.290021240711212158e-01,6.790353450924158096e-03,-2.511540055274963379e-01,5.917668342590332031e-01,1.018493533134460449e+00,1.192361190915107727e-01,-5.580402165651321411e-02,-1.913228043122217059e-04
4.332396090030670166e-01,9.382843971252441406e-03,7.854027152061462402e-01,9.986598491668701172e-01,-1.931918784976005554e-03,-3.085410781204700470e-02,-4.150596261024475098e-02,-7.393883913755416870e-02,1.880503743886947632e-01,2.110495120286941528e-01,2.125308364629745483e-01,-6.844571232795715332e-02,-1.462907940149307251e-01,-7.142224907875061035e-02,-4.331206977367401123e-01,-3.746502697467803955e-01,8.515484929084777832e-01,-1.926285922527313232e-01,9.265591204166412354e-02,4.274613410234451294e-02,-1.675322651863098145e-01,2.716490328311920166e-01,4.146847501397132874e-02,4.409292042255401611e-01,-5.559426546096801758e-01,1.027872562408447266e+00,-4.028240442276000977e-01,-6.299564242362976074e-02,1.373208910226821899e-01,-6.449053995311260223e-03,-2.535021603107452393e-01,5.927792787551879883e-01,1.017908096313476562e+00,1.177511066198348999e-01,-5.965749546885490417e-02,3.530222224071621895e-03
4.407614767551422119e-01,7.152893580496311188e-03,7.867437005043029785e-01,9.987763762474060059e-01,-2.487961435690522194e-03,-2.635934203863143921e-02,-4.176915809512138367e-02,-6.354559212923049927e-02,1.898008435964584351e-01,2.144975066184997559e-01,1.903736740350723267e-01,-5.969351157546043396e-02,-1.371418982744216919e-01,-8.049912005662918091e-02,-4.103480875492095947e-01,-3.907102942466735840e-01,6.590520143508911133e-01,-1.341538131237030029e-01,1.255307942628860474e-01,4.186381027102470398e-02,-1.635275632143020630e-01,2.770034670829772949e-01,6.076094135642051697e-02,4.542758762836456299e-01,-5.556699037551879883e-01,1.009690999984741211e+00,-3.830295801162719727e-01,-5.987735465168952942e-02,1.447237879037857056e-01,-1.922897249460220337e-02,-2.537032067775726318e-01,5.901781320571899414e-01,1.017287015914916992e+00,1.199607923626899719e-01,-6.124584376811981201e-02,5.384055431932210922e-03
4.473422765731811523e-01,4.273247905075550079e-03,7.879170775413513184e-01,9.989209771156311035e-01,-4.426342202350497246e-04,-2.095704898238182068e-02,-4.144186526536941528e-02,-5.726085975766181946e-02,1.858247965574264526e-01,2.170793414115905762e-01,1.670144200325012207e-01,-4.590208828449249268e-02,-1.276605874300003052e-01,-8.126290142536163330e-02,-3.814901709556579590e-01,-3.870183527469635010e-01,4.607874453067779541e-01,-5.966777727007865906e-02,1.578881144523620605e-01,4.347580671310424805e-02,-1.612708121538162231e-01,2.813062071800231934e-01,7.721915096044540405e-02,4.638098776340484619e-01,-5.507385134696960449e-01,1.000786542892456055e+00,-3.707410693168640137e-01,-5.752492323517799377e-02,1.503654420375823975e-01,-3.179348260164260864e-02,-2.531166970729827881e-01,5.851328372955322266e-01,1.015293836593627930e+00,1.253592073917388916e-01,-6.218739971518516541e-02,6.273324601352214813e-03
4.531736373901367188e-01,6.295852363109588623e-04,7.884563207626342773e-01,9.990721940994262695e-01,3.042267402634024620e-03,-1.539336889982223511e-02,-4.010634496808052063e-02,-5.781830847263336182e-02,1.792869418859481812e-01,2.165875732898712158e-01,1.503188610076904297e-01,-3.358700871467590332e-02,-1.220435425639152527e-01,-7.731585949659347534e-02,-3.521578013896942139e-01,-3.604918718338012695e-01,2.920747697353363037e-01,9.261221624910831451e-03,1.871690452098846436e-01,4.619795083999633789e-02,-1.584348827600479126e-01,2.886574566364288330e-01,8.594808727502822876e-02,4.692966341972351074e-01,-5.404784679412841797e-01,1.002530574798583984e+00,-3.701428771018981934e-01,-5.587978661060333252e-02,1.547756642103195190e-01,-4.696000367403030396e-02,-2.533284425735473633e-01,5.797755718231201172e-01,1.010750174522399902e+00,1.331349164247512817e-01,-6.486482173204421997e-02,6.211613304913043976e-03
4.573340415954589844e-01,-3.844413440674543381e-03,7.877546548843383789e-01,9.992310404777526855e-01,7.044016383588314056e-03,-1.023126579821109772e-02,-3.719020262360572815e-02,-6.794639676809310913e-02,1.740168780088424683e-01,2.134015262126922607e-01,1.481561958789825439e-01,-2.814944460988044739e-02,-1.233145743608474731e-01,-6.820440292358398438e-02,-3.353840112686157227e-01,-3.542750775814056396e-01,1.849887222051620483e-01,3.784861043095588684e-02,2.059074491262435913e-01,4.838674888014793396e-02,-1.545745283365249634e-01,3.043025135993957520e-01,8.441986143589019775e-02,4.723511636257171631e-01,-5.215887427330017090e-01,1.014199495315551758e+00,-3.713558316230773926e-01,-5.466291680932044983e-02,1.602376550436019897e-01,-6.659130752086639404e-02,-2.559829056262969971e-01,5.757986307144165039e-01,9.996430873870849609e-01,1.445903480052947998e-01,-7.038738578557968140e-02,2.691655652597546577e-03
4.594246745109558105e-01,-8.398794569075107574e-03,7.861980199813842773e-01,9.993984103202819824e-01,1.169762387871742249e-02,-5.840393248945474625e-03,-3.212267905473709106e-02,-8.475247770547866821e-02,1.698768138885498047e-01,2.097795754671096802e-01,1.566655039787292480e-01,-2.262349426746368408e-02,-1.273788660764694214e-01,-5.439669638872146606e-02,-3.338025212287902832e-01,-3.880411088466644287e-01,1.342869549989700317e-01,3.364720568060874939e-02,2.159934788942337036e-01,5.131293460726737976e-02,-1.509440541267395020e-01,3.300983309745788574e-01,7.065748423337936401e-02,4.754351675510406494e-01,-5.025531649589538574e-01,1.029163479804992676e+00,-3.679278790950775146e-01,-5.255892500281333923e-02,1.678701788187026978e-01,-8.900150656700134277e-02,-2.624979019165039062e-01,5.718924999237060547e-01,9.761327505111694336e-01,1.564404517412185669e-01,-7.681059837341308594e-02,-4.010683391243219376e-03
4.593139290809631348e-01,-1.306025870144367218e-02,7.848823070526123047e-01,9.995617270469665527e-01,1.339426822960376740e-02,9.487565694143995643e-05,-2.639964967966079712e-02,-1.128488555550575256e-01,1.731757372617721558e-01,2.051853090524673462e-01,1.751812845468521118e-01,-1.831990294158458710e-02,-1.311634778976440430e-01,-5.503433197736740112e-02,-3.312048912048339844e-01,-4.171160161495208740e-01,1.222685948014259338e-01,4.456098005175590515e-02,2.261785417795181274e-01,5.346618592739105225e-02,-1.389625817537307739e-01,3.601852357387542725e-01,4.156952351331710815e-02,4.773892164230346680e-01,-4.852643311023712158e-01,1.043382763862609863e+00,-3.714703321456909180e-01,-4.865026846528053284e-02,1.740306764841079712e-01,-1.143455579876899719e-01,-2.748610973358154297e-01,5.736835002899169922e-01,9.403358101844787598e-01,1.670976281166076660e-01,-8.685560524463653564e-02,-1.350088603794574738e-02
4.563994407653808594e-01,-1.750870048999786377e-02,7.845215797424316406e-01,9.997328519821166992e-01,5.270828027278184891e-03,9.272124618291854858e-03,-2.050504088401794434e-02,-1.683835536241531372e-01,2.001074850559234619e-01,1.825971156358718872e-01,2.255737483501434326e-01,-2.583302557468414307e-02,-1.423955559730529785e-01,-7.337850332260131836e-02,-3.082206249237060547e-01,-4.359880089759826660e-01,1.198792159557342529e-01,4.683645442128181458e-02,2.141258418560028076e-01,5.395817384123802185e-02,-1.042718067765235901e-01,3.895111083984375000e-01,2.290230011567473412e-03,4.757248461246490479e-01,-4.698307216167449951e-01,1.051424145698547363e+00,-3.802477419376373291e-01,-4.183321073651313782e-02,1.703854203224182129e-01,-1.501755416393280029e-01,-2.933565974235534668e-01,5.772413611412048340e-01,9.052745103836059570e-01,1.746325194835662842e-01,-1.011952310800552368e-01,-1.789833046495914459e-02
4.522361159324645996e-01,-2.227276004850864410e-02,7.832215428352355957e-01,9.996784329414367676e-01,-5.742641165852546692e-03,2.036728523671627045e-02,-1.397229451686143875e-02,-2.399858683347702026e-01,2.303942888975143433e-01,1.441497504711151123e-01,2.860727310180664062e-01,-3.276390582323074341e-02,-1.684212237596511841e-01,-9.437970817089080811e-02,-2.772697210311889648e-01,-4.556246399879455566e-01,1.139430925250053406e-01,4.757678508758544922e-02,2.112096697092056274e-01,5.425637587904930115e-02,-6.637701392173767090e-02,4.203707575798034668e-01,-4.460914060473442078e-02,4.755801856517791748e-01,-4.569943845272064209e-01,1.048630714416503906e+00,-3.943339884281158447e-01,-3.516250103712081909e-02,1.662321984767913818e-01,-1.917728036642074585e-01,-3.156442046165466309e-01,5.795367956161499023e-01,8.737425804138183594e-01,1.758206039667129517e-01,-1.080689504742622375e-01,-2.110928855836391449e-02
4.472923576831817627e-01,-2.688923664391040802e-02,7.814049124717712402e-01,9.993396401405334473e-01,-1.440620888024568558e-02,3.259437158703804016e-02,-7.086654193699359894e-03,-3.105142712593078613e-01,2.518623769283294678e-01,1.090953052043914795e-01,3.313988447189331055e-01,-3.261730447411537170e-02,-2.113181352615356445e-01,-1.213542073965072632e-01,-2.559585869312286377e-01,-4.791773855686187744e-01,1.208395063877105713e-01,3.542439267039299011e-02,2.110566794872283936e-01,5.364108830690383911e-02,-4.091913253068923950e-02,4.534480869770050049e-01,-9.650799632072448730e-02,4.820760190486907959e-01,-4.512188136577606201e-01,1.036373734474182129e+00,-4.090437591075897217e-01,-3.479808941483497620e-02,1.641228944063186646e-01,-2.422315031290054321e-01,-3.380165100097656250e-01,5.842127203941345215e-01,8.546537756919860840e-01,1.677721887826919556e-01,-1.185471639037132263e-01,-2.120500430464744568e-02
4.442689120769500732e-01,-3.171686083078384399e-02,7.786061763763427734e-01,9.987542033195495605e-01,-1.964681223034858704e-02,4.577561095356941223e-02,-2.933779731392860413e-03,-3.749781847000122070e-01,2.811937332153320312e-01,1.115871146321296692e-01,3.641348779201507568e-01,-4.372183606028556824e-02,-2.299544215202331543e-01,-1.747576594352722168e-01,-2.513582408428192139e-01,-4.842392802238464355e-01,1.694524437189102173e-01,8.771017193794250488e-03,2.059909552335739136e-01,5.657603219151496887e-02,-2.936480380594730377e-02,4.846531450748443604e-01,-1.539663523435592651e-01,4.892950057983398438e-01,-4.438435733318328857e-01,1.025218129158020020e+00,-4.359996616840362549e-01,-3.541234135627746582e-02,1.680626571178436279e-01,-3.017413616180419922e-01,-3.577293157577514648e-01,5.962318181991577148e-01,8.515413403511047363e-01,1.584803164005279541e-01,-1.226273700594902039e-01,-2.067172154784202576e-02
4.408236145973205566e-01,-3.442238271236419678e-02,7.740618586540222168e-01,9.978259205818176270e-01,-2.573850750923156738e-02,6.057673320174217224e-02,-3.371489932760596275e-03,-4.437901377677917480e-01,3.390353620052337646e-01,1.454789936542510986e-01,4.059260189533233643e-01,-6.673323363065719604e-02,-2.229766994714736938e-01,-2.499433904886245728e-01,-2.520009875297546387e-01,-4.797234535217285156e-01,2.510984539985656738e-01,-2.945128828287124634e-02,1.980028301477432251e-01,6.073988974094390869e-02,-2.182134985923767090e-02,5.080437660217285156e-01,-2.084739059209823608e-01,4.940983355045318604e-01,-4.333538413047790527e-01,1.026893854141235352e+00,-4.650152623653411865e-01,-3.912210837006568909e-02,1.741465926170349121e-01,-3.751035630702972412e-01,-3.741567432880401611e-01,6.119783520698547363e-01,8.705516457557678223e-01,1.474903076887130737e-01,-1.236421018838882446e-01,-2.074363082647323608e-02
4.377886950969696045e-01,-3.622077405452728271e-02,7.674356698989868164e-01,9.963787198066711426e-01,-3.312003985047340393e-02,7.786872237920761108e-02,-8.305112831294536591e-03,-5.150774717330932617e-01,4.043128192424774170e-01,1.727159172296524048e-01,4.452653229236602783e-01,-7.630094885826110840e-02,-2.121804654598236084e-01,-3.370934724807739258e-01,-2.497994154691696167e-01,-4.709083139896392822e-01,3.388792276382446289e-01,-6.622173637151718140e-02,1.872000992298126221e-01,6.456200778484344482e-02,-1.690363697707653046e-02,5.203956961631774902e-01,-2.630277276039123535e-01,4.971417784690856934e-01,-4.253155887126922607e-01,1.045529603958129883e+00,-4.833572208881378174e-01,-4.352252930402755737e-02,1.782320737838745117e-01,-4.569339752197265625e-01,-3.846698701381683350e-01,6.289831995964050293e-01,9.088358879089355469e-01,1.341794878244400024e-01,-1.218899041414260864e-01,-2.003056742250919342e-02
4.343329966068267822e-01,-3.657422214746475220e-02,7.585668563842773438e-01,9.942656755447387695e-01,-4.014925658702850342e-02,9.781834483146667480e-02,-1.598104462027549744e-02,-5.906145572662353516e-01,4.559165537357330322e-01,1.765894442796707153e-01,4.882268607616424561e-01,-6.719545274972915649e-02,-2.233049571514129639e-01,-4.356998503208160400e-01,-2.476496696472167969e-01,-4.538031816482543945e-01,4.316287040710449219e-01,-1.042588949203491211e-01,1.742562800645828247e-01,6.409122794866561890e-02,-1.782289706170558929e-02,5.248223543167114258e-01,-3.174053728580474854e-01,5.002252459526062012e-01,-4.143955111503601074e-01,1.074232339859008789e+00,-4.957883954048156738e-01,-4.178820177912712097e-02,1.807001382112503052e-01,-5.413204431533813477e-01,-3.896222412586212158e-01,6.441377401351928711e-01,9.549257755279541016e-01,1.250520348548889160e-01,-1.093781441450119019e-01,-2.000004611909389496e-02
4.306413829326629639e-01,-3.542552143335342407e-02,7.483757734298706055e-01,9.917955398559570312e-01,-4.361667856574058533e-02,1.172389239072799683e-01,-2.634736336767673492e-02,-6.871947050094604492e-01,4.831214845180511475e-01,1.578745841979980469e-01,5.770586133003234863e-01,-9.136292338371276855e-02,-2.208977192640304565e-01,-5.406213998794555664e-01,-2.550948262214660645e-01,-4.310960173606872559e-01,5.381007194519042969e-01,-1.408054828643798828e-01,1.611260622739791870e-01,6.069584190845489502e-02,-3.001720830798149109e-02,5.257874727249145508e-01,-3.711575865745544434e-01,5.060878396034240723e-01,-4.101103544235229492e-01,1.111400246620178223e+00,-5.011929869651794434e-01,-3.565509244799613953e-02,1.863401681184768677e-01,-6.310310363769531250e-01,-3.927280902862548828e-01,6.567212939262390137e-01,9.931564927101135254e-01,1.207574903964996338e-01,-1.030529662966728210e-01,-1.416220981627702713e-02
4.272289872169494629e-01,-3.275530785322189331e-02,7.360209226608276367e-01,9.891718029975891113e-01,-4.255070909857749939e-02,1.359891444444656372e-01,-3.514893352985382080e-02,-7.955090999603271484e-01,4.969464838504791260e-01,1.348931044340133667e-01,6.903870105743408203e-01,-1.233427450060844421e-01,-2.131548821926116943e-01,-6.500281691551208496e-01,-2.747288346290588379e-01,-3.999525904655456543e-01,6.521397829055786133e-01,-1.769466400146484375e-01,1.518573909997940063e-01,4.937550053000450134e-02,-5.126908421516418457e-02,5.265522003173828125e-01,-4.278013706207275391e-01,5.135151147842407227e-01,-4.099381566047668457e-01,1.151692271232604980e+00,-5.070691108703613281e-01,-2.893617935478687286e-02,1.905335783958435059e-01,-7.185661196708679199e-01,-3.925554752349853516e-01,6.682427525520324707e-01,1.021677732467651367e+00,1.159585118293762207e-01,-1.004696339368820190e-01,-7.809743750840425491e-03
4.244721829891204834e-01,-2.942833490669727325e-02,7.213715910911560059e-01,9.862557649612426758e-01,-4.103318229317665100e-02,1.543072164058685303e-01,-4.248653352260589600e-02,-9.026312232017517090e-01,5.093460083007812500e-01,1.144322752952575684e-01,8.042780160903930664e-01,-1.586596965789794922e-01,-2.081318199634552002e-01,-7.583702206611633301e-01,-2.943969964981079102e-01,-3.677142560482025146e-01,7.611728310585021973e-01,-2.098496407270431519e-01,1.456934362649917603e-01,3.753871098160743713e-02,-6.755807250738143921e-02,5.277601480484008789e-01,-4.861390590667724609e-01,5.209323763847351074e-01,-4.110987782478332520e-01,1.187947154045104980e+00,-5.078145265579223633e-01,-2.423135191202163696e-02,1.945296674966812134e-01,-8.009240627288818359e-01,-3.943702578544616699e-01,6.793942451477050781e-01,1.044874548912048340e+00,1.119379326701164246e-01,-9.941542893648147583e-02,-8.116245153360068798e-04
4.219175875186920166e-01,-2.565092034637928009e-02,7.049608230590820312e-01,9.830224514007568359e-01,-3.917659819126129150e-02,1.725978553295135498e-01,-4.839487001299858093e-02,-1.008485674858093262e+00,5.192108154296875000e-01,9.341783076524734497e-02,9.149159789085388184e-01,-1.948698759078979492e-01,-2.027551978826522827e-01,-8.661836981773376465e-01,-3.139131069183349609e-01,-3.354095816612243652e-01,8.664680719375610352e-01,-2.424992471933364868e-01,1.411036103963851929e-01,2.964199520647525787e-02,-7.543890923261642456e-02,5.294629335403442383e-01,-5.443887710571289062e-01,5.260214805603027344e-01,-4.120959639549255371e-01,1.214757442474365234e+00,-5.004519224166870117e-01,-2.113810181617736816e-02,2.020595669746398926e-01,-8.778155446052551270e-01,-4.017488360404968262e-01,6.893699765205383301e-01,1.071505665779113770e+00,1.144994646310806274e-01,-1.001302376389503479e-01,7.455072365701198578e-03
4.193504452705383301e-01,-2.140438742935657501e-02,6.872607469558715820e-01,9.794986844062805176e-01,-3.637376800179481506e-02,1.908560097217559814e-01,-5.322901904582977295e-02,-1.111629962921142578e+00,5.248534083366394043e-01,7.175520062446594238e-02,1.019548773765563965e+00,-2.334639579057693481e-01,-1.958627849817276001e-01,-9.740025997161865234e-01,-3.349272310733795166e-01,-3.030886650085449219e-01,9.684711098670959473e-01,-2.750191986560821533e-01,1.383606344461441040e-01,2.658816799521446228e-02,-7.553859800100326538e-02,5.309868454933166504e-01,-6.003238558769226074e-01,5.256844758987426758e-01,-4.083339273929595947e-01,1.229957103729248047e+00,-4.872393906116485596e-01,-1.899699866771697998e-02,2.135943472385406494e-01,-9.492052197456359863e-01,-4.152411520481109619e-01,6.980157494544982910e-01,1.106295943260192871e+00,1.287028342485427856e-01,-1.014977097511291504e-01,1.761862076818943024e-02
4.169090986251831055e-01,-1.695986092090606689e-02,6.694502830505371094e-01,9.758048653602600098e-01,-3.268587216734886169e-02,2.085634469985961914e-01,-5.690254643559455872e-02,-1.209249854087829590e+00,5.267883539199829102e-01,5.178432539105415344e-02,1.114170670509338379e+00,-2.705630064010620117e-01,-1.870160996913909912e-01,-1.078113675117492676e+00,-3.559423983097076416e-01,-2.713121771812438965e-01,1.062001585960388184e+00,-3.045306503772735596e-01,1.376426815986633301e-01,2.832578681409358978e-02,-6.917081028223037720e-02,5.318253636360168457e-01,-6.515829563140869141e-01,5.185039639472961426e-01,-3.980405330657958984e-01,1.235553264617919922e+00,-4.738741517066955566e-01,-1.783385872840881348e-02,2.272891253232955933e-01,-1.012530922889709473e+00,-4.334093928337097168e-01,7.037819027900695801e-01,1.145595192909240723e+00,1.531443744897842407e-01,-1.018935739994049072e-01,2.773025818169116974e-02
4.145106077194213867e-01,-1.268571522086858749e-02,6.517330408096313477e-01,9.718189835548400879e-01,-2.860996499657630920e-02,2.261873930692672729e-01,-5.990486219525337219e-02,-1.303044199943542480e+00,5.269319415092468262e-01,3.350042551755905151e-02,1.199860453605651855e+00,-3.038744032382965088e-01,-1.787665784358978271e-01,-1.179971218109130859e+00,-3.748683929443359375e-01,-2.398113459348678589e-01,1.147305250167846680e+00,-3.288323283195495605e-01,1.384353339672088623e-01,3.421242907643318176e-02,-5.723324418067932129e-02,5.318303108215332031e-01,-7.000941038131713867e-01,5.055692791938781738e-01,-3.837578594684600830e-01,1.235995888710021973e+00,-4.628619253635406494e-01,-1.791423931717872620e-02,2.419349104166030884e-01,-1.067561984062194824e+00,-4.562110602855682373e-01,7.050172090530395508e-01,1.182415723800659180e+00,1.827406585216522217e-01,-1.015662178397178650e-01,3.521869331598281860e-02
4.121105074882507324e-01,-8.878351189196109772e-03,6.341530680656433105e-01,9.675124883651733398e-01,-2.474619448184967041e-02,2.435747683048248291e-01,-6.307562440633773804e-02,-1.393529891967773438e+00,5.279809832572937012e-01,1.620092242956161499e-02,1.278984665870666504e+00,-3.340595662593841553e-01,-1.721052676439285278e-01,-1.278689861297607422e+00,-3.897852599620819092e-01,-2.094020843505859375e-01,1.224467277526855469e+00,-3.480619490146636963e-01,1.406057775020599365e-01,4.351371526718139648e-02,-4.152810946106910706e-02,5.313231348991394043e-01,-7.445500493049621582e-01,4.897690117359161377e-01,-3.669045567512512207e-01,1.234276771545410156e+00,-4.527345299720764160e-01,-1.940388232469558716e-02,2.551409304141998291e-01,-1.114262342453002930e+00,-4.820217192173004150e-01,7.031005620956420898e-01,1.210681557655334473e+00,2.121296674013137817e-01,-1.018045917153358459e-01,4.042835533618927002e-02
4.099190533161163330e-01,-5.664820782840251923e-03,6.169166564941406250e-01,9.631757736206054688e-01,-2.106704562902450562e-02,2.597147822380065918e-01,-6.630863994359970093e-02,-1.477568268775939941e+00,5.299937129020690918e-01,4.911348223686218262e-04,1.352198839187622070e+00,-3.625231683254241943e-01,-1.674552261829376221e-01,-1.371150374412536621e+00,-4.010082185268402100e-01,-1.802595704793930054e-01,1.295060515403747559e+00,-3.653340041637420654e-01,1.444287896156311035e-01,5.452674999833106995e-02,-2.504200115799903870e-02,5.308872461318969727e-01,-7.832579612731933594e-01,4.733791947364807129e-01,-3.491320013999938965e-01,1.231639742851257324e+00,-4.435691237449645996e-01,-2.200688235461711884e-02,2.660479843616485596e-01,-1.151733875274658203e+00,-5.086209177970886230e-01,6.999620199203491211e-01,1.227515220642089844e+00,2.353631854057312012e-01,-1.037624403834342957e-01,4.360473528504371643e-02
4.081333279609680176e-01,-3.034666879102587700e-03,6.000061631202697754e-01,9.590145945549011230e-01,-1.773363724350929260e-02,2.741211354732513428e-01,-6.952768564224243164e-02,-1.554988145828247070e+00,5.331937670707702637e-01,-1.412511989474296570e-02,1.421147942543029785e+00,-3.896392583847045898e-01,-1.644810438156127930e-01,-1.456806659698486328e+00,-4.083535075187683105e-01,-1.513016074895858765e-01,1.361229538917541504e+00,-3.820850253105163574e-01,1.489394754171371460e-01,6.607562303543090820e-02,-8.737307041883468628e-03,5.307111144065856934e-01,-8.157599568367004395e-01,4.576060175895690918e-01,-3.321840167045593262e-01,1.228891611099243164e+00,-4.351841807365417480e-01,-2.480917796492576599e-02,2.746812403202056885e-01,-1.180498838424682617e+00,-5.343331694602966309e-01,6.961429119110107422e-01,1.234287381172180176e+00,2.545262575149536133e-01,-1.079433485865592957e-01,4.458174481987953186e-02
4.068686068058013916e-01,-1.042166375555098057e-03,5.829097032546997070e-01,9.552112221717834473e-01,-1.448147837072610855e-02,2.865523099899291992e-01,-7.245389372110366821e-02,-1.627581834793090820e+00,5.364046096801757812e-01,-2.889066189527511597e-02,1.488992810249328613e+00,-4.169133305549621582e-01,-1.626138836145401001e-01,-1.536938786506652832e+00,-4.134237170219421387e-01,-1.214403733611106873e-01,1.426740765571594238e+00,-4.009963274002075195e-01,1.540666669607162476e-01,7.635771483182907104e-02,6.445098668336868286e-03,5.311146974563598633e-01,-8.422250151634216309e-01,4.430003762245178223e-01,-3.153609335422515869e-01,1.225329756736755371e+00,-4.288526177406311035e-01,-2.722779661417007446e-02,2.826259434223175049e-01,-1.201560974121093750e+00,-5.590658187866210938e-01,6.912658810615539551e-01,1.231961488723754883e+00,2.708144187927246094e-01,-1.136434599757194519e-01,4.185104370117187500e-02
4.065262079238891602e-01,3.114577266387641430e-04,5.658707618713378906e-01,9.520279169082641602e-01,-1.120396703481674194e-02,2.964075803756713867e-01,-7.523217797279357910e-02,-1.693044900894165039e+00,5.395252704620361328e-01,-4.420451819896697998e-02,1.554920673370361328e+00,-4.448229372501373291e-01,-1.611198484897613525e-01,-1.610546231269836426e+00,-4.165516197681427002e-01,-9.058592468500137329e-02,1.491767048835754395e+00,-4.209107160568237305e-01,1.592469364404678345e-01,8.467567712068557739e-02,1.987081393599510193e-02,5.317001938819885254e-01,-8.602972030639648438e-01,4.298008978366851807e-01,-2.983227670192718506e-01,1.220795154571533203e+00,-4.260399639606475830e-01,-2.914310619235038757e-02,2.896957397460937500e-01,-1.212475299835205078e+00,-5.829836130142211914e-01,6.850708127021789551e-01,1.219015717506408691e+00,2.826650440692901611e-01,-1.194858998060226440e-01,3.424187004566192627e-02
4.070034623146057129e-01,1.108967466279864311e-03,5.493506789207458496e-01,9.498288035392761230e-01,-8.038297295570373535e-03,3.028666079044342041e-01,-7.766904681921005249e-02,-1.749994993209838867e+00,5.415669679641723633e-01,-6.156081706285476685e-02,1.618365406990051270e+00,-4.718766510486602783e-01,-1.598004251718521118e-01,-1.674916625022888184e+00,-4.177099168300628662e-01,-5.818576365709304810e-02,1.555667281150817871e+00,-4.402774274349212646e-01,1.649233549833297729e-01,9.114312380552291870e-02,3.171246871352195740e-02,5.322371125221252441e-01,-8.690293431282043457e-01,4.180331528186798096e-01,-2.795273363590240479e-01,1.213781476020812988e+00,-4.272804260253906250e-01,-3.042893670499324799e-02,2.944537997245788574e-01,-1.209933519363403320e+00,-6.061518788337707520e-01,6.763666272163391113e-01,1.193122982978820801e+00,2.895202636718750000e-01,-1.252969950437545776e-01,2.177154272794723511e-02
4.079915583133697510e-01,1.375755295157432556e-03,5.331838130950927734e-01,9.489938616752624512e-01,-5.019870121031999588e-03,3.050993978977203369e-01,-7.937127351760864258e-02,-1.796091794967651367e+00,5.416641235351562500e-01,-7.967637479305267334e-02,1.681046009063720703e+00,-4.993822574615478516e-01,-1.594953835010528564e-01,-1.728280901908874512e+00,-4.190985858440399170e-01,-2.507565356791019440e-02,1.620058894157409668e+00,-4.606254398822784424e-01,1.713982820510864258e-01,9.541559219360351562e-02,4.260504245758056641e-02,5.322889089584350586e-01,-8.678855299949645996e-01,4.072543084621429443e-01,-2.587462365627288818e-01,1.204195380210876465e+00,-4.342361688613891602e-01,-3.188979998230934143e-02,2.943066358566284180e-01,-1.191790580749511719e+00,-6.274307370185852051e-01,6.659631133079528809e-01,1.155202507972717285e+00,2.927568554878234863e-01,-1.313327848911285400e-01,7.869208231568336487e-03
4.092420935630798340e-01,1.259585376828908920e-03,5.169541835784912109e-01,9.495375156402587891e-01,-2.830200595781207085e-03,3.031341731548309326e-01,-8.049943298101425171e-02,-1.833626627922058105e+00,5.403580069541931152e-01,-1.007615849375724792e-01,1.744976401329040527e+00,-5.270456671714782715e-01,-1.608045399188995361e-01,-1.771551847457885742e+00,-4.200715124607086182e-01,7.827794179320335388e-03,1.686389923095703125e+00,-4.824192225933074951e-01,1.785476207733154297e-01,1.005353033542633057e-01,5.514829605817794800e-02,5.320374965667724609e-01,-8.592745661735534668e-01,3.961726725101470947e-01,-2.369862496852874756e-01,1.191320657730102539e+00,-4.426052868366241455e-01,-3.312366828322410583e-02,2.878632247447967529e-01,-1.157421469688415527e+00,-6.487195491790771484e-01,6.540633440017700195e-01,1.105411052703857422e+00,2.924153804779052734e-01,-1.383657753467559814e-01,-5.619845818728208542e-03
4.105749726295471191e-01,9.456124971620738506e-04,5.003724694252014160e-01,9.515132904052734375e-01,-1.265765633434057236e-03,2.968339323997497559e-01,-8.068680018186569214e-02,-1.862131476402282715e+00,5.366027951240539551e-01,-1.239453107118606567e-01,1.811036825180053711e+00,-5.550264716148376465e-01,-1.651513576507568359e-01,-1.805336356163024902e+00,-4.215759336948394775e-01,4.226030781865119934e-02,1.755493640899658203e+00,-5.067483186721801758e-01,1.881133466958999634e-01,1.064932197332382202e-01,6.969445943832397461e-02,5.317703485488891602e-01,-8.462297320365905762e-01,3.836579918861389160e-01,-2.171043902635574341e-01,1.176220655441284180e+00,-4.507378935813903809e-01,-3.473939001560211182e-02,2.746591866016387939e-01,-1.108510375022888184e+00,-6.699213385581970215e-01,6.415612101554870605e-01,1.048326730728149414e+00,2.911628484725952148e-01,-1.477077752351760864e-01,-1.697615161538124084e-02
4.117414355278015137e-01,5.875564529560506344e-04,4.832290410995483398e-01,9.546332359313964844e-01,-4.780934832524508238e-04,2.867289483547210693e-01,-8.038498461246490479e-02,-1.883788943290710449e+00,5.314465165138244629e-01,-1.500063687562942505e-01,1.879121780395507812e+00,-5.833749175071716309e-01,-1.726863086223602295e-01,-1.831629872322082520e+00,-4.224807322025299072e-01,7.823764532804489136e-02,1.826767563819885254e+00,-5.325414538383483887e-01,1.989738196134567261e-01,1.139802187681198120e-01,8.651052415370941162e-02,5.314345955848693848e-01,-8.310525417327880859e-01,3.692457675933837891e-01,-2.002105712890625000e-01,1.159579873085021973e+00,-4.569326341152191162e-01,-3.690438717603683472e-02,2.558270990848541260e-01,-1.049349665641784668e+00,-6.913971304893493652e-01,6.290124058723449707e-01,9.899275302886962891e-01,2.910425662994384766e-01,-1.593777984380722046e-01,-2.502152696251869202e-02
4.129200577735900879e-01,3.735926293302327394e-04,4.658507704734802246e-01,9.585796594619750977e-01,-1.266930630663409829e-04,2.731877565383911133e-01,-8.058234304189682007e-02,-1.897883057594299316e+00,5.270625352859497070e-01,-1.776708215475082397e-01,1.948525190353393555e+00,-6.124780774116516113e-01,-1.823670268058776855e-01,-1.850848674774169922e+00,-4.213825166225433350e-01,1.157830357551574707e-01,1.897885441780090332e+00,-5.590956211090087891e-01,2.111992090940475464e-01,1.232985928654670715e-01,1.048034578561782837e-01,5.307171344757080078e-01,-8.157063126564025879e-01,3.524537682533264160e-01,-1.881136745214462280e-01,1.142614603042602539e+00,-4.624175131320953369e-01,-4.059460014104843140e-02,2.336950302124023438e-01,-9.845165610313415527e-01,-7.117633223533630371e-01,6.161257624626159668e-01,9.372497200965881348e-01,2.921251654624938965e-01,-1.727959364652633667e-01,-3.013630211353302002e-02
4.141255915164947510e-01,5.546222091652452946e-04,4.489305019378662109e-01,9.626972675323486328e-01,7.220939005492255092e-05,2.579295039176940918e-01,-8.177009969949722290e-02,-1.906039237976074219e+00,5.242894291877746582e-01,-2.052068263292312622e-01,2.016096353530883789e+00,-6.414934396743774414e-01,-1.927699893712997437e-01,-1.864983916282653809e+00,-4.179563522338867188e-01,1.528500318527221680e-01,1.965035915374755859e+00,-5.849937200546264648e-01,2.224973142147064209e-01,1.334573328495025635e-01,1.227028295397758484e-01,5.295990109443664551e-01,-8.019679188728332520e-01,3.344653546810150146e-01,-1.791029870510101318e-01,1.127188444137573242e+00,-4.699429273605346680e-01,-4.584825038909912109e-02,2.116941660642623901e-01,-9.225574135780334473e-01,-7.297297716140747070e-01,6.028292775154113770e-01,8.952847123146057129e-01,2.956061661243438721e-01,-1.864542812108993530e-01,-3.268031030893325806e-02
4.154930114746093750e-01,1.140440697781741619e-03,4.330210089683532715e-01,9.664240479469299316e-01,7.782700704410672188e-04,2.428658306598663330e-01,-8.390476554632186890e-02,-1.910548567771911621e+00,5.227738618850708008e-01,-2.295668274164199829e-01,2.079088449478149414e+00,-6.684156656265258789e-01,-2.019079774618148804e-01,-1.877721428871154785e+00,-4.126050174236297607e-01,1.884671002626419067e-01,2.025892496109008789e+00,-6.072375774383544922e-01,2.318174540996551514e-01,1.419485509395599365e-01,1.374018043279647827e-01,5.282271504402160645e-01,-7.910140752792358398e-01,3.165768980979919434e-01,-1.689224392175674438e-01,1.116213321685791016e+00,-4.807505607604980469e-01,-5.170413106679916382e-02,1.931451112031936646e-01,-8.714826703071594238e-01,-7.447782158851623535e-01,5.901649594306945801e-01,8.657889366149902344e-01,3.016144037246704102e-01,-1.986540257930755615e-01,-3.338761255145072937e-02
4.169040024280548096e-01,2.011157106608152390e-03,4.184239804744720459e-01,9.695252180099487305e-01,2.006446942687034607e-03,2.290754020214080811e-01,-8.684021979570388794e-02,-1.914338231086730957e+00,5.223299860954284668e-01,-2.507939338684082031e-01,2.136489868164062500e+00,-6.910536289215087891e-01,-2.092121094465255737e-01,-1.890830874443054199e+00,-4.056858718395233154e-01,2.215956896543502808e-01,2.079501152038574219e+00,-6.242017745971679688e-01,2.384670674800872803e-01,1.474815309047698975e-01,1.479366272687911987e-01,5.269632339477539062e-01,-7.824776172637939453e-01,2.995598316192626953e-01,-1.546341329813003540e-01,1.111173868179321289e+00,-4.944714605808258057e-01,-5.752844363451004028e-02,1.786903291940689087e-01,-8.326348066329956055e-01,-7.576131820678710938e-01,5.763123631477355957e-01,8.455033898353576660e-01,3.098785281181335449e-01,-2.096913158893585205e-01,-3.391346707940101624e-02
4.181797206401824951e-01,3.102683229371905327e-03,4.056439995765686035e-01,9.720215797424316406e-01,3.287359606474637985e-03,2.167027741670608521e-01,-9.057138860225677490e-02,-1.917504549026489258e+00,5.227409601211547852e-01,-2.700785696506500244e-01,2.186504125595092773e+00,-7.094509601593017578e-01,-2.152111083269119263e-01,-1.903115153312683105e+00,-3.966591954231262207e-01,2.501615881919860840e-01,2.124774932861328125e+00,-6.356297135353088379e-01,2.427494227886199951e-01,1.510071456432342529e-01,1.550686359405517578e-01,5.257999300956726074e-01,-7.761359214782714844e-01,2.837084829807281494e-01,-1.372134536504745483e-01,1.111105680465698242e+00,-5.107562541961669922e-01,-6.399883329868316650e-02,1.670389771461486816e-01,-8.042142391204833984e-01,-7.682531476020812988e-01,5.605217814445495605e-01,8.313332796096801758e-01,3.193787634372711182e-01,-2.196953594684600830e-01,-3.388046473264694214e-02
4.191440939903259277e-01,4.217309877276420593e-03,3.952706754207611084e-01,9.740169644355773926e-01,4.555349703878164291e-03,2.057456523180007935e-01,-9.454637765884399414e-02,-1.919272184371948242e+00,5.237003564834594727e-01,-2.861915826797485352e-01,2.227440595626831055e+00,-7.227939963340759277e-01,-2.189021259546279907e-01,-1.912899374961853027e+00,-3.866663277149200439e-01,2.730662822723388672e-01,2.160534858703613281e+00,-6.426096558570861816e-01,2.455767691135406494e-01,1.525355726480484009e-01,1.587150543928146362e-01,5.248301625251770020e-01,-7.717915773391723633e-01,2.703249752521514893e-01,-1.190946623682975769e-01,1.114275813102722168e+00,-5.286828875541687012e-01,-7.123534381389617920e-02,1.583929210901260376e-01,-7.844187617301940918e-01,-7.746864557266235352e-01,5.410001873970031738e-01,8.232688307762145996e-01,3.302194476127624512e-01,-2.284395694732666016e-01,-3.274298831820487976e-02
4.196516871452331543e-01,5.149761680513620377e-03,3.875062465667724609e-01,9.755718111991882324e-01,5.400157533586025238e-03,1.964013874530792236e-01,-9.826968610286712646e-02,-1.918763756752014160e+00,5.244326591491699219e-01,-2.988603711128234863e-01,2.258195877075195312e+00,-7.320909500122070312e-01,-2.211115062236785889e-01,-1.918862938880920410e+00,-3.770835697650909424e-01,2.896947264671325684e-01,2.186657190322875977e+00,-6.464081406593322754e-01,2.475972622632980347e-01,1.531822830438613892e-01,1.606481820344924927e-01,5.241008996963500977e-01,-7.712238430976867676e-01,2.603318393230438232e-01,-1.032383665442466736e-01,1.118648409843444824e+00,-5.464299917221069336e-01,-7.842054218053817749e-02,1.520469337701797485e-01,-7.714067101478576660e-01,-7.763599157333374023e-01,5.171572566032409668e-01,8.212811350822448730e-01,3.448922038078308105e-01,-2.356822937726974487e-01,-3.010746464133262634e-02
4.196152091026306152e-01,5.833752453327178955e-03,3.825979232788085938e-01,9.767105579376220703e-01,5.511405877768993378e-03,1.889240294694900513e-01,-1.015576645731925964e-01,-1.915871500968933105e+00,5.255544185638427734e-01,-3.078298270702362061e-01,2.278337955474853516e+00,-7.376160621643066406e-01,-2.210176587104797363e-01,-1.920218944549560547e+00,-3.689042031764984131e-01,2.988606989383697510e-01,2.202576637268066406e+00,-6.469224691390991211e-01,2.492434531450271606e-01,1.538623720407485962e-01,1.625587493181228638e-01,5.236548781394958496e-01,-7.758439779281616211e-01,2.539821267127990723e-01,-9.059169888496398926e-02,1.123229384422302246e+00,-5.643091201782226562e-01,-8.613707870244979858e-02,1.470429301261901855e-01,-7.636150121688842773e-01,-7.729479074478149414e-01,4.870389699935913086e-01,8.252368569374084473e-01,3.661010861396789551e-01,-2.417500913143157959e-01,-2.426671236753463745e-02
4.191433787345886230e-01,6.296322681009769440e-03,3.805596530437469482e-01,9.774840474128723145e-01,4.527296405285596848e-03,1.833864897489547729e-01,-1.042776703834533691e-01,-1.910714149475097656e+00,5.268409848213195801e-01,-3.141874670982360840e-01,2.288702487945556641e+00,-7.400172948837280273e-01,-2.191320061683654785e-01,-1.915952682495117188e+00,-3.630275726318359375e-01,3.003249764442443848e-01,2.208490610122680664e+00,-6.451565623283386230e-01,2.501246631145477295e-01,1.554204672574996948e-01,1.658247858285903931e-01,5.232180356979370117e-01,-7.853290438652038574e-01,2.506960332393646240e-01,-7.985568791627883911e-02,1.127150297164916992e+00,-5.839891433715820312e-01,-9.470008313655853271e-02,1.434738636016845703e-01,-7.593501210212707520e-01,-7.646424770355224609e-01,4.495308399200439453e-01,8.332291245460510254e-01,3.982828557491302490e-01,-2.468477934598922729e-01,-1.369646284729242325e-02
4.181695580482482910e-01,6.495483685284852982e-03,3.812459409236907959e-01,9.779855012893676758e-01,2.693855203688144684e-03,1.795286387205123901e-01,-1.063324511051177979e-01,-1.903100609779357910e+00,5.271530151367187500e-01,-3.188202977180480957e-01,2.290106534957885742e+00,-7.402635812759399414e-01,-2.160578817129135132e-01,-1.906376838684082031e+00,-3.596300184726715088e-01,2.953915596008300781e-01,2.205752134323120117e+00,-6.416649818420410156e-01,2.497387975454330444e-01,1.569203138351440430e-01,1.699348688125610352e-01,5.225702524185180664e-01,-7.981072068214416504e-01,2.500482499599456787e-01,-6.975892931222915649e-02,1.129604935646057129e+00,-6.073353886604309082e-01,-1.053511947393417358e-01,1.400687843561172485e-01,-7.578601837158203125e-01,-7.517821192741394043e-01,4.068336784839630127e-01,8.428033590316772461e-01,4.464441537857055664e-01,-2.512166500091552734e-01,3.884422359988093376e-03
4.168955981731414795e-01,6.679703015834093094e-03,3.841879665851593018e-01,9.783221483230590820e-01,9.406487806700170040e-04,1.769761592149734497e-01,-1.075373589992523193e-01,-1.892002105712890625e+00,5.264261960983276367e-01,-3.196050822734832764e-01,2.284217596054077148e+00,-7.393107414245605469e-01,-2.125084251165390015e-01,-1.893063664436340332e+00,-3.594749569892883301e-01,2.872694730758666992e-01,2.196542263031005859e+00,-6.374067068099975586e-01,2.483835816383361816e-01,1.564063876867294312e-01,1.721641421318054199e-01,5.215796232223510742e-01,-8.130134344100952148e-01,2.522748410701751709e-01,-5.968161672353744507e-02,1.130748629570007324e+00,-6.314989328384399414e-01,-1.185570880770683289e-01,1.367964595556259155e-01,-7.600458264350891113e-01,-7.347475290298461914e-01,3.653352856636047363e-01,8.522645235061645508e-01,5.112016797065734863e-01,-2.557546794414520264e-01,2.732877992093563080e-02
4.154185950756072998e-01,6.917487364262342453e-03,3.882921040058135986e-01,9.785634279251098633e-01,-6.674442556686699390e-05,1.753680408000946045e-01,-1.079796850681304932e-01,-1.878197550773620605e+00,5.256728529930114746e-01,-3.164707720279693604e-01,2.274060726165771484e+00,-7.379670143127441406e-01,-2.096224725246429443e-01,-1.878195881843566895e+00,-3.614321351051330566e-01,2.786012589931488037e-01,2.184604406356811523e+00,-6.337223649024963379e-01,2.468364983797073364e-01,1.526025235652923584e-01,1.701631397008895874e-01,5.203230977058410645e-01,-8.276664018630981445e-01,2.578252851963043213e-01,-4.988235607743263245e-02,1.131358623504638672e+00,-6.520306468009948730e-01,-1.328767389059066772e-01,1.353950649499893188e-01,-7.667163014411926270e-01,-7.155708670616149902e-01,3.315699696540832520e-01,8.606572747230529785e-01,5.831947922706604004e-01,-2.599035501480102539e-01,5.253238976001739502e-02
4.137941896915435791e-01,7.203233428299427032e-03,3.926598131656646729e-01,9.787666797637939453e-01,-5.240428145043551922e-04,1.742468923330307007e-01,-1.079512611031532288e-01,-1.864023089408874512e+00,5.253037810325622559e-01,-3.119001984596252441e-01,2.262078762054443359e+00,-7.358638048171997070e-01,-2.081310451030731201e-01,-1.863312840461730957e+00,-3.643462061882019043e-01,2.700555622577667236e-01,2.172420501708984375e+00,-6.308791041374206543e-01,2.455248683691024780e-01,1.455620825290679932e-01,1.644382029771804810e-01,5.192854404449462891e-01,-8.401376008987426758e-01,2.658616304397583008e-01,-4.114991798996925354e-02,1.131715178489685059e+00,-6.672254800796508789e-01,-1.455764770507812500e-01,1.358440220355987549e-01,-7.772040963172912598e-01,-6.956665515899658203e-01,3.071388304233551025e-01,8.680587410926818848e-01,6.513762474060058594e-01,-2.636886239051818848e-01,7.364291697740554810e-02
4.121732711791992188e-01,7.414566352963447571e-03,3.967301547527313232e-01,9.790599942207336426e-01,-6.653126329183578491e-04,1.727906465530395508e-01,-1.076309308409690857e-01,-1.849697113037109375e+00,5.253020524978637695e-01,-3.070733547210693359e-01,2.250170230865478516e+00,-7.331310510635375977e-01,-2.079731076955795288e-01,-1.847520709037780762e+00,-3.677173852920532227e-01,2.616869807243347168e-01,2.161365747451782227e+00,-6.297364234924316406e-01,2.445920109748840332e-01,1.362767070531845093e-01,1.558780819177627563e-01,5.185429453849792480e-01,-8.499515652656555176e-01,2.746883034706115723e-01,-3.288021311163902283e-02,1.130852222442626953e+00,-6.816955804824829102e-01,-1.564370095729827881e-01,1.371098160743713379e-01,-7.893952727317810059e-01,-6.751274466514587402e-01,2.892347276210784912e-01,8.751817941665649414e-01,7.141302824020385742e-01,-2.674054503440856934e-01,8.982961624860763550e-02
4.106177985668182373e-01,7.489192299544811249e-03,4.000174105167388916e-01,9.795064926147460938e-01,-8.216568385250866413e-04,1.705206483602523804e-01,-1.071869656443595886e-01,-1.836357116699218750e+00,5.248347520828247070e-01,-3.040210902690887451e-01,2.240432500839233398e+00,-7.302571535110473633e-01,-2.092955559492111206e-01,-1.831709027290344238e+00,-3.710301518440246582e-01,2.548068761825561523e-01,2.152576446533203125e+00,-6.301729679107666016e-01,2.442211061716079712e-01,1.257937997579574585e-01,1.463635265827178955e-01,5.179681181907653809e-01,-8.566861748695373535e-01,2.822949290275573730e-01,-2.434352599084377289e-02,1.127833485603332520e+00,-6.944043040275573730e-01,-1.653583645820617676e-01,1.394468098878860474e-01,-8.010757565498352051e-01,-6.553210616111755371e-01,2.755899429321289062e-01,8.820074200630187988e-01,7.703554034233093262e-01,-2.708674073219299316e-01,1.020456403493881226e-01
4.092292189598083496e-01,7.467755116522312164e-03,4.021587967872619629e-01,9.801838397979736328e-01,-1.171658630482852459e-03,1.669051200151443481e-01,-1.066811382770538330e-01,-1.823798894882202148e+00,5.243993401527404785e-01,-3.023733794689178467e-01,2.234558582305908203e+00,-7.282301783561706543e-01,-2.113466560840606689e-01,-1.816008448600769043e+00,-3.744257390499114990e-01,2.501850128173828125e-01,2.146910429000854492e+00,-6.326509118080139160e-01,2.442589104175567627e-01,1.157886758446693420e-01,1.374225914478302002e-01,5.173443555831909180e-01,-8.607951402664184570e-01,2.869980633258819580e-01,-1.653404347598552704e-02,1.122539997100830078e+00,-7.072936296463012695e-01,-1.730880588293075562e-01,1.409700661897659302e-01,-8.107218146324157715e-01,-6.373798847198486328e-01,2.658441364765167236e-01,8.893287181854248047e-01,8.182816505432128906e-01,-2.732179164886474609e-01,1.116306930780410767e-01
4.081307351589202881e-01,7.474978454411029816e-03,4.029310047626495361e-01,9.810733199119567871e-01,-1.711157383397221565e-03,1.619132012128829956e-01,-1.061905473470687866e-01,-1.812050104141235352e+00,5.234528779983520508e-01,-3.026919960975646973e-01,2.233286857604980469e+00,-7.279274463653564453e-01,-2.140753269195556641e-01,-1.801319003105163574e+00,-3.776238262653350830e-01,2.480211108922958374e-01,2.145312786102294922e+00,-6.366504430770874023e-01,2.443102747201919556e-01,1.067724302411079407e-01,1.295098215341567993e-01,5.165110230445861816e-01,-8.625324368476867676e-01,2.885671555995941162e-01,-9.011249989271163940e-03,1.114549994468688965e+00,-7.214455008506774902e-01,-1.800265908241271973e-01,1.413035243749618530e-01,-8.181802034378051758e-01,-6.213772296905517578e-01,2.583917975425720215e-01,8.971459865570068359e-01,8.613343834877014160e-01,-2.740896344184875488e-01,1.200126111507415771e-01
4.074027836322784424e-01,7.829595357179641724e-03,4.021121561527252197e-01,9.821716547012329102e-01,-2.239017281681299210e-03,1.555355340242385864e-01,-1.055583953857421875e-01,-1.801035284996032715e+00,5.222076773643493652e-01,-3.044013977050781250e-01,2.237066268920898438e+00,-7.297156453132629395e-01,-2.171425968408584595e-01,-1.788314938545227051e+00,-3.808286786079406738e-01,2.491351962089538574e-01,2.148661375045776367e+00,-6.426230072975158691e-01,2.445380240678787231e-01,9.842253476381301880e-02,1.223513707518577576e-01,5.155094861984252930e-01,-8.619700074195861816e-01,2.874799668788909912e-01,-2.373091178014874458e-03,1.104661226272583008e+00,-7.381307482719421387e-01,-1.866545230150222778e-01,1.393470466136932373e-01,-8.231518864631652832e-01,-6.074236631393432617e-01,2.527091503143310547e-01,9.048850536346435547e-01,9.009373784065246582e-01,-2.736531198024749756e-01,1.281434595584869385e-01
4.069221615791320801e-01,8.390525355935096741e-03,3.997060358524322510e-01,9.834664463996887207e-01,-2.757760230451822281e-03,1.476835459470748901e-01,-1.047650277614593506e-01,-1.790204405784606934e+00,5.208402872085571289e-01,-3.073874413967132568e-01,2.245601892471313477e+00,-7.336795926094055176e-01,-2.207038551568984985e-01,-1.777155518531799316e+00,-3.839749097824096680e-01,2.535485327243804932e-01,2.157143115997314453e+00,-6.505432724952697754e-01,2.446481585502624512e-01,9.032048285007476807e-02,1.154516115784645081e-01,5.144783258438110352e-01,-8.592656254768371582e-01,2.845779657363891602e-01,3.624226199463009834e-03,1.093802332878112793e+00,-7.587285041809082031e-01,-1.932244151830673218e-01,1.339134126901626587e-01,-8.259097337722778320e-01,-5.943996310234069824e-01,2.475412786006927490e-01,9.125662446022033691e-01,9.394244551658630371e-01,-2.725525498390197754e-01,1.375627219676971436e-01
4.063709974288940430e-01,9.264734573662281036e-03,3.957735598087310791e-01,9.848874807357788086e-01,-2.980899065732955933e-03,1.386203914880752563e-01,-1.037890538573265076e-01,-1.779796242713928223e+00,5.193291902542114258e-01,-3.112138211727142334e-01,2.258507251739501953e+00,-7.396981120109558105e-01,-2.242939025163650513e-01,-1.768617987632751465e+00,-3.864733576774597168e-01,2.625634074211120605e-01,2.170755386352539062e+00,-6.598193645477294922e-01,2.450287789106369019e-01,8.177430182695388794e-02,1.079616844654083252e-01,5.136550664901733398e-01,-8.550957441329956055e-01,2.809392213821411133e-01,9.197646751999855042e-03,1.082380294799804688e+00,-7.825766801834106445e-01,-1.997149139642715454e-01,1.252513676881790161e-01,-8.274305462837219238e-01,-5.821437239646911621e-01,2.426752448081970215e-01,9.197453260421752930e-01,9.771350026130676270e-01,-2.715406119823455811e-01,1.480893939733505249e-01
4.056382477283477783e-01,1.055259257555007935e-02,3.907209932804107666e-01,9.863800406455993652e-01,-2.781166927888989449e-03,1.284733265638351440e-01,-1.026707738637924194e-01,-1.769052267074584961e+00,5.175795555114746094e-01,-3.148506283760070801e-01,2.274528503417968750e+00,-7.474602460861206055e-01,-2.281590402126312256e-01,-1.762285828590393066e+00,-3.884352147579193115e-01,2.752994000911712646e-01,2.188139438629150391e+00,-6.707893610000610352e-01,2.452635616064071655e-01,7.270687818527221680e-02,9.915483742952346802e-02,5.132591724395751953e-01,-8.494274616241455078e-01,2.777334451675415039e-01,1.413063053041696548e-02,1.069951057434082031e+00,-8.093258142471313477e-01,-2.065590918064117432e-01,1.145302131772041321e-01,-8.288553953170776367e-01,-5.702189803123474121e-01,2.380291372537612915e-01,9.271342158317565918e-01,1.015592455863952637e+00,-2.709150314331054688e-01,1.586821526288986206e-01
4.045243859291076660e-01,1.204609870910644531e-02,3.846639692783355713e-01,9.878571629524230957e-01,-1.998482970520853996e-03,1.175369694828987122e-01,-1.015839576721191406e-01,-1.758600592613220215e+00,5.154221653938293457e-01,-3.184067010879516602e-01,2.293217182159423828e+00,-7.560107707977294922e-01,-2.318035215139389038e-01,-1.758839607238769531e+00,-3.892540633678436279e-01,2.919773757457733154e-01,2.208480119705200195e+00,-6.818468570709228516e-01,2.458764314651489258e-01,6.296543031930923462e-02,8.817990869283676147e-02,5.132403969764709473e-01,-8.425741195678710938e-01,2.758282721042633057e-01,1.828117109835147858e-02,1.056682825088500977e+00,-8.384001851081848145e-01,-2.134629637002944946e-01,1.032159551978111267e-01,-8.313262462615966797e-01,-5.586443543434143066e-01,2.338691800832748413e-01,9.343298077583312988e-01,1.055038809776306152e+00,-2.709597945213317871e-01,1.680968403816223145e-01
4.029243290424346924e-01,1.348893344402313232e-02,3.780301809310913086e-01,9.891797900199890137e-01,-1.041497802361845970e-03,1.065406054258346558e-01,-1.008532717823982239e-01,-1.749395251274108887e+00,5.131083726882934570e-01,-3.231685161590576172e-01,2.313235759735107422e+00,-7.648286819458007812e-01,-2.352531105279922485e-01,-1.758297324180603027e+00,-3.880700767040252686e-01,3.106275796890258789e-01,2.229878425598144531e+00,-6.910061240196228027e-01,2.470152825117111206e-01,5.347863957285881042e-02,7.629534602165222168e-02,5.134016275405883789e-01,-8.349753022193908691e-01,2.755975127220153809e-01,2.214811928570270538e-02,1.042747974395751953e+00,-8.649192452430725098e-01,-2.203177213668823242e-01,9.248131513595581055e-02,-8.350494503974914551e-01,-5.488434433937072754e-01,2.311844229698181152e-01,9.399005770683288574e-01,1.090985536575317383e+00,-2.725325822830200195e-01,1.750188916921615601e-01
4.008450210094451904e-01,1.465600449591875076e-02,3.714796900749206543e-01,9.903244972229003906e-01,-2.990865323226898909e-04,9.584926068782806396e-02,-1.003502085804939270e-01,-1.741529822349548340e+00,5.099935531616210938e-01,-3.294243216514587402e-01,2.332648038864135742e+00,-7.732266187667846680e-01,-2.378413528203964233e-01,-1.758202433586120605e+00,-3.853491842746734619e-01,3.285758495330810547e-01,2.250301837921142578e+00,-6.985501646995544434e-01,2.487204372882843018e-01,4.488917812705039978e-02,6.455868482589721680e-02,5.135122537612915039e-01,-8.274161219596862793e-01,2.765597701072692871e-01,2.491133287549018860e-02,1.027363538742065430e+00,-8.862366676330566406e-01,-2.268912345170974731e-01,8.361659944057464600e-02,-8.395003676414489746e-01,-5.409173965454101562e-01,2.309571951627731323e-01,9.438276290893554688e-01,1.120272994041442871e+00,-2.748282551765441895e-01,1.784947812557220459e-01
3.984976112842559814e-01,1.560872141271829605e-02,3.658898770809173584e-01,9.912900924682617188e-01,-3.686526033561676741e-04,8.589178323745727539e-02,-9.983186423778533936e-02,-1.734972357749938965e+00,5.060263276100158691e-01,-3.363557159900665283e-01,2.349400043487548828e+00,-7.793617844581604004e-01,-2.393666058778762817e-01,-1.756728649139404297e+00,-3.818337321281433105e-01,3.429582715034484863e-01,2.267296791076660156e+00,-7.030085921287536621e-01,2.506197690963745117e-01,3.849619626998901367e-02,5.513397604227066040e-02,5.135977864265441895e-01,-8.212914466857910156e-01,2.775542140007019043e-01,2.566986531019210815e-02,1.011353850364685059e+00,-8.998855948448181152e-01,-2.321359068155288696e-01,7.990282028913497925e-02,-8.428432941436767578e-01,-5.350185036659240723e-01,2.328033447265625000e-01,9.454589486122131348e-01,1.142683863639831543e+00,-2.782689034938812256e-01,1.778721213340759277e-01
3.961355686187744141e-01,1.637480035424232483e-02,3.617159128189086914e-01,9.920751452445983887e-01,-1.709902193397283554e-03,7.688596844673156738e-02,-9.936042875051498413e-02,-1.728980064392089844e+00,5.019444823265075684e-01,-3.445909619331359863e-01,2.362132549285888672e+00,-7.833272814750671387e-01,-2.395738363265991211e-01,-1.751335501670837402e+00,-3.786913454532623291e-01,3.508794307708740234e-01,2.279650449752807617e+00,-7.047275304794311523e-01,2.520503103733062744e-01,3.508349135518074036e-02,4.996655881404876709e-02,5.138361454010009766e-01,-8.180440068244934082e-01,2.770016789436340332e-01,2.399416826665401459e-02,9.985190629959106445e-01,-9.065260291099548340e-01,-2.341783344745635986e-01,8.092422038316726685e-02,-8.440520167350769043e-01,-5.306545495986938477e-01,2.345726639032363892e-01,9.453767538070678711e-01,1.157142043113708496e+00,-2.815453112125396729e-01,1.741343587636947632e-01
3.938744664192199707e-01,1.689393818378448486e-02,3.593274652957916260e-01,9.927577376365661621e-01,-4.478487651795148849e-03,6.820651143789291382e-02,-9.879221022129058838e-02,-1.720544219017028809e+00,4.984219670295715332e-01,-3.533650934696197510e-01,2.370395421981811523e+00,-7.859548330307006836e-01,-2.393933981657028198e-01,-1.739404082298278809e+00,-3.775163590908050537e-01,3.517519831657409668e-01,2.286473512649536133e+00,-7.052795290946960449e-01,2.526013553142547607e-01,3.447528555989265442e-02,4.910560697317123413e-02,5.138098597526550293e-01,-8.167362213134765625e-01,2.741091549396514893e-01,2.097611315548419952e-02,9.900290369987487793e-01,-9.080088734626770020e-01,-2.347590923309326172e-01,8.491246402263641357e-02,-8.421328067779541016e-01,-5.259806513786315918e-01,2.348539233207702637e-01,9.453539252281188965e-01,1.165468215942382812e+00,-2.841384410858154297e-01,1.711973845958709717e-01
3.915944397449493408e-01,1.720901578664779663e-02,3.583121895790100098e-01,9.933311939239501953e-01,-8.271219208836555481e-03,5.994561687111854553e-02,-9.813888370990753174e-02,-1.710597753524780273e+00,4.955886006355285645e-01,-3.630810081958770752e-01,2.374735355377197266e+00,-7.881770133972167969e-01,-2.394596934318542480e-01,-1.722422122955322266e+00,-3.777982592582702637e-01,3.471377491950988770e-01,2.289152383804321289e+00,-7.056105136871337891e-01,2.525779604911804199e-01,3.577382117509841919e-02,5.132680013775825500e-02,5.136190056800842285e-01,-8.169733285903930664e-01,2.695108652114868164e-01,1.813307777047157288e-02,9.862759113311767578e-01,-9.065675735473632812e-01,-2.338127791881561279e-01,9.013485908508300781e-02,-8.376435041427612305e-01,-5.202252268791198730e-01,2.324042767286300659e-01,9.453515410423278809e-01,1.173173308372497559e+00,-2.875896692276000977e-01,1.692429631948471069e-01
3.890457451343536377e-01,1.735337823629379272e-02,3.581984341144561768e-01,9.938274621963500977e-01,-1.235307380557060242e-02,5.216703936457633972e-02,-9.712406992912292480e-02,-1.699919462203979492e+00,4.927344918251037598e-01,-3.726837038993835449e-01,2.375450611114501953e+00,-7.903757691383361816e-01,-2.397110909223556519e-01,-1.702197194099426270e+00,-3.794271945953369141e-01,3.392614722251892090e-01,2.289258003234863281e+00,-7.066313028335571289e-01,2.518508434295654297e-01,3.776390105485916138e-02,5.472221225500106812e-02,5.134457349777221680e-01,-8.182334899902343750e-01,2.646127939224243164e-01,1.538413669914007187e-02,9.851917624473571777e-01,-9.053873419761657715e-01,-2.325062900781631470e-01,9.535782784223556519e-02,-8.318864703178405762e-01,-5.131410956382751465e-01,2.273255437612533569e-01,9.454912543296813965e-01,1.184334754943847656e+00,-2.925617992877960205e-01,1.681664288043975830e-01
3.861730992794036865e-01,1.748729869723320007e-02,3.587644100189208984e-01,9.942606091499328613e-01,-1.613159291446208954e-02,4.478801414370536804e-02,-9.581054747104644775e-02,-1.688416123390197754e+00,4.900204539299011230e-01,-3.810213804244995117e-01,2.372975587844848633e+00,-7.914529442787170410e-01,-2.401862591505050659e-01,-1.680305600166320801e+00,-3.819361627101898193e-01,3.308217227458953857e-01,2.287472009658813477e+00,-7.081288099288940430e-01,2.506044805049896240e-01,3.959246352314949036e-02,5.734388902783393860e-02,5.133280158042907715e-01,-8.196966648101806641e-01,2.607120275497436523e-01,1.347492635250091553e-02,9.842529892921447754e-01,-9.037665724754333496e-01,-2.320653051137924194e-01,1.012027636170387268e-01,-8.262913823127746582e-01,-5.039343237876892090e-01,2.194827795028686523e-01,9.454042315483093262e-01,1.202502489089965820e+00,-2.991499900817871094e-01,1.682228595018386841e-01
3.831279277801513672e-01,1.759801059961318970e-02,3.596498370170593262e-01,9.946345686912536621e-01,-1.909942552447319031e-02,3.790074959397315979e-02,-9.434428066015243530e-02,-1.676964044570922852e+00,4.876965582370758057e-01,-3.871108889579772949e-01,2.368396997451782227e+00,-7.909368872642517090e-01,-2.406002432107925415e-01,-1.659018516540527344e+00,-3.847690522670745850e-01,3.234165310859680176e-01,2.284891366958618164e+00,-7.098186612129211426e-01,2.492383271455764771e-01,4.049427807331085205e-02,5.773045495152473450e-02,5.133128762245178223e-01,-8.217840790748596191e-01,2.586667537689208984e-01,1.359544415026903152e-02,9.827756285667419434e-01,-9.022679328918457031e-01,-2.321606725454330444e-01,1.082522124052047729e-01,-8.218601942062377930e-01,-4.923979043960571289e-01,2.091539800167083740e-01,9.453470706939697266e-01,1.228854179382324219e+00,-3.065031468868255615e-01,1.707045882940292358e-01
3.802319169044494629e-01,1.755684986710548401e-02,3.607127964496612549e-01,9.949477314949035645e-01,-2.122966945171356201e-02,3.153276816010475159e-02,-9.291937202215194702e-02,-1.665487647056579590e+00,4.863104820251464844e-01,-3.905287981033325195e-01,2.362576961517333984e+00,-7.894061803817749023e-01,-2.413410097360610962e-01,-1.639062285423278809e+00,-3.880036175251007080e-01,3.169819414615631104e-01,2.281900644302368164e+00,-7.123642563819885254e-01,2.479044497013092041e-01,4.062458127737045288e-02,5.548876151442527771e-02,5.135119557380676270e-01,-8.243042230606079102e-01,2.586419582366943359e-01,1.697627268731594086e-02,9.801940917968750000e-01,-9.032541513442993164e-01,-2.333856225013732910e-01,1.169801205396652222e-01,-8.186954855918884277e-01,-4.788525402545928955e-01,1.965937912464141846e-01,9.463545083999633789e-01,1.264861941337585449e+00,-3.154206275939941406e-01,1.751069724559783936e-01
3.778617978096008301e-01,1.729419454932212830e-02,3.615351915359497070e-01,9.952016472816467285e-01,-2.251780778169631958e-02,2.584991604089736938e-02,-9.164285659790039062e-02,-1.654885053634643555e+00,4.861396253108978271e-01,-3.915713727474212646e-01,2.357272624969482422e+00,-7.881978750228881836e-01,-2.420723736286163330e-01,-1.622192025184631348e+00,-3.912510573863983154e-01,3.124876320362091064e-01,2.279891967773437500e+00,-7.162469625473022461e-01,2.469740957021713257e-01,3.979217261075973511e-02,5.072287097573280334e-02,5.140134096145629883e-01,-8.257018327713012695e-01,2.605451345443725586e-01,2.399305999279022217e-02,9.774737358093261719e-01,-9.063695669174194336e-01,-2.363445311784744263e-01,1.261955499649047852e-01,-8.165800571441650391e-01,-4.642631113529205322e-01,1.851485669612884521e-01,9.488704800605773926e-01,1.306753396987915039e+00,-3.251435756683349609e-01,1.803222298622131348e-01
3.760977387428283691e-01,1.685735955834388733e-02,3.619655072689056396e-01,9.953985214233398438e-01,-2.309648878872394562e-02,2.099100872874259949e-02,-9.059621393680572510e-02,-1.645062804222106934e+00,4.865753948688507080e-01,-3.912987112998962402e-01,2.353482007980346680e+00,-7.884379029273986816e-01,-2.425173372030258179e-01,-1.609015226364135742e+00,-3.934507966041564941e-01,3.103128671646118164e-01,2.279659509658813477e+00,-7.209368944168090820e-01,2.465329617261886597e-01,3.794266283512115479e-02,4.399344697594642639e-02,5.146150588989257812e-01,-8.256363868713378906e-01,2.638736665248870850e-01,3.438527509570121765e-02,9.749860763549804688e-01,-9.112943410873413086e-01,-2.400101572275161743e-01,1.344809234142303467e-01,-8.154689669609069824e-01,-4.495455920696258545e-01,1.767431944608688354e-01,9.519606232643127441e-01,1.347118377685546875e+00,-3.340731561183929443e-01,1.839337199926376343e-01
3.748015761375427246e-01,1.636086590588092804e-02,3.621113300323486328e-01,9.955571889877319336e-01,-2.319314144551753998e-02,1.693119294941425323e-02,-8.967354148626327515e-02,-1.636048436164855957e+00,4.856953322887420654e-01,-3.918398320674896240e-01,2.350698947906494141e+00,-7.888085246086120605e-01,-2.428200840950012207e-01,-1.598833918571472168e+00,-3.944078683853149414e-01,3.100271821022033691e-01,2.280755281448364258e+00,-7.248638868331909180e-01,2.464460730552673340e-01,3.493686020374298096e-02,3.631096333265304565e-02,5.148994922637939453e-01,-8.239398002624511719e-01,2.676849067211151123e-01,4.757895693182945251e-02,9.712347388267517090e-01,-9.179106950759887695e-01,-2.435403466224670410e-01,1.422364860773086548e-01,-8.139619231224060059e-01,-4.352111816406250000e-01,1.702118515968322754e-01,9.528965950012207031e-01,1.382501125335693359e+00,-3.423596322536468506e-01,1.851471811532974243e-01
3.740421831607818604e-01,1.584072038531303406e-02,3.622913360595703125e-01,9.957028031349182129e-01,-2.298617735505104065e-02,1.335609517991542816e-02,-8.870835602283477783e-02,-1.627274155616760254e+00,4.831987917423248291e-01,-3.925090134143829346e-01,2.347936630249023438e+00,-7.886523604393005371e-01,-2.433677911758422852e-01,-1.590346574783325195e+00,-3.947338163852691650e-01,3.108350336551666260e-01,2.281466960906982422e+00,-7.270039319992065430e-01,2.467965930700302124e-01,3.210048377513885498e-02,2.877571806311607361e-02,5.147279500961303711e-01,-8.219257593154907227e-01,2.704927921295166016e-01,6.143635138869285583e-02,9.649417996406555176e-01,-9.244623184204101562e-01,-2.475254684686660767e-01,1.506480872631072998e-01,-8.108040690422058105e-01,-4.218059480190277100e-01,1.639457494020462036e-01,9.505109190940856934e-01,1.412197351455688477e+00,-3.496944904327392578e-01,1.842961311340332031e-01
3.735699951648712158e-01,1.529280934482812881e-02,3.626478910446166992e-01,9.958300590515136719e-01,-2.271979302167892456e-02,1.043924596160650253e-02,-8.773432672023773193e-02,-1.619064927101135254e+00,4.804776608943939209e-01,-3.925104141235351562e-01,2.345001697540283203e+00,-7.885102629661560059e-01,-2.439495474100112915e-01,-1.583520770072937012e+00,-3.948533833026885986e-01,3.115271031856536865e-01,2.281161308288574219e+00,-7.276621460914611816e-01,2.472262382507324219e-01,2.968214824795722961e-02,2.228866331279277802e-02,5.144873857498168945e-01,-8.205625414848327637e-01,2.725399136543273926e-01,7.397545874118804932e-02,9.584230184555053711e-01,-9.279879927635192871e-01,-2.511895895004272461e-01,1.589746177196502686e-01,-8.064455986022949219e-01,-4.101461172103881836e-01,1.579429358243942261e-01,9.465091824531555176e-01,1.435721039772033691e+00,-3.558588325977325439e-01,1.817522495985031128e-01
3.730917572975158691e-01,1.478844508528709412e-02,3.631860613822937012e-01,9.959244132041931152e-01,-2.266153134405612946e-02,8.241549134254455566e-03,-8.690888434648513794e-02,-1.612104773521423340e+00,4.789869189262390137e-01,-3.921788930892944336e-01,2.341968774795532227e+00,-7.883962988853454590e-01,-2.446772009134292603e-01,-1.577862024307250977e+00,-3.952343761920928955e-01,3.113161027431488037e-01,2.279835224151611328e+00,-7.273265123367309570e-01,2.475085556507110596e-01,2.798356115818023682e-02,1.738865673542022705e-02,5.144776701927185059e-01,-8.205515146255493164e-01,2.741034924983978271e-01,8.499659597873687744e-02,9.530937671661376953e-01,-9.286523461341857910e-01,-2.539556324481964111e-01,1.660860329866409302e-01,-8.017007708549499512e-01,-4.005452096462249756e-01,1.532497107982635498e-01,9.422414898872375488e-01,1.455680727958679199e+00,-3.617175817489624023e-01,1.790720671415328979e-01
3.723764121532440186e-01,1.437005866318941116e-02,3.638789355754852295e-01,9.960025548934936523e-01,-2.264160849153995514e-02,6.578347180038690567e-03,-8.615609258413314819e-02,-1.606068015098571777e+00,4.786038100719451904e-01,-3.913593590259552002e-01,2.338767051696777344e+00,-7.881976366043090820e-01,-2.452926188707351685e-01,-1.572698950767517090e+00,-3.958374857902526855e-01,3.108830153942108154e-01,2.277977466583251953e+00,-7.271142005920410156e-01,2.476770132780075073e-01,2.650269120931625366e-02,1.330007985234260559e-02,5.146707892417907715e-01,-8.212319016456604004e-01,2.754893004894256592e-01,9.430032223463058472e-02,9.491048455238342285e-01,-9.265518784523010254e-01,-2.559705972671508789e-01,1.726172268390655518e-01,-7.974561452865600586e-01,-3.927235007286071777e-01,1.496682167053222656e-01,9.377714991569519043e-01,1.472197413444519043e+00,-3.669571876525878906e-01,1.761454343795776367e-01
3.713756501674652100e-01,1.410515047609806061e-02,3.647598922252655029e-01,9.960615038871765137e-01,-2.255128696560859680e-02,5.327032413333654404e-03,-8.558360487222671509e-02,-1.600394845008850098e+00,4.792757332324981689e-01,-3.901585936546325684e-01,2.335314989089965820e+00,-7.879962325096130371e-01,-2.454034984111785889e-01,-1.567371606826782227e+00,-3.963192701339721680e-01,3.104719221591949463e-01,2.275568723678588867e+00,-7.276089191436767578e-01,2.477017790079116821e-01,2.530478499829769135e-02,9.727228432893753052e-03,5.149007439613342285e-01,-8.214970231056213379e-01,2.768132388591766357e-01,1.023587659001350403e-01,9.453675150871276855e-01,-9.232231378555297852e-01,-2.574670612812042236e-01,1.792278289794921875e-01,-7.937911748886108398e-01,-3.866836726665496826e-01,1.469630897045135498e-01,9.328330159187316895e-01,1.486853837966918945e+00,-3.718335032463073730e-01,1.737458556890487671e-01
3.702341914176940918e-01,1.390446256846189499e-02,3.657271862030029297e-01,9.961051940917968750e-01,-2.244879119098186493e-02,4.391903057694435120e-03,-8.515413105487823486e-02,-1.595173120498657227e+00,4.800892174243927002e-01,-3.890888690948486328e-01,2.331675529479980469e+00,-7.878977656364440918e-01,-2.452731579542160034e-01,-1.562271118164062500e+00,-3.966498076915740967e-01,3.098500669002532959e-01,2.272965431213378906e+00,-7.284197807312011719e-01,2.476804405450820923e-01,2.414460666477680206e-02,7.012095768004655838e-03,5.148823857307434082e-01,-8.210823535919189453e-01,2.780381739139556885e-01,1.090262085199356079e-01,9.407468438148498535e-01,-9.192375540733337402e-01,-2.587465345859527588e-01,1.858004778623580933e-01,-7.910456657409667969e-01,-3.824410438537597656e-01,1.443691700696945190e-01,9.271521568298339844e-01,1.498389005661010742e+00,-3.760497272014617920e-01,1.716248989105224609e-01
3.692492246627807617e-01,1.372198201715946198e-02,3.668670952320098877e-01,9.961451292037963867e-01,-2.216606400907039642e-02,3.529834095388650894e-03,-8.480036258697509766e-02,-1.589160680770874023e+00,4.811785519123077393e-01,-3.870769143104553223e-01,2.327591896057128906e+00,-7.881519198417663574e-01,-2.449765503406524658e-01,-1.556584835052490234e+00,-3.969373404979705811e-01,3.088459372520446777e-01,2.270038843154907227e+00,-7.296110987663269043e-01,2.474244534969329834e-01,2.323281206190586090e-02,4.643014632165431976e-03,5.147315263748168945e-01,-8.203134536743164062e-01,2.792346775531768799e-01,1.143658384680747986e-01,9.350659251213073730e-01,-9.146160483360290527e-01,-2.604303061962127686e-01,1.919596791267395020e-01,-7.890345454216003418e-01,-3.795057535171508789e-01,1.415475457906723022e-01,9.211746454238891602e-01,1.508571267127990723e+00,-3.800328373908996582e-01,1.692562699317932129e-01
3.684680461883544922e-01,1.357954647392034531e-02,3.680752813816070557e-01,9.961869716644287109e-01,-2.179179154336452484e-02,2.791505306959152222e-03,-8.443247526884078979e-02,-1.583016753196716309e+00,4.821348488330841064e-01,-3.847472071647644043e-01,2.323422908782958984e+00,-7.886393070220947266e-01,-2.447616457939147949e-01,-1.550749778747558594e+00,-3.976916670799255371e-01,3.077126741409301758e-01,2.266834974288940430e+00,-7.309679985046386719e-01,2.471174746751785278e-01,2.218594960868358612e-02,2.750960178673267365e-03,5.145413279533386230e-01,-8.191325068473815918e-01,2.805782258510589600e-01,1.182456389069557190e-01,9.289010763168334961e-01,-9.082918763160705566e-01,-2.618699073791503906e-01,1.982273757457733154e-01,-7.867802381515502930e-01,-3.778666853904724121e-01,1.386275142431259155e-01,9.152410626411437988e-01,1.517060756683349609e+00,-3.831740617752075195e-01,1.671872884035110474e-01
3.677445948123931885e-01,1.352938264608383179e-02,3.693276941776275635e-01,9.962239861488342285e-01,-2.143629267811775208e-02,2.167428145185112953e-03,-8.410454541444778442e-02,-1.577111482620239258e+00,4.832847714424133301e-01,-3.820719122886657715e-01,2.319433450698852539e+00,-7.890325784683227539e-01,-2.447468489408493042e-01,-1.545271158218383789e+00,-3.986855447292327881e-01,3.064295351505279541e-01,2.263396978378295898e+00,-7.317209243774414062e-01,2.470188438892364502e-01,2.122182212769985199e-02,1.427174080163240433e-03,5.145261287689208984e-01,-8.183308243751525879e-01,2.818268239498138428e-01,1.209421232342720032e-01,9.236077666282653809e-01,-9.011598229408264160e-01,-2.631355822086334229e-01,2.038549631834030151e-01,-7.843541502952575684e-01,-3.770187497138977051e-01,1.356831043958663940e-01,9.102137684822082520e-01,1.523950934410095215e+00,-3.857243657112121582e-01,1.645203232765197754e-01
3.669624030590057373e-01,1.360985264182090759e-02,3.705905377864837646e-01,9.962621927261352539e-01,-2.122463285923004150e-02,1.693246071226894855e-03,-8.371514081954956055e-02,-1.571876764297485352e+00,4.846591949462890625e-01,-3.796157836914062500e-01,2.315434694290161133e+00,-7.889984250068664551e-01,-2.449520975351333618e-01,-1.539820909500122070e+00,-4.001543819904327393e-01,3.048559129238128662e-01,2.259738683700561523e+00,-7.318154573440551758e-01,2.471074461936950684e-01,2.032458782196044922e-02,8.038161904551088810e-04,5.144916176795959473e-01,-8.180369138717651367e-01,2.827985584735870361e-01,1.228250414133071899e-01,9.198934435844421387e-01,-8.947772383689880371e-01,-2.630620300769805908e-01,2.093360573053359985e-01,-7.817683219909667969e-01,-3.766892254352569580e-01,1.325685977935791016e-01,9.056559205055236816e-01,1.529180407524108887e+00,-3.882933557033538818e-01,1.619783043861389160e-01
3.661277592182159424e-01,1.392053626477718353e-02,3.719745576381683350e-01,9.962987899780273438e-01,-2.112285234034061432e-02,1.316635170951485634e-03,-8.331144601106643677e-02,-1.566910028457641602e+00,4.861984848976135254e-01,-3.770630061626434326e-01,2.311089515686035156e+00,-7.886345386505126953e-01,-2.449293881654739380e-01,-1.534226417541503906e+00,-4.020754992961883545e-01,3.028769791126251221e-01,2.255674123764038086e+00,-7.312785387039184570e-01,2.471653223037719727e-01,1.952737569808959961e-02,8.032651967369019985e-04,5.143356919288635254e-01,-8.181736469268798828e-01,2.836000025272369385e-01,1.239476203918457031e-01,9.178457856178283691e-01,-8.901183605194091797e-01,-2.624526023864746094e-01,2.139678597450256348e-01,-7.792819738388061523e-01,-3.767071962356567383e-01,1.294325292110443115e-01,9.019990563392639160e-01,1.532644510269165039e+00,-3.904109001159667969e-01,1.595209836959838867e-01
3.653828203678131104e-01,1.446920447051525116e-02,3.735019862651824951e-01,9.963326454162597656e-01,-2.115675620734691620e-02,9.632771252654492855e-04,-8.290177583694458008e-02,-1.562278509140014648e+00,4.877567291259765625e-01,-3.744479119777679443e-01,2.306231021881103516e+00,-7.878276109695434570e-01,-2.445570528507232666e-01,-1.528262734413146973e+00,-4.044519364833831787e-01,3.001120984554290771e-01,2.250993967056274414e+00,-7.307342886924743652e-01,2.469500154256820679e-01,1.882109977304935455e-02,1.352656399831175804e-03,5.139989852905273438e-01,-8.185201883316040039e-01,2.842947840690612793e-01,1.240917593240737915e-01,9.172452092170715332e-01,-8.871747255325317383e-01,-2.619767487049102783e-01,2.178682088851928711e-01,-7.776113748550415039e-01,-3.768400847911834717e-01,1.264297366142272949e-01,8.989617228507995605e-01,1.533323764801025391e+00,-3.920503854751586914e-01,1.571816354990005493e-01
3.648039400577545166e-01,1.513662096112966537e-02,3.751316070556640625e-01,9.963589906692504883e-01,-2.128709293901920319e-02,4.511894076131284237e-04,-8.255494385957717896e-02,-1.557392835617065430e+00,4.893503785133361816e-01,-3.718079626560211182e-01,2.300967693328857422e+00,-7.865137457847595215e-01,-2.440280020236968994e-01,-1.521963953971862793e+00,-4.071267545223236084e-01,2.967320382595062256e-01,2.246017932891845703e+00,-7.304506897926330566e-01,2.464778870344161987e-01,1.839249953627586365e-02,2.074466086924076080e-03,5.136823654174804688e-01,-8.183512091636657715e-01,2.849040925502777100e-01,1.232011690735816956e-01,9.172757267951965332e-01,-8.866546154022216797e-01,-2.615087628364562988e-01,2.204184532165527344e-01,-7.771379947662353516e-01,-3.766102194786071777e-01,1.238300278782844543e-01,8.971503376960754395e-01,1.534191489219665527e+00,-3.934897780418395996e-01,1.561996489763259888e-01
3.643757104873657227e-01,1.573007367551326752e-02,3.767262101173400879e-01,9.963752627372741699e-01,-2.138789929449558258e-02,-8.573908417019993067e-05,-8.233371376991271973e-02,-1.552946805953979492e+00,4.908984303474426270e-01,-3.696960508823394775e-01,2.295468807220458984e+00,-7.845110297203063965e-01,-2.433213740587234497e-01,-1.515781521797180176e+00,-4.093525111675262451e-01,2.929598391056060791e-01,2.240959644317626953e+00,-7.305238246917724609e-01,2.459280937910079956e-01,1.810108311474323273e-02,2.643066225573420525e-03,5.133994221687316895e-01,-8.176493048667907715e-01,2.853858470916748047e-01,1.212863922119140625e-01,9.178767800331115723e-01,-8.893234729766845703e-01,-2.616345584392547607e-01,2.222646772861480713e-01,-7.778594493865966797e-01,-3.761568665504455566e-01,1.218547001481056213e-01,8.955605626106262207e-01,1.535587072372436523e+00,-3.943074047565460205e-01,1.562637686729431152e-01
3.640518188476562500e-01,1.617529056966304779e-02,3.781458139419555664e-01,9.963892102241516113e-01,-2.154043875634670258e-02,-9.156049345619976521e-04,-8.212061226367950439e-02,-1.548365950584411621e+00,4.921516776084899902e-01,-3.678312003612518311e-01,2.290450811386108398e+00,-7.824796438217163086e-01,-2.430422306060791016e-01,-1.509479761123657227e+00,-4.114167988300323486e-01,2.894411981105804443e-01,2.236264228820800781e+00,-7.310121655464172363e-01,2.451077401638031006e-01,1.792000606656074524e-02,2.631145063787698746e-03,5.133557915687561035e-01,-8.165441751480102539e-01,2.858888208866119385e-01,1.185495331883430481e-01,9.179808497428894043e-01,-8.951368331909179688e-01,-2.617320716381072998e-01,2.226610481739044189e-01,-7.798964381217956543e-01,-3.750056326389312744e-01,1.208017393946647644e-01,8.952477574348449707e-01,1.539603233337402344e+00,-3.944990932941436768e-01,1.583020836114883423e-01
3.636822998523712158e-01,1.632713899016380310e-02,3.791963756084442139e-01,9.963971972465515137e-01,-2.182155102491378784e-02,-1.879356685094535351e-03,-8.193253725767135620e-02,-1.544651865959167480e+00,4.929302036762237549e-01,-3.672496080398559570e-01,2.286515712738037109e+00,-7.805393338203430176e-01,-2.431272715330123901e-01,-1.503994107246398926e+00,-4.122625887393951416e-01,2.865004539489746094e-01,2.232576370239257812e+00,-7.312169671058654785e-01,2.442308217287063599e-01,1.784712634980678558e-02,2.235468011349439621e-03,5.133698582649230957e-01,-8.151101469993591309e-01,2.864237129688262939e-01,1.159090325236320496e-01,9.167159199714660645e-01,-9.034714102745056152e-01,-2.617076933383941650e-01,2.216684520244598389e-01,-7.826599478721618652e-01,-3.735612928867340088e-01,1.197794899344444275e-01,8.955154418945312500e-01,1.544767379760742188e+00,-3.938386142253875732e-01,1.610090583562850952e-01
3.631401360034942627e-01,1.608992367982864380e-02,3.796889483928680420e-01,9.964072704315185547e-01,-2.213542163372039795e-02,-2.989921718835830688e-03,-8.169216662645339966e-02,-1.541892886161804199e+00,4.931184351444244385e-01,-3.674596250057220459e-01,2.284345388412475586e+00,-7.789240479469299316e-01,-2.434017956256866455e-01,-1.500023484230041504e+00,-4.121816754341125488e-01,2.851293683052062988e-01,2.230504512786865234e+00,-7.317038774490356445e-01,2.432887852191925049e-01,1.752997748553752899e-02,1.070416416041553020e-03,5.132952928543090820e-01,-8.135727047920227051e-01,2.870714068412780762e-01,1.141589507460594177e-01,9.138173460960388184e-01,-9.117130637168884277e-01,-2.613978385925292969e-01,2.197250723838806152e-01,-7.856388688087463379e-01,-3.715431094169616699e-01,1.190580725669860840e-01,8.969482779502868652e-01,1.548814415931701660e+00,-3.920376598834991455e-01,1.634659320116043091e-01
3.623735904693603516e-01,1.561478897929191589e-02,3.795794844627380371e-01,9.964080452919006348e-01,-2.249894477427005768e-02,-4.306888673454523087e-03,-8.152489364147186279e-02,-1.539775729179382324e+00,4.929547905921936035e-01,-3.688494861125946045e-01,2.284074068069458008e+00,-7.781279087066650391e-01,-2.437705993652343750e-01,-1.497761368751525879e+00,-4.112406373023986816e-01,2.853008210659027100e-01,2.230274915695190430e+00,-7.323271632194519043e-01,2.427006661891937256e-01,1.721010729670524597e-02,-7.204060093499720097e-04,5.132501721382141113e-01,-8.116464018821716309e-01,2.880912721157073975e-01,1.131312400102615356e-01,9.087265729904174805e-01,-9.214770793914794922e-01,-2.609503269195556641e-01,2.172316014766693115e-01,-7.883811593055725098e-01,-3.691037893295288086e-01,1.186611056327819824e-01,8.983340263366699219e-01,1.551556587219238281e+00,-3.900316953659057617e-01,1.655344963073730469e-01
3.612956404685974121e-01,1.511389948427677155e-02,3.789746463298797607e-01,9.963989853858947754e-01,-2.289409004151821136e-02,-5.759665276855230331e-03,-8.143548667430877686e-02,-1.538850188255310059e+00,4.922866225242614746e-01,-3.716104626655578613e-01,2.285165548324584961e+00,-7.772490382194519043e-01,-2.441409081220626831e-01,-1.496917486190795898e+00,-4.099128544330596924e-01,2.862625122070312500e-01,2.231562137603759766e+00,-7.331579923629760742e-01,2.423332929611206055e-01,1.679589226841926575e-02,-3.092494560405611992e-03,5.131024718284606934e-01,-8.091332316398620605e-01,2.894127368927001953e-01,1.125701516866683960e-01,9.016546010971069336e-01,-9.329847097396850586e-01,-2.608286142349243164e-01,2.154169976711273193e-01,-7.907950282096862793e-01,-3.662430942058563232e-01,1.185132339596748352e-01,8.992666602134704590e-01,1.553752064704895020e+00,-3.885411322116851807e-01,1.677155494689941406e-01
3.599341213703155518e-01,1.460687071084976196e-02,3.780220150947570801e-01,9.963734745979309082e-01,-2.334469743072986603e-02,-7.291577290743589401e-03,-8.149747550487518311e-02,-1.539018869400024414e+00,4.918084442615509033e-01,-3.753858804702758789e-01,2.287187337875366211e+00,-7.766578197479248047e-01,-2.444060593843460083e-01,-1.497305989265441895e+00,-4.082841575145721436e-01,2.875418066978454590e-01,2.233901500701904297e+00,-7.338989377021789551e-01,2.420643717050552368e-01,1.661723852157592773e-02,-5.648701451718807220e-03,5.128192305564880371e-01,-8.069159388542175293e-01,2.905114889144897461e-01,1.129167899489402771e-01,8.934275507926940918e-01,-9.460433721542358398e-01,-2.612822055816650391e-01,2.142896354198455811e-01,-7.928897142410278320e-01,-3.629786074161529541e-01,1.186353713274002075e-01,8.990347981452941895e-01,1.556823611259460449e+00,-3.883823156356811523e-01,1.697934865951538086e-01
3.584823906421661377e-01,1.408377662301063538e-02,3.768331408500671387e-01,9.963471293449401855e-01,-2.376823313534259796e-02,-8.893395774066448212e-03,-8.153757452964782715e-02,-1.539543747901916504e+00,4.906587600708007812e-01,-3.801189661026000977e-01,2.289705991744995117e+00,-7.762222886085510254e-01,-2.451459914445877075e-01,-1.498538255691528320e+00,-4.061810672283172607e-01,2.892093956470489502e-01,2.236953020095825195e+00,-7.343752980232238770e-01,2.421237230300903320e-01,1.626295037567615509e-02,-8.526139892637729645e-03,5.126582980155944824e-01,-8.046872019767761230e-01,2.911683320999145508e-01,1.139036417007446289e-01,8.843257427215576172e-01,-9.610717892646789551e-01,-2.621857225894927979e-01,2.133648544549942017e-01,-7.946541309356689453e-01,-3.589532077312469482e-01,1.185237765312194824e-01,8.978241086006164551e-01,1.559832930564880371e+00,-3.889866769313812256e-01,1.718018203973770142e-01
3.572475612163543701e-01,1.348566077649593353e-02,3.756296336650848389e-01,9.963212609291076660e-01,-2.412644028663635254e-02,-1.051537878811359406e-02,-8.155469596385955811e-02,-1.539740800857543945e+00,4.893068969249725342e-01,-3.848516345024108887e-01,2.292201042175292969e+00,-7.762069106101989746e-01,-2.460947930812835693e-01,-1.499582171440124512e+00,-4.043504893779754639e-01,2.903904318809509277e-01,2.240180492401123047e+00,-7.353552579879760742e-01,2.421128004789352417e-01,1.558881066739559174e-02,-1.161493081599473953e-02,5.125537514686584473e-01,-8.022118806838989258e-01,2.916821539402008057e-01,1.147475168108940125e-01,8.753664493560791016e-01,-9.770358800888061523e-01,-2.629657387733459473e-01,2.116958945989608765e-01,-7.960645556449890137e-01,-3.546207845211029053e-01,1.192028373479843140e-01,8.967956900596618652e-01,1.562495350837707520e+00,-3.894239366054534912e-01,1.736458986997604370e-01
3.564635813236236572e-01,1.290335506200790405e-02,3.746145367622375488e-01,9.963011741638183594e-01,-2.437527477741241455e-02,-1.198632176965475082e-02,-8.152415603399276733e-02,-1.539300084114074707e+00,4.885006248950958252e-01,-3.890290856361389160e-01,2.294345855712890625e+00,-7.767542004585266113e-01,-2.466857284307479858e-01,-1.500093221664428711e+00,-4.032015800476074219e-01,2.907944023609161377e-01,2.243155956268310547e+00,-7.366414666175842285e-01,2.420890182256698608e-01,1.449654903262853622e-02,-1.473348494619131088e-02,5.125786662101745605e-01,-8.002994060516357422e-01,2.920128405094146729e-01,1.152863651514053345e-01,8.671527504920959473e-01,-9.930558800697326660e-01,-2.644494175910949707e-01,2.095791399478912354e-01,-7.967634797096252441e-01,-3.504674434661865234e-01,1.206112802028656006e-01,8.954671025276184082e-01,1.563669800758361816e+00,-3.893514871597290039e-01,1.741522550582885742e-01
3.561825156211853027e-01,1.234314031898975372e-02,3.738525807857513428e-01,9.962806105613708496e-01,-2.467095479369163513e-02,-1.332114823162555695e-02,-8.147889375686645508e-02,-1.537899494171142578e+00,4.883672297000885010e-01,-3.927836418151855469e-01,2.296051263809204102e+00,-7.777060270309448242e-01,-2.471391856670379639e-01,-1.499613523483276367e+00,-4.029314219951629639e-01,2.902613282203674316e-01,2.245564460754394531e+00,-7.382214069366455078e-01,2.420008331537246704e-01,1.335761323571205139e-02,-1.733942702412605286e-02,5.126974582672119141e-01,-7.988689541816711426e-01,2.918843030929565430e-01,1.153660491108894348e-01,8.599081039428710938e-01,-1.008006215095520020e+00,-2.675496637821197510e-01,2.067462205886840820e-01,-7.968059182167053223e-01,-3.465691506862640381e-01,1.228851974010467529e-01,8.944280147552490234e-01,1.562233328819274902e+00,-3.885055482387542725e-01,1.730201542377471924e-01
3.562914133071899414e-01,1.176188886165618896e-02,3.733963966369628906e-01,9.962642192840576172e-01,-2.492988295853137970e-02,-1.457636058330535889e-02,-8.138566464185714722e-02,-1.534957051277160645e+00,4.891383945941925049e-01,-3.953924179077148438e-01,2.297340631484985352e+00,-7.794246673583984375e-01,-2.476777434349060059e-01,-1.498018741607666016e+00,-4.033876061439514160e-01,2.900195121765136719e-01,2.247280836105346680e+00,-7.396914958953857422e-01,2.421937733888626099e-01,1.197486370801925659e-02,-1.951934024691581726e-02,5.127019882202148438e-01,-7.972428798675537109e-01,2.913269698619842529e-01,1.152438744902610779e-01,8.533111810684204102e-01,-1.020895242691040039e+00,-2.718894183635711670e-01,2.045663893222808838e-01,-7.960851788520812988e-01,-3.429314196109771729e-01,1.253821998834609985e-01,8.932409882545471191e-01,1.560071229934692383e+00,-3.874801099300384521e-01,1.711266785860061646e-01
3.565783202648162842e-01,1.126271300017833710e-02,3.732049465179443359e-01,9.962431192398071289e-01,-2.520489506423473358e-02,-1.580884121358394623e-02,-8.132970333099365234e-02,-1.530728101730346680e+00,4.902644753456115723e-01,-3.973358869552612305e-01,2.298456192016601562e+00,-7.817000150680541992e-01,-2.481756955385208130e-01,-1.495218157768249512e+00,-4.037160277366638184e-01,2.905123829841613770e-01,2.248447656631469727e+00,-7.409209012985229492e-01,2.425500005483627319e-01,1.045071147382259369e-02,-2.102450467646121979e-02,5.124667286872863770e-01,-7.953359484672546387e-01,2.901577055454254150e-01,1.157738193869590759e-01,8.481101989746093750e-01,-1.031991600990295410e+00,-2.766091823577880859e-01,2.034775763750076294e-01,-7.948299646377563477e-01,-3.394868373870849609e-01,1.277656257152557373e-01,8.919028639793395996e-01,1.558392763137817383e+00,-3.868880867958068848e-01,1.690775007009506226e-01
3.569665849208831787e-01,1.087342388927936554e-02,3.732964992523193359e-01,9.962337613105773926e-01,-2.529573068022727966e-02,-1.703033037483692169e-02,-8.116935938596725464e-02,-1.524862408638000488e+00,4.912976026535034180e-01,-3.980102539062500000e-01,2.299417972564697266e+00,-7.845819592475891113e-01,-2.485247850418090820e-01,-1.491433262825012207e+00,-4.040883481502532959e-01,2.918134927749633789e-01,2.249161481857299805e+00,-7.424052953720092773e-01,2.432235330343246460e-01,8.552626706659793854e-03,-2.228386700153350830e-02,5.121114253997802734e-01,-7.934432029724121094e-01,2.884798645973205566e-01,1.173718348145484924e-01,8.437747955322265625e-01,-1.040091395378112793e+00,-2.817435562610626221e-01,2.039896845817565918e-01,-7.930206060409545898e-01,-3.362788558006286621e-01,1.298571974039077759e-01,8.898950219154357910e-01,1.557513952255249023e+00,-3.874987959861755371e-01,1.674463748931884766e-01
3.574154973030090332e-01,1.060489378869533539e-02,3.736859261989593506e-01,9.962381720542907715e-01,-2.525918558239936829e-02,-1.812326163053512573e-02,-8.088845014572143555e-02,-1.517893791198730469e+00,4.919440150260925293e-01,-3.979151248931884766e-01,2.300010919570922852e+00,-7.880250811576843262e-01,-2.485821396112442017e-01,-1.486956000328063965e+00,-4.046069979667663574e-01,2.935532033443450928e-01,2.249314069747924805e+00,-7.441735863685607910e-01,2.441061884164810181e-01,6.542746908962726593e-03,-2.299993112683296204e-02,5.117789506912231445e-01,-7.920514941215515137e-01,2.863025367259979248e-01,1.196619048714637756e-01,8.406026959419250488e-01,-1.043406486511230469e+00,-2.860492169857025146e-01,2.059727162122726440e-01,-7.901948094367980957e-01,-3.336632847785949707e-01,1.314908564090728760e-01,8.864154219627380371e-01,1.556653499603271484e+00,-3.893882036209106445e-01,1.661210358142852783e-01
3.580695986747741699e-01,1.036088354885578156e-02,3.744896948337554932e-01,9.962603449821472168e-01,-2.509047836065292358e-02,-1.906637474894523621e-02,-8.045028895139694214e-02,-1.509861707687377930e+00,4.920954704284667969e-01,-3.970895707607269287e-01,2.299747943878173828e+00,-7.915323972702026367e-01,-2.485222369432449341e-01,-1.481296300888061523e+00,-4.055731296539306641e-01,2.950818836688995361e-01,2.248676300048828125e+00,-7.461879253387451172e-01,2.451471090316772461e-01,4.851662553846836090e-03,-2.325984090566635132e-02,5.115635395050048828e-01,-7.914185523986816406e-01,2.838127315044403076e-01,1.219909191131591797e-01,8.384329676628112793e-01,-1.041847348213195801e+00,-2.890492379665374756e-01,2.086794674396514893e-01,-7.861225605010986328e-01,-3.316790461540222168e-01,1.324901580810546875e-01,8.816084265708923340e-01,1.556516051292419434e+00,-3.923791944980621338e-01,1.647676229476928711e-01
3.588916063308715820e-01,1.006522960960865021e-02,3.758829832077026367e-01,9.963099956512451172e-01,-2.478374913334846497e-02,-1.988692395389080048e-02,-7.972922176122665405e-02,-1.500434160232543945e+00,4.919105470180511475e-01,-3.953062891960144043e-01,2.297681331634521484e+00,-7.948737740516662598e-01,-2.479716688394546509e-01,-1.473762989044189453e+00,-4.076260030269622803e-01,2.957992553710937500e-01,2.246791601181030273e+00,-7.480690479278564453e-01,2.460158169269561768e-01,3.495505079627037048e-03,-2.304116822779178619e-02,5.115336775779724121e-01,-7.910882830619812012e-01,2.813633382320404053e-01,1.235420703887939453e-01,8.379513025283813477e-01,-1.035846829414367676e+00,-2.907061576843261719e-01,2.112944275140762329e-01,-7.809327840805053711e-01,-3.307359516620635986e-01,1.329261958599090576e-01,8.759086728096008301e-01,1.556413888931274414e+00,-3.951652050018310547e-01,1.629358530044555664e-01
3.598466217517852783e-01,9.724514558911323547e-03,3.780457675457000732e-01,9.963748455047607422e-01,-2.451739646494388580e-02,-2.055442705750465393e-02,-7.882677763700485229e-02,-1.489560604095458984e+00,4.922789931297302246e-01,-3.921223878860473633e-01,2.292937517166137695e+00,-7.976627945899963379e-01,-2.473427653312683105e-01,-1.463721752166748047e+00,-4.111199975013732910e-01,2.944254577159881592e-01,2.242724418640136719e+00,-7.495697736740112305e-01,2.467431575059890747e-01,2.521279966458678246e-03,-2.213506214320659637e-02,5.115697383880615234e-01,-7.908642292022705078e-01,2.792294323444366455e-01,1.245629191398620605e-01,8.391299843788146973e-01,-1.026469707489013672e+00,-2.930546998977661133e-01,2.132834047079086304e-01,-7.751905322074890137e-01,-3.307397067546844482e-01,1.332666426897048950e-01,8.705825805664062500e-01,1.555362224578857422e+00,-3.965322673320770264e-01,1.599956303834915161e-01
3.608693480491638184e-01,9.337715804576873779e-03,3.809303939342498779e-01,9.964394569396972656e-01,-2.443213947117328644e-02,-2.121941745281219482e-02,-7.785458862781524658e-02,-1.477052211761474609e+00,4.934511482715606689e-01,-3.877028524875640869e-01,2.285751819610595703e+00,-7.994444966316223145e-01,-2.468048036098480225e-01,-1.451082348823547363e+00,-4.155954122543334961e-01,2.905910313129425049e-01,2.236417293548583984e+00,-7.506695985794067383e-01,2.473229467868804932e-01,1.996242674067616463e-03,-2.060832083225250244e-02,5.117732882499694824e-01,-7.907583713531494141e-01,2.776927053928375244e-01,1.253594309091567993e-01,8.424020409584045410e-01,-1.013371944427490234e+00,-2.961880564689636230e-01,2.151717245578765869e-01,-7.697041034698486328e-01,-3.310966789722442627e-01,1.330697983503341675e-01,8.662250041961669922e-01,1.552583336830139160e+00,-3.968274891376495361e-01,1.562583744525909424e-01
3.619752526283264160e-01,9.003089740872383118e-03,3.845125734806060791e-01,9.965009093284606934e-01,-2.446408569812774658e-02,-2.192272059619426727e-02,-7.685574889183044434e-02,-1.462899565696716309e+00,4.958501458168029785e-01,-3.819937109947204590e-01,2.276246070861816406e+00,-8.005353808403015137e-01,-2.462801933288574219e-01,-1.436285853385925293e+00,-4.207749664783477783e-01,2.849500477313995361e-01,2.227948904037475586e+00,-7.518014311790466309e-01,2.475719749927520752e-01,1.580647192895412445e-03,-1.872623898088932037e-02,5.121616125106811523e-01,-7.901866436004638672e-01,2.770359516143798828e-01,1.258407533168792725e-01,8.476103544235229492e-01,-9.977522492408752441e-01,-3.003004491329193115e-01,2.178850322961807251e-01,-7.648109793663024902e-01,-3.317260444164276123e-01,1.330628693103790283e-01,8.622407317161560059e-01,1.548828959465026855e+00,-3.967407643795013428e-01,1.516286730766296387e-01
3.630349040031433105e-01,8.648322895169258118e-03,3.887641727924346924e-01,9.965708255767822266e-01,-2.452830784022808075e-02,-2.256867103278636932e-02,-7.573380321264266968e-02,-1.447347164154052734e+00,4.987126290798187256e-01,-3.753136694431304932e-01,2.264574050903320312e+00,-8.007678985595703125e-01,-2.457510679960250854e-01,-1.419659614562988281e+00,-4.263726472854614258e-01,2.780642211437225342e-01,2.217629671096801758e+00,-7.528176307678222656e-01,2.475308477878570557e-01,1.178519218228757381e-03,-1.667266525328159332e-02,5.125728249549865723e-01,-7.891767024993896484e-01,2.771812975406646729e-01,1.257499158382415771e-01,8.537884354591369629e-01,-9.810930490493774414e-01,-3.048011958599090576e-01,2.217506617307662964e-01,-7.602566480636596680e-01,-3.330356478691101074e-01,1.327620297670364380e-01,8.576028943061828613e-01,1.545608043670654297e+00,-3.967208862304687500e-01,1.469477117061614990e-01
3.638818860054016113e-01,8.186783641576766968e-03,3.937855958938598633e-01,9.966542720794677734e-01,-2.450540289282798767e-02,-2.317569218575954437e-02,-7.444877177476882935e-02,-1.429605364799499512e+00,5.015555620193481445e-01,-3.675428926944732666e-01,2.250439167022705078e+00,-8.005315661430358887e-01,-2.452893108129501343e-01,-1.401165127754211426e+00,-4.324097931385040283e-01,2.702904343605041504e-01,2.205148935317993164e+00,-7.533382773399353027e-01,2.475268095731735229e-01,5.329392733983695507e-04,-1.475407183170318604e-02,5.129308104515075684e-01,-7.878661751747131348e-01,2.779685854911804199e-01,1.259042024612426758e-01,8.603910207748413086e-01,-9.644313454627990723e-01,-3.079489171504974365e-01,2.268635779619216919e-01,-7.553849220275878906e-01,-3.349808752536773682e-01,1.313167810440063477e-01,8.523676395416259766e-01,1.544003963470458984e+00,-3.965982794761657715e-01,1.434075683355331421e-01
3.646360635757446289e-01,7.558774203062057495e-03,3.997628390789031982e-01,9.967626929283142090e-01,-2.443037182092666626e-02,-2.379838749766349792e-02,-7.280703634023666382e-02,-1.408884286880493164e+00,5.040464401245117188e-01,-3.585107326507568359e-01,2.233230590820312500e+00,-7.995241284370422363e-01,-2.445884943008422852e-01,-1.379327297210693359e+00,-4.396019279956817627e-01,2.606430053710937500e-01,2.189902067184448242e+00,-7.537267804145812988e-01,2.473167330026626587e-01,-2.680526231415569782e-04,-1.305207051336765289e-02,5.131459236145019531e-01,-7.870257496833801270e-01,2.793442606925964355e-01,1.268178671598434448e-01,8.676015138626098633e-01,-9.472090601921081543e-01,-3.098310232162475586e-01,2.325797975063323975e-01,-7.494207620620727539e-01,-3.377618193626403809e-01,1.284911930561065674e-01,8.462394475936889648e-01,1.544541120529174805e+00,-3.958067595958709717e-01,1.406989693641662598e-01
3.653942346572875977e-01,6.697932258248329163e-03,4.068225920200347900e-01,9.968930482864379883e-01,-2.456062659621238708e-02,-2.430937066674232483e-02,-7.078225165605545044e-02,-1.385861992835998535e+00,5.064117312431335449e-01,-3.480457961559295654e-01,2.212330102920532227e+00,-7.977356314659118652e-01,-2.438049763441085815e-01,-1.354247808456420898e+00,-4.475294053554534912e-01,2.480935305356979370e-01,2.171267747879028320e+00,-7.527093887329101562e-01,2.467718273401260376e-01,-1.457793172448873520e-03,-1.113062445074319839e-02,5.131270289421081543e-01,-7.875616550445556641e-01,2.811702191829681396e-01,1.281985491514205933e-01,8.765017390251159668e-01,-9.306442141532897949e-01,-3.113719522953033447e-01,2.369400560855865479e-01,-7.424649000167846680e-01,-3.413256406784057617e-01,1.240942105650901794e-01,8.399994373321533203e-01,1.546325802803039551e+00,-3.943759500980377197e-01,1.394374221563339233e-01
3.662648499011993408e-01,5.645199678838253021e-03,4.150303900241851807e-01,9.970334768295288086e-01,-2.494233474135398865e-02,-2.484787255525588989e-02,-6.844504177570343018e-02,-1.360319495201110840e+00,5.087919235229492188e-01,-3.357962965965270996e-01,2.187430620193481445e+00,-7.949658632278442383e-01,-2.429007440805435181e-01,-1.325367927551269531e+00,-4.564611613750457764e-01,2.317834645509719849e-01,2.148569822311401367e+00,-7.505826950073242188e-01,2.458906620740890503e-01,-2.825177507475018501e-03,-9.117401205003261566e-03,5.131153464317321777e-01,-7.890102863311767578e-01,2.832157611846923828e-01,1.294177174568176270e-01,8.865994215011596680e-01,-9.163571596145629883e-01,-3.138328194618225098e-01,2.389382123947143555e-01,-7.350653409957885742e-01,-3.450405597686767578e-01,1.188372522592544556e-01,8.347274661064147949e-01,1.549117565155029297e+00,-3.923192024230957031e-01,1.388299316167831421e-01
3.673335313796997070e-01,4.499784670770168304e-03,4.245499074459075928e-01,9.971922636032104492e-01,-2.538041025400161743e-02,-2.535427547991275787e-02,-6.573102623224258423e-02,-1.332093119621276855e+00,5.115564465522766113e-01,-3.212593793869018555e-01,2.158020019531250000e+00,-7.908899188041687012e-01,-2.418700158596038818e-01,-1.292368769645690918e+00,-4.665545821189880371e-01,2.118499279022216797e-01,2.121335983276367188e+00,-7.476725578308105469e-01,2.450009286403656006e-01,-4.749509971588850021e-03,-7.382201962172985077e-03,5.133297443389892578e-01,-7.907512784004211426e-01,2.855311632156372070e-01,1.302337348461151123e-01,8.981882333755493164e-01,-9.032166600227355957e-01,-3.177192211151123047e-01,2.401423156261444092e-01,-7.275382280349731445e-01,-3.487625420093536377e-01,1.125152483582496643e-01,8.298683762550354004e-01,1.553170561790466309e+00,-3.907028138637542725e-01,1.382154822349548340e-01
3.685612082481384277e-01,3.483949229121208191e-03,4.351846873760223389e-01,9.973429441452026367e-01,-2.597988955676555634e-02,-2.595133893191814423e-02,-6.291777640581130981e-02,-1.300787687301635742e+00,5.145982503890991211e-01,-3.048645257949829102e-01,2.124541521072387695e+00,-7.860452532768249512e-01,-2.410201579332351685e-01,-1.255541443824768066e+00,-4.770157635211944580e-01,1.883117407560348511e-01,2.090054273605346680e+00,-7.431453466415405273e-01,2.438065856695175171e-01,-6.755697075277566910e-03,-5.520230159163475037e-03,5.137406587600708008e-01,-7.923989892005920410e-01,2.880651652812957764e-01,1.302005499601364136e-01,9.106810688972473145e-01,-8.925576806068420410e-01,-3.231467604637145996e-01,2.399530559778213501e-01,-7.203423976898193359e-01,-3.522705435752868652e-01,1.051859706640243530e-01,8.258529305458068848e-01,1.556907773017883301e+00,-3.900490105152130127e-01,1.373709440231323242e-01
3.699369132518768311e-01,2.698865719139575958e-03,4.471589028835296631e-01,9.974903464317321777e-01,-2.663695812225341797e-02,-2.666968293488025665e-02,-5.993514135479927063e-02,-1.265588521957397461e+00,5.176622867584228516e-01,-2.860803902149200439e-01,2.086064338684082031e+00,-7.797473669052124023e-01,-2.404102981090545654e-01,-1.214827060699462891e+00,-4.876486361026763916e-01,1.612448394298553467e-01,2.053929567337036133e+00,-7.361679077148437500e-01,2.422099113464355469e-01,-9.309172630310058594e-03,-3.507827408611774445e-03,5.142235159873962402e-01,-7.941351532936096191e-01,2.907006442546844482e-01,1.290187239646911621e-01,9.245658516883850098e-01,-8.835276365280151367e-01,-3.302505612373352051e-01,2.395023256540298462e-01,-7.131216526031494141e-01,-3.554975986480712891e-01,9.670888632535934448e-02,8.222416043281555176e-01,1.559618830680847168e+00,-3.904111981391906738e-01,1.366849392652511597e-01
3.714592754840850830e-01,2.229185774922370911e-03,4.607160091400146484e-01,9.976216554641723633e-01,-2.739695087075233459e-02,-2.761216275393962860e-02,-5.690420791506767273e-02,-1.225573420524597168e+00,5.205838084220886230e-01,-2.646785676479339600e-01,2.041973114013671875e+00,-7.715393304824829102e-01,-2.394538968801498413e-01,-1.169344902038574219e+00,-4.977390766143798828e-01,1.306067705154418945e-01,2.011737585067749023e+00,-7.264195680618286133e-01,2.404337376356124878e-01,-1.203930005431175232e-02,-1.100054942071437836e-03,5.147276520729064941e-01,-7.957161664962768555e-01,2.933537662029266357e-01,1.263027340173721313e-01,9.400094151496887207e-01,-8.753650784492492676e-01,-3.378359079360961914e-01,2.380831241607666016e-01,-7.051107287406921387e-01,-3.583467006683349609e-01,8.735153079032897949e-02,8.189482688903808594e-01,1.560523033142089844e+00,-3.912539482116699219e-01,1.373145878314971924e-01
3.732331097126007080e-01,1.994284801185131073e-03,4.754806756973266602e-01,9.977325201034545898e-01,-2.825379185378551483e-02,-2.858995273709297180e-02,-5.398244038224220276e-02,-1.182285189628601074e+00,5.230023264884948730e-01,-2.412597835063934326e-01,1.992935776710510254e+00,-7.607792615890502930e-01,-2.382754534482955933e-01,-1.120869040489196777e+00,-5.066186785697937012e-01,9.777710586786270142e-02,1.964444756507873535e+00,-7.139594554901123047e-01,2.380335032939910889e-01,-1.492131873965263367e-02,1.795689458958804607e-03,5.151637792587280273e-01,-7.973926067352294922e-01,2.956423461437225342e-01,1.229475736618041992e-01,9.566542506217956543e-01,-8.663852214813232422e-01,-3.446236252784729004e-01,2.353285253047943115e-01,-6.968098282814025879e-01,-3.612061142921447754e-01,7.743975520133972168e-02,8.162077665328979492e-01,1.559737086296081543e+00,-3.920748531818389893e-01,1.383773833513259888e-01
3.753406405448913574e-01,1.957645639777183533e-03,4.911556839942932129e-01,9.978069067001342773e-01,-2.916867099702358246e-02,-2.948259003460407257e-02,-5.158744007349014282e-02,-1.137079954147338867e+00,5.256322622299194336e-01,-2.160858213901519775e-01,1.939897656440734863e+00,-7.477235198020935059e-01,-2.366323322057723999e-01,-1.071041703224182129e+00,-5.131098628044128418e-01,6.430587917566299438e-02,1.912522435188293457e+00,-6.985074281692504883e-01,2.353121489286422729e-01,-1.736846007406711578e-02,5.265723913908004761e-03,5.156375765800476074e-01,-7.990277409553527832e-01,2.974220514297485352e-01,1.199281439185142517e-01,9.728699922561645508e-01,-8.570957183837890625e-01,-3.500539958477020264e-01,2.305810898542404175e-01,-6.883540153503417969e-01,-3.638959228992462158e-01,6.804003566503524780e-02,8.137395381927490234e-01,1.558039546012878418e+00,-3.928008973598480225e-01,1.391391754150390625e-01
3.777994513511657715e-01,2.073858864605426788e-03,5.074822902679443359e-01,9.978458285331726074e-01,-3.002200834453105927e-02,-3.014838136732578278e-02,-4.993564635515213013e-02,-1.090503811836242676e+00,5.285617709159851074e-01,-1.898116618394851685e-01,1.883537292480468750e+00,-7.326531410217285156e-01,-2.351515591144561768e-01,-1.020911097526550293e+00,-5.166379809379577637e-01,3.169998899102210999e-02,1.856627941131591797e+00,-6.803938746452331543e-01,2.327333241701126099e-01,-1.916284486651420593e-02,8.947538211941719055e-03,5.162453055381774902e-01,-8.001348972320556641e-01,2.990450561046600342e-01,1.172181814908981323e-01,9.873780608177185059e-01,-8.497461676597595215e-01,-3.548743128776550293e-01,2.251437306404113770e-01,-6.802729964256286621e-01,-3.666232228279113770e-01,6.002692878246307373e-02,8.107081651687622070e-01,1.555513620376586914e+00,-3.931457102298736572e-01,1.384528726339340210e-01
3.804979026317596436e-01,2.169970422983169556e-03,5.242815017700195312e-01,9.978675842285156250e-01,-3.074666298925876617e-02,-3.055476769804954529e-02,-4.879822954535484314e-02,-1.043280959129333496e+00,5.309661030769348145e-01,-1.632412970066070557e-01,1.824337005615234375e+00,-7.156590223312377930e-01,-2.339921891689300537e-01,-9.707728028297424316e-01,-5.173071026802062988e-01,7.014269358478486538e-04,1.797159433364868164e+00,-6.601001024246215820e-01,2.302243113517761230e-01,-2.069948054850101471e-02,1.240156218409538269e-02,5.169817805290222168e-01,-8.003085851669311523e-01,3.006562888622283936e-01,1.151371374726295471e-01,9.998908042907714844e-01,-8.445200324058532715e-01,-3.596087396144866943e-01,2.206823825836181641e-01,-6.732180118560791016e-01,-3.691880106925964355e-01,5.305005237460136414e-02,8.069254159927368164e-01,1.551979780197143555e+00,-3.929588198661804199e-01,1.363716423511505127e-01
3.834234774112701416e-01,2.282506786286830902e-03,5.412757396697998047e-01,9.978778958320617676e-01,-3.135106340050697327e-02,-3.078549355268478394e-02,-4.805354773998260498e-02,-9.955394864082336426e-01,5.324321389198303223e-01,-1.366181969642639160e-01,1.762909054756164551e+00,-6.971719861030578613e-01,-2.330091744661331177e-01,-9.210755825042724609e-01,-5.153259038925170898e-01,-2.847060933709144592e-02,1.734637975692749023e+00,-6.380733847618103027e-01,2.279134690761566162e-01,-2.215086668729782104e-02,1.556235924363136292e-02,5.176156759262084961e-01,-8.001359701156616211e-01,3.022347986698150635e-01,1.135452613234519958e-01,1.010810613632202148e+00,-8.409326076507568359e-01,-3.648017644882202148e-01,2.174794226884841919e-01,-6.669622063636779785e-01,-3.716230094432830811e-01,4.629334062337875366e-02,8.027601838111877441e-01,1.547659993171691895e+00,-3.924646079540252686e-01,1.343732029199600220e-01
3.864091634750366211e-01,2.567494288086891174e-03,5.579512119293212891e-01,9.978876113891601562e-01,-3.181420639157295227e-02,-3.091279976069927216e-02,-4.746235534548759460e-02,-9.481648802757263184e-01,5.324624180793762207e-01,-1.103852316737174988e-01,1.700768947601318359e+00,-6.778558492660522461e-01,-2.320421338081359863e-01,-8.726923465728759766e-01,-5.111933946609497070e-01,-5.518041923642158508e-02,1.670877099037170410e+00,-6.149728298187255859e-01,2.262741774320602417e-01,-2.351057529449462891e-02,1.850537955760955811e-02,5.181521177291870117e-01,-8.004415035247802734e-01,3.035826683044433594e-01,1.121809855103492737e-01,1.019597291946411133e+00,-8.387215137481689453e-01,-3.708532750606536865e-01,2.155442237854003906e-01,-6.612794995307922363e-01,-3.738515973091125488e-01,4.023363068699836731e-02,7.983872890472412109e-01,1.542536854743957520e+00,-3.909429907798767090e-01,1.332827657461166382e-01
3.892856836318969727e-01,3.009133972227573395e-03,5.744425058364868164e-01,9.978942871093750000e-01,-3.216808289289474487e-02,-3.092185221612453461e-02,-4.707485064864158630e-02,-9.007805585861206055e-01,5.316078066825866699e-01,-8.372959494590759277e-02,1.637518882751464844e+00,-6.573165059089660645e-01,-2.308461368083953857e-01,-8.246691823005676270e-01,-5.052107572555541992e-01,-8.042985945940017700e-02,1.605060577392578125e+00,-5.906868577003479004e-01,2.252543419599533081e-01,-2.464958094060420990e-02,2.133276686072349548e-02,5.186849236488342285e-01,-8.012925386428833008e-01,3.047521114349365234e-01,1.112820580601692200e-01,1.026499748229980469e+00,-8.368235826492309570e-01,-3.765974938869476318e-01,2.147427201271057129e-01,-6.564947962760925293e-01,-3.756903111934661865e-01,3.545036539435386658e-02,7.948201894760131836e-01,1.537729144096374512e+00,-3.882142603397369385e-01,1.332544088363647461e-01
3.918656706809997559e-01,3.482824191451072693e-03,5.908879637718200684e-01,9.979037046432495117e-01,-3.231687098741531372e-02,-3.079255297780036926e-02,-4.685784876346588135e-02,-8.528744578361511230e-01,5.296394228935241699e-01,-5.648645386099815369e-02,1.571937918663024902e+00,-6.350486874580383301e-01,-2.298302650451660156e-01,-7.767288684844970703e-01,-4.976448416709899902e-01,-1.042484715580940247e-01,1.536656975746154785e+00,-5.646671652793884277e-01,2.247707247734069824e-01,-2.599249966442584991e-02,2.393307536840438843e-02,5.192657113075256348e-01,-8.025363683700561523e-01,3.056793212890625000e-01,1.111419424414634705e-01,1.031878113746643066e+00,-8.352913856506347656e-01,-3.811412751674652100e-01,2.150016278028488159e-01,-6.525722742080688477e-01,-3.769610226154327393e-01,3.176875039935112000e-02,7.921971678733825684e-01,1.532461047172546387e+00,-3.846825957298278809e-01,1.337960809469223022e-01
3.941033780574798584e-01,3.815932199358940125e-03,6.071387529373168945e-01,9.979143142700195312e-01,-3.224030882120132446e-02,-3.064533509314060211e-02,-4.678180813789367676e-02,-8.046645522117614746e-01,5.265383720397949219e-01,-2.887306548655033112e-02,1.504542708396911621e+00,-6.109214425086975098e-01,-2.288409024477005005e-01,-7.293125391006469727e-01,-4.888566732406616211e-01,-1.264135390520095825e-01,1.466317892074584961e+00,-5.366743206977844238e-01,2.245169430971145630e-01,-2.721703797578811646e-02,2.631472423672676086e-02,5.198025107383728027e-01,-8.033372163772583008e-01,3.062896430492401123e-01,1.118278279900550842e-01,1.035905957221984863e+00,-8.331909179687500000e-01,-3.844552636146545410e-01,2.161333858966827393e-01,-6.496926546096801758e-01,-3.774263560771942139e-01,2.907470613718032837e-02,7.912841439247131348e-01,1.527845740318298340e+00,-3.807161450386047363e-01,1.347383260726928711e-01
3.960141241550445557e-01,4.029015079140663147e-03,6.233528256416320801e-01,9.979304075241088867e-01,-3.190404549241065979e-02,-3.040389344096183777e-02,-4.682604968547821045e-02,-7.559973597526550293e-01,5.220248103141784668e-01,-9.371566120535135269e-04,1.434289455413818359e+00,-5.846583843231201172e-01,-2.276524305343627930e-01,-6.818950176239013672e-01,-4.790711998939514160e-01,-1.476874947547912598e-01,1.392838120460510254e+00,-5.068277120590209961e-01,2.245577722787857056e-01,-2.815227769315242767e-02,2.859018929302692413e-02,5.202289223670959473e-01,-8.039718270301818848e-01,3.063407540321350098e-01,1.131657212972640991e-01,1.039064526557922363e+00,-8.321595788002014160e-01,-3.879079818725585938e-01,2.175630629062652588e-01,-6.474856138229370117e-01,-3.771569132804870605e-01,2.727603353559970856e-02,7.916976213455200195e-01,1.524957299232482910e+00,-3.772771656513214111e-01,1.349174082279205322e-01
3.976679742336273193e-01,4.240812733769416809e-03,6.392300128936767578e-01,9.979577064514160156e-01,-3.130889683961868286e-02,-3.020402975380420685e-02,-4.677429795265197754e-02,-7.070247530937194824e-01,5.162093639373779297e-01,2.712125703692436218e-02,1.362210512161254883e+00,-5.568515658378601074e-01,-2.262830287218093872e-01,-6.342115998268127441e-01,-4.688423275947570801e-01,-1.682520210742950439e-01,1.317286729812622070e+00,-4.762948453426361084e-01,2.250287681818008423e-01,-2.869668602943420410e-02,3.058931045234203339e-02,5.204531550407409668e-01,-8.039646744728088379e-01,3.058122992515563965e-01,1.145186424255371094e-01,1.041166663169860840e+00,-8.323443531990051270e-01,-3.914954662322998047e-01,2.181714773178100586e-01,-6.457827687263488770e-01,-3.758757710456848145e-01,2.588020451366901398e-02,7.938175797462463379e-01,1.523199081420898438e+00,-3.740798830986022949e-01,1.351462304592132568e-01
3.992730677127838135e-01,4.447173327207565308e-03,6.547868251800537109e-01,9.980046153068542480e-01,-3.040989674627780914e-02,-3.001704812049865723e-02,-4.648637399077415466e-02,-6.580135822296142578e-01,5.085703134536743164e-01,5.455145239830017090e-02,1.288205385208129883e+00,-5.275122523307800293e-01,-2.246882915496826172e-01,-5.860517621040344238e-01,-4.582920670509338379e-01,-1.885487139225006104e-01,1.239683866500854492e+00,-4.452445805072784424e-01,2.259022593498229980e-01,-2.921553514897823334e-02,3.223005309700965881e-02,5.202028751373291016e-01,-8.028417229652404785e-01,3.045654594898223877e-01,1.149219945073127747e-01,1.042287111282348633e+00,-8.360358476638793945e-01,-3.953956365585327148e-01,2.174611091613769531e-01,-6.438345909118652344e-01,-3.738985359668731689e-01,2.514179237186908722e-02,7.965400218963623047e-01,1.522509694099426270e+00,-3.720943927764892578e-01,1.348118484020233154e-01
4.010998308658599854e-01,4.678051918745040894e-03,6.702414155006408691e-01,9.980700016021728516e-01,-2.927929721772670746e-02,-2.985023148357868195e-02,-4.591274261474609375e-02,-6.073227524757385254e-01,4.992983043193817139e-01,8.182301372289657593e-02,1.210177898406982422e+00,-4.961756765842437744e-01,-2.231930941343307495e-01,-5.358694791793823242e-01,-4.470125436782836914e-01,-2.093188613653182983e-01,1.158178925514221191e+00,-4.129676520824432373e-01,2.271399497985839844e-01,-2.986507117748260498e-02,3.367761150002479553e-02,5.190056562423706055e-01,-8.000842928886413574e-01,3.021009266376495361e-01,1.144339516758918762e-01,1.041866660118103027e+00,-8.439443111419677734e-01,-4.000908732414245605e-01,2.155920714139938354e-01,-6.413152217864990234e-01,-3.712297081947326660e-01,2.481664717197418213e-02,7.996612191200256348e-01,1.522273778915405273e+00,-3.706035315990447998e-01,1.344732195138931274e-01
4.031212031841278076e-01,4.882220178842544556e-03,6.850522756576538086e-01,9.981540441513061523e-01,-2.790880948305130005e-02,-2.979987300932407379e-02,-4.496053233742713928e-02,-5.565662384033203125e-01,4.879845976829528809e-01,1.071927845478057861e-01,1.130731821060180664e+00,-4.638458788394927979e-01,-2.219152748584747314e-01,-4.849070906639099121e-01,-4.358937740325927734e-01,-2.304963171482086182e-01,1.075517535209655762e+00,-3.800799846649169922e-01,2.288832366466522217e-01,-3.098859079182147980e-02,3.476490080356597900e-02,5.161240100860595703e-01,-7.954869270324707031e-01,2.982189953327178955e-01,1.127863153815269470e-01,1.039888501167297363e+00,-8.546177148818969727e-01,-4.042767584323883057e-01,2.124031782150268555e-01,-6.381733417510986328e-01,-3.680545687675476074e-01,2.502661757171154022e-02,8.032325506210327148e-01,1.522127628326416016e+00,-3.682951331138610840e-01,1.342567652463912964e-01
4.054161012172698975e-01,4.971981048583984375e-03,6.992458105087280273e-01,9.982393383979797363e-01,-2.638143487274646759e-02,-2.983438037335872650e-02,-4.395598173141479492e-02,-5.051668882369995117e-01,4.755395948886871338e-01,1.315358430147171021e-01,1.049437046051025391e+00,-4.303179383277893066e-01,-2.207364737987518311e-01,-4.331281781196594238e-01,-4.244990050792694092e-01,-2.517467737197875977e-01,9.913774132728576660e-01,-3.460932970046997070e-01,2.310460507869720459e-01,-3.206536173820495605e-02,3.547939658164978027e-02,5.106854438781738281e-01,-7.883853316307067871e-01,2.930443584918975830e-01,1.097044199705123901e-01,1.036085486412048340e+00,-8.656501173973083496e-01,-4.081678688526153564e-01,2.079893201589584351e-01,-6.339813470840454102e-01,-3.644153177738189697e-01,2.609402686357498169e-02,8.071896433830261230e-01,1.522903561592102051e+00,-3.653898537158966064e-01,1.341692656278610229e-01
4.078316986560821533e-01,4.965765401721000671e-03,7.125992774963378906e-01,9.983227849006652832e-01,-2.478172257542610168e-02,-2.975014224648475647e-02,-4.303930327296257019e-02,-4.540087580680847168e-01,4.624534547328948975e-01,1.549171507358551025e-01,9.672513008117675781e-01,-3.959605097770690918e-01,-2.198990285396575928e-01,-3.818399012088775635e-01,-4.129355847835540771e-01,-2.732054889202117920e-01,9.067214131355285645e-01,-3.114585578441619873e-01,2.332042902708053589e-01,-3.314482048153877258e-02,3.573567047715187073e-02,5.018295645713806152e-01,-7.790211439132690430e-01,2.864583134651184082e-01,1.057154461741447449e-01,1.031723260879516602e+00,-8.772667050361633301e-01,-4.104522466659545898e-01,2.029401361942291260e-01,-6.289074420928955078e-01,-3.601040840148925781e-01,2.763121388852596283e-02,8.120989799499511719e-01,1.524519801139831543e+00,-3.625096380710601807e-01,1.340903788805007935e-01
4.106150865554809570e-01,4.814805462956428528e-03,7.250178456306457520e-01,9.984025955200195312e-01,-2.308100089430809021e-02,-2.937127463519573212e-02,-4.238994792103767395e-02,-4.035148918628692627e-01,4.487399756908416748e-01,1.775923669338226318e-01,8.848026990890502930e-01,-3.607251048088073730e-01,-2.190890908241271973e-01,-3.319494426250457764e-01,-4.007544517517089844e-01,-2.936427891254425049e-01,8.213614225387573242e-01,-2.763150930404663086e-01,2.356521636247634888e-01,-3.404412046074867249e-02,3.532055020332336426e-02,4.887084662914276123e-01,-7.675641775131225586e-01,2.789396643638610840e-01,1.010789796710014343e-01,1.027697563171386719e+00,-8.880089521408081055e-01,-4.107514619827270508e-01,1.981565356254577637e-01,-6.227955222129821777e-01,-3.556881546974182129e-01,2.955328300595283508e-02,8.182306885719299316e-01,1.526909112930297852e+00,-3.601501882076263428e-01,1.342515796422958374e-01
4.135589301586151123e-01,4.488794133067131042e-03,7.363855242729187012e-01,9.984564781188964844e-01,-2.166925929486751556e-02,-2.880224585533142090e-02,-4.225665330886840820e-02,-3.540003299713134766e-01,4.359382092952728271e-01,2.002480626106262207e-01,8.028205633163452148e-01,-3.247919678688049316e-01,-2.189679294824600220e-01,-2.833425700664520264e-01,-3.869906365871429443e-01,-3.131997287273406982e-01,7.348439693450927734e-01,-2.407412081956863403e-01,2.376247644424438477e-01,-3.441327810287475586e-02,3.468358144164085388e-02,4.715026617050170898e-01,-7.542394995689392090e-01,2.712146937847137451e-01,9.625497460365295410e-02,1.024096131324768066e+00,-8.989806175231933594e-01,-4.093009531497955322e-01,1.930588930845260620e-01,-6.164642572402954102e-01,-3.510935008525848389e-01,3.210558369755744934e-02,8.269345760345458984e-01,1.529591798782348633e+00,-3.583826422691345215e-01,1.362153440713882446e-01
4.168248772621154785e-01,3.906568512320518494e-03,7.465269565582275391e-01,9.984796643257141113e-01,-2.036195434629917145e-02,-2.831445075571537018e-02,-4.268531501293182373e-02,-3.049805760383605957e-01,4.234237074851989746e-01,2.225030809640884399e-01,7.217780351638793945e-01,-2.891460955142974854e-01,-2.194478809833526611e-01,-2.357638925313949585e-01,-3.720694184303283691e-01,-3.307107090950012207e-01,6.477209925651550293e-01,-2.050094157457351685e-01,2.391481846570968628e-01,-3.431680798530578613e-02,3.325623646378517151e-02,4.513358175754547119e-01,-7.401493787765502930e-01,2.642022967338562012e-01,9.123300015926361084e-02,1.020265102386474609e+00,-9.112478494644165039e-01,-4.074939787387847900e-01,1.873610466718673706e-01,-6.109915971755981445e-01,-3.469820320606231689e-01,3.539275750517845154e-02,8.386130928993225098e-01,1.533421516418457031e+00,-3.569210469722747803e-01,1.404368728399276733e-01
4.195482134819030762e-01,2.700743265450000763e-03,7.556024193763732910e-01,9.983976483345031738e-01,-1.923503726720809937e-02,-2.968613617122173309e-02,-4.416935890913009644e-02,-2.555437386035919189e-01,4.099382460117340088e-01,2.446426302194595337e-01,6.482937932014465332e-01,-2.487715929746627808e-01,-2.150271236896514893e-01,-1.776707172393798828e-01,-3.591182231903076172e-01,-3.562764227390289307e-01,5.574045181274414062e-01,-1.811356842517852783e-01,2.222843021154403687e-01,-3.383103385567665100e-02,2.919441647827625275e-02,4.331173300743103027e-01,-7.261254191398620605e-01,2.426815479993820190e-01,1.151205524802207947e-01,9.938802719116210938e-01,-9.772595763206481934e-01,-3.710159063339233398e-01,2.069519162178039551e-01,-6.111367344856262207e-01,-3.356486856937408447e-01,1.722034066915512085e-02,8.423373103141784668e-01,1.454715847969055176e+00,-3.527297377586364746e-01,5.016133561730384827e-02
4.229730367660522461e-01,1.401505433022975922e-03,7.635338902473449707e-01,9.982975125312805176e-01,-1.964602433145046234e-02,-2.909890189766883850e-02,-4.657647758722305298e-02,-2.114036679267883301e-01,3.994931280612945557e-01,2.616981565952301025e-01,5.730787515640258789e-01,-2.096215486526489258e-01,-2.142461389303207397e-01,-1.223583593964576721e-01,-3.418570458889007568e-01,-3.870744407176971436e-01,4.611404240131378174e-01,-1.509037613868713379e-01,2.074007093906402588e-01,-3.411369025707244873e-02,2.784851752221584320e-02,4.047380983829498291e-01,-7.132554650306701660e-01,2.226513177156448364e-01,1.349528133869171143e-01,9.755126833915710449e-01,-1.004472613334655762e+00,-3.314595222473144531e-01,2.324011623859405518e-01,-6.141830682754516602e-01,-3.225882649421691895e-01,5.818380741402506828e-04,8.622519373893737793e-01,1.396493196487426758e+00,-3.499365150928497314e-01,-1.873203925788402557e-02
4.266607165336608887e-01,-1.674508675932884216e-04,7.706422805786132812e-01,9.983721375465393066e-01,-1.834147050976753235e-02,-2.538619749248027802e-02,-4.766771942377090454e-02,-1.681540012359619141e-01,3.825808167457580566e-01,2.727980315685272217e-01,4.833007156848907471e-01,-1.662536859512329102e-01,-2.196776866912841797e-01,-7.489670813083648682e-02,-3.281131088733673096e-01,-4.192550778388977051e-01,3.626061677932739258e-01,-1.127268075942993164e-01,1.953200399875640869e-01,-3.794212639331817627e-02,2.501025795936584473e-02,3.667762577533721924e-01,-7.052468061447143555e-01,2.133557945489883423e-01,1.303789913654327393e-01,9.836593866348266602e-01,-9.583360552787780762e-01,-2.988106608390808105e-01,2.708086371421813965e-01,-6.217138767242431641e-01,-3.098415136337280273e-01,-4.590882454067468643e-03,9.012674093246459961e-01,1.345241665840148926e+00,-3.559561371803283691e-01,-7.566352933645248413e-02
4.295167922973632812e-01,-1.710209995508193970e-03,7.753549814224243164e-01,9.986181855201721191e-01,-1.419326290488243103e-02,-1.939115300774574280e-02,-4.673521593213081360e-02,-1.287629455327987671e-01,3.567330837249755859e-01,2.693516612052917480e-01,3.913269639015197754e-01,-1.175145581364631653e-01,-2.348755449056625366e-01,-4.436682537198066711e-02,-3.249877989292144775e-01,-4.489910304546356201e-01,2.878801822662353516e-01,-7.753570377826690674e-02,1.915262937545776367e-01,-4.543340951204299927e-02,1.917135529220104218e-02,3.283272385597229004e-01,-7.041090726852416992e-01,2.094734460115432739e-01,1.250038146972656250e-01,1.018479347229003906e+00,-8.643214106559753418e-01,-2.780399620532989502e-01,3.272245824337005615e-01,-6.340089440345764160e-01,-2.965536713600158691e-01,2.881727647036314011e-03,9.511954188346862793e-01,1.297760605812072754e+00,-3.852353990077972412e-01,-1.185738220810890198e-01
4.346304237842559814e-01,-1.388662494719028473e-03,7.774315476417541504e-01,9.988059997558593750e-01,-7.440893445163965225e-03,-1.319961529225111008e-02,-4.644340276718139648e-02,-8.487414568662643433e-02,3.309020698070526123e-01,2.924084961414337158e-01,2.902934849262237549e-01,-6.598197668790817261e-02,-2.523254156112670898e-01,-2.417944371700286865e-02,-3.310979604721069336e-01,-4.847603440284729004e-01,2.241363227367401123e-01,-4.423652216792106628e-02,2.134437114000320435e-01,-4.604460299015045166e-02,9.368143044412136078e-03,2.881130576133728027e-01,-7.193675637245178223e-01,2.305920124053955078e-01,1.027734130620956421e-01,1.040276527404785156e+00,-8.094138503074645996e-01,-3.145509958267211914e-01,3.390341699123382568e-01,-6.437440514564514160e-01,-2.885535955429077148e-01,3.413746133446693420e-02,9.883849024772644043e-01,1.295450568199157715e+00,-4.010273516178131104e-01,-8.356983959674835205e-02
4.364568591117858887e-01,-1.722476910799741745e-03,7.785472273826599121e-01,9.986917376518249512e-01,-4.684561397880315781e-03,-1.598049327731132507e-02,-4.834805428981781006e-02,-5.283963680267333984e-02,3.199075162410736084e-01,3.022973835468292236e-01,2.494416087865829468e-01,-4.737062752246856689e-02,-2.540992498397827148e-01,-1.046461891382932663e-02,-3.324864506721496582e-01,-4.880539774894714355e-01,2.114084959030151367e-01,-3.976316750049591064e-02,2.162421345710754395e-01,-4.447909444570541382e-02,5.986901000142097473e-03,2.763886451721191406e-01,-7.147090435028076172e-01,2.396275401115417480e-01,1.041227877140045166e-01,1.041962981224060059e+00,-7.937198877334594727e-01,-3.303671181201934814e-01,3.398694097995758057e-01,-6.535190343856811523e-01,-2.863134145736694336e-01,5.354794859886169434e-02,1.005281329154968262e+00,1.288543105125427246e+00,-4.106953442096710205e-01,-8.179795742034912109e-02
4.374809563159942627e-01,-2.278230153024196625e-03,7.785683274269104004e-01,9.985107779502868652e-01,-2.667068270966410637e-03,-2.011457644402980804e-02,-5.064015090465545654e-02,-2.650328353047370911e-02,3.134898245334625244e-01,3.123081326484680176e-01,2.243130356073379517e-01,-3.801777586340904236e-02,-2.548595666885375977e-01,-2.509293379262089729e-03,-3.372018039226531982e-01,-4.879086613655090332e-01,2.140440791845321655e-01,-4.336615279316902161e-02,2.172361761331558228e-01,-4.210297763347625732e-02,3.532320261001586914e-03,2.672288417816162109e-01,-6.999874711036682129e-01,2.486745268106460571e-01,1.084586903452873230e-01,1.031948924064636230e+00,-7.845242023468017578e-01,-3.386855423450469971e-01,3.343471288681030273e-01,-6.592417955398559570e-01,-2.826442718505859375e-01,7.366815209388732910e-02,1.016957879066467285e+00,1.270906567573547363e+00,-4.191837012767791748e-01,-9.068565070629119873e-02
4.379285871982574463e-01,-2.992001827806234360e-03,7.779574990272521973e-01,9.982757568359375000e-01,-1.441314583644270897e-03,-2.515401877462863922e-02,-5.301523208618164062e-02,-2.489114878699183464e-03,3.103337883949279785e-01,3.210523724555969238e-01,2.086405903100967407e-01,-3.502858802676200867e-02,-2.546913921833038330e-01,4.874111153185367584e-03,-3.430406153202056885e-01,-4.890510439872741699e-01,2.238091975450515747e-01,-5.185397341847419739e-02,2.172951996326446533e-01,-4.039332643151283264e-02,2.294765552505850792e-03,2.596965432167053223e-01,-6.780778765678405762e-01,2.559765279293060303e-01,1.127778515219688416e-01,1.015259861946105957e+00,-7.848068475723266602e-01,-3.432545363903045654e-01,3.228027224540710449e-01,-6.572442650794982910e-01,-2.798716723918914795e-01,9.303579479455947876e-02,1.022807598114013672e+00,1.241891503334045410e+00,-4.206883907318115234e-01,-1.026469767093658447e-01
4.386330544948577881e-01,-4.148933570832014084e-03,7.772977352142333984e-01,9.979916810989379883e-01,-7.829547394067049026e-04,-3.105178475379943848e-02,-5.520684272050857544e-02,2.260445989668369293e-02,3.089585900306701660e-01,3.288681209087371826e-01,1.949868649244308472e-01,-3.442067280411720276e-02,-2.543367743492126465e-01,1.484381686896085739e-02,-3.482180535793304443e-01,-4.917196035385131836e-01,2.351075410842895508e-01,-6.301248818635940552e-02,2.173740714788436890e-01,-3.964591026306152344e-02,8.930093608796596527e-04,2.532517611980438232e-01,-6.506218314170837402e-01,2.614803016185760498e-01,1.178702190518379211e-01,9.977797269821166992e-01,-7.917145490646362305e-01,-3.442486226558685303e-01,3.079294860363006592e-01,-6.488274335861206055e-01,-2.766444385051727295e-01,1.104647591710090637e-01,1.026170492172241211e+00,1.205157279968261719e+00,-4.145134091377258301e-01,-1.129109039902687073e-01
4.395684599876403809e-01,-5.473709665238857269e-03,7.767562270164489746e-01,9.976946711540222168e-01,-7.356845308095216751e-04,-3.724863007664680481e-02,-5.672070384025573730e-02,4.780934005975723267e-02,3.086976110935211182e-01,3.346121311187744141e-01,1.810932606458663940e-01,-3.421826288104057312e-02,-2.546023428440093994e-01,2.835069037973880768e-02,-3.512909412384033203e-01,-4.964485764503479004e-01,2.436946332454681396e-01,-7.405512034893035889e-02,2.179021090269088745e-01,-3.960583359003067017e-02,-1.203545951284468174e-03,2.470664232969284058e-01,-6.205487847328186035e-01,2.644768357276916504e-01,1.225203648209571838e-01,9.840611815452575684e-01,-8.062433600425720215e-01,-3.431881368160247803e-01,2.903836369514465332e-01,-6.360463500022888184e-01,-2.725586891174316406e-01,1.239599809050559998e-01,1.030114173889160156e+00,1.165323019027709961e+00,-4.020855426788330078e-01,-1.181804239749908447e-01
4.406938254833221436e-01,-6.869914010167121887e-03,7.763962149620056152e-01,9.974724650382995605e-01,-9.864221792668104172e-04,-4.247666895389556885e-02,-5.695053935050964355e-02,6.841955333948135376e-02,3.087083995342254639e-01,3.368169069290161133e-01,1.689258664846420288e-01,-3.359925374388694763e-02,-2.550671696662902832e-01,4.324581846594810486e-02,-3.525278866291046143e-01,-5.029470324516296387e-01,2.479441761970520020e-01,-8.286049962043762207e-02,2.186730057001113892e-01,-4.059694334864616394e-02,-4.639459308236837387e-03,2.400437295436859131e-01,-5.918315649032592773e-01,2.649739980697631836e-01,1.248775199055671692e-01,9.764018654823303223e-01,-8.287514448165893555e-01,-3.400705158710479736e-01,2.726047933101654053e-01,-6.224845647811889648e-01,-2.682890295982360840e-01,1.314017921686172485e-01,1.034793496131896973e+00,1.129335880279541016e+00,-3.852146863937377930e-01,-1.185340210795402527e-01
4.418962001800537109e-01,-8.162541314959526062e-03,7.761801481246948242e-01,9.973745346069335938e-01,-1.215582946315407753e-03,-4.592563584446907043e-02,-5.597705021500587463e-02,8.191406726837158203e-02,3.086422383785247803e-01,3.355485796928405762e-01,1.600047349929809570e-01,-3.223516792058944702e-02,-2.549346685409545898e-01,5.605543404817581177e-02,-3.530016243457794189e-01,-5.096827745437622070e-01,2.495082467794418335e-01,-8.892461657524108887e-02,2.188590466976165771e-01,-4.241273924708366394e-02,-9.710819460451602936e-03,2.319465130567550659e-01,-5.665303468704223633e-01,2.637988626956939697e-01,1.259216219186782837e-01,9.722697734832763672e-01,-8.545968532562255859e-01,-3.349453806877136230e-01,2.581373155117034912e-01,-6.115396022796630859e-01,-2.644399106502532959e-01,1.319016516208648682e-01,1.037549614906311035e+00,1.101674079895019531e+00,-3.664042949676513672e-01,-1.160805448889732361e-01
4.429535567760467529e-01,-9.277104400098323822e-03,7.760596871376037598e-01,9.973792433738708496e-01,-1.294393790885806084e-03,-4.759385064244270325e-02,-5.447772890329360962e-02,8.843589574098587036e-02,3.084948658943176270e-01,3.324516117572784424e-01,1.555261760950088501e-01,-3.061432205140590668e-02,-2.541728019714355469e-01,6.522729247808456421e-02,-3.531682491302490234e-01,-5.154339075088500977e-01,2.490921169519424438e-01,-9.218413382768630981e-02,2.186611890792846680e-01,-4.405123740434646606e-02,-1.577577926218509674e-02,2.229130715131759644e-01,-5.448846817016601562e-01,2.619950175285339355e-01,1.263530105352401733e-01,9.670608043670654297e-01,-8.772985935211181641e-01,-3.312170803546905518e-01,2.490835487842559814e-01,-6.034525036811828613e-01,-2.616922855377197266e-01,1.273288279771804810e-01,1.033614516258239746e+00,1.080138325691223145e+00,-3.488855659961700439e-01,-1.124738454818725586e-01
4.437001943588256836e-01,-1.020448561757802963e-02,7.760802507400512695e-01,9.974347352981567383e-01,-1.387042109854519367e-03,-4.802218079566955566e-02,-5.306398496031761169e-02,8.966838568449020386e-02,3.090887367725372314e-01,3.297857642173767090e-01,1.556337475776672363e-01,-3.003304451704025269e-02,-2.529640793800354004e-01,7.057632505893707275e-02,-3.530220389366149902e-01,-5.200440883636474609e-01,2.484029680490493774e-01,-9.329055994749069214e-02,2.181975245475769043e-01,-4.448680952191352844e-02,-2.178551256656646729e-02,2.137572318315505981e-01,-5.275062918663024902e-01,2.602437436580657959e-01,1.269054561853408813e-01,9.570761919021606445e-01,-8.928467035293579102e-01,-3.315360248088836670e-01,2.425739616155624390e-01,-5.975940227508544922e-01,-2.601566016674041748e-01,1.212136074900627136e-01,1.019944429397583008e+00,1.059702515602111816e+00,-3.355192840099334717e-01,-1.075102314352989197e-01
4.442620277404785156e-01,-1.093257497996091843e-02,7.761675119400024414e-01,9.975337982177734375e-01,-1.765279914252460003e-03,-4.760967195034027100e-02,-5.154185369610786438e-02,8.764263987541198730e-02,3.111248314380645752e-01,3.284567892551422119e-01,1.587720960378646851e-01,-3.140314295887947083e-02,-2.523881793022155762e-01,7.370647042989730835e-02,-3.521841764450073242e-01,-5.250030755996704102e-01,2.477143257856369019e-01,-9.331254661083221436e-02,2.179915755987167358e-01,-4.442927613854408264e-02,-2.702209725975990295e-02,2.046920210123062134e-01,-5.152857303619384766e-01,2.594311833381652832e-01,1.268003135919570923e-01,9.443777799606323242e-01,-9.053447842597961426e-01,-3.359217643737792969e-01,2.355038821697235107e-01,-5.933792591094970703e-01,-2.595228552818298340e-01,1.176377609372138977e-01,1.001668334007263184e+00,1.039927721023559570e+00,-3.288338482379913330e-01,-1.008756458759307861e-01
4.446843862533569336e-01,-1.148119196295738220e-02,7.760300636291503906e-01,9.976445436477661133e-01,-2.603367902338504791e-03,-4.716544598340988159e-02,-4.973873123526573181e-02,8.509320765733718872e-02,3.143897950649261475e-01,3.271008431911468506e-01,1.632803976535797119e-01,-3.492189571261405945e-02,-2.529102563858032227e-01,7.702837884426116943e-02,-3.509882688522338867e-01,-5.316710472106933594e-01,2.476168274879455566e-01,-9.442596882581710815e-02,2.176870405673980713e-01,-4.423712939023971558e-02,-3.065391071140766144e-02,1.972575932741165161e-01,-5.067822337150573730e-01,2.592486739158630371e-01,1.249514371156692505e-01,9.317631125450134277e-01,-9.152426719665527344e-01,-3.411943316459655762e-01,2.271618098020553589e-01,-5.886288285255432129e-01,-2.598063349723815918e-01,1.196628063917160034e-01,9.849116206169128418e-01,1.020716905593872070e+00,-3.291073143482208252e-01,-9.847714006900787354e-02
4.452279806137084961e-01,-1.176689472049474716e-02,7.757451534271240234e-01,9.977272152900695801e-01,-3.540149657055735588e-03,-4.735782742500305176e-02,-4.780216515064239502e-02,8.439532667398452759e-02,3.168306052684783936e-01,3.245637714862823486e-01,1.669661551713943481e-01,-3.944315388798713684e-02,-2.535071969032287598e-01,8.191736787557601929e-02,-3.504325449466705322e-01,-5.389447212219238281e-01,2.483826279640197754e-01,-9.762976318597793579e-02,2.172906845808029175e-01,-4.416060820221900940e-02,-3.282440453767776489e-02,1.929390728473663330e-01,-4.988873004913330078e-01,2.587909996509552002e-01,1.180167123675346375e-01,9.225183725357055664e-01,-9.216741919517517090e-01,-3.429077267646789551e-01,2.197700440883636475e-01,-5.816438198089599609e-01,-2.612424790859222412e-01,1.246535405516624451e-01,9.746552705764770508e-01,1.006207466125488281e+00,-3.304128944873809814e-01,-1.020795926451683044e-01
4.459643363952636719e-01,-1.188077498227357864e-02,7.755533456802368164e-01,9.977933168411254883e-01,-4.001244436949491501e-03,-4.774762317538261414e-02,-4.596456512808799744e-02,8.548023551702499390e-02,3.171256184577941895e-01,3.213553726673126221e-01,1.679263412952423096e-01,-4.236153140664100647e-02,-2.533336877822875977e-01,8.728398382663726807e-02,-3.512450754642486572e-01,-5.461966991424560547e-01,2.491922974586486816e-01,-1.008439511060714722e-01,2.178772240877151489e-01,-4.406311362981796265e-02,-3.467350453138351440e-02,1.909281611442565918e-01,-4.911708831787109375e-01,2.581187188625335693e-01,1.070484668016433716e-01,9.176085591316223145e-01,-9.258871674537658691e-01,-3.412771224975585938e-01,2.146893888711929321e-01,-5.730663537979125977e-01,-2.632643878459930420e-01,1.277734488248825073e-01,9.709559082984924316e-01,9.953715205192565918e-01,-3.290372490882873535e-01,-1.061709523200988770e-01
4.467516541481018066e-01,-1.185372844338417053e-02,7.754884362220764160e-01,9.978626370429992676e-01,-3.939546179026365280e-03,-4.777938500046730042e-02,-4.440494999289512634e-02,8.693844079971313477e-02,3.156535625457763672e-01,3.185798823833465576e-01,1.660956889390945435e-01,-4.258953779935836792e-02,-2.522235810756683350e-01,9.210321307182312012e-02,-3.524143695831298828e-01,-5.515075325965881348e-01,2.481707334518432617e-01,-1.021706461906433105e-01,2.192629575729370117e-01,-4.345179721713066101e-02,-3.643812984228134155e-02,1.891704946756362915e-01,-4.870151281356811523e-01,2.576476037502288818e-01,9.606548398733139038e-02,9.143475294113159180e-01,-9.276518225669860840e-01,-3.381533324718475342e-01,2.127749323844909668e-01,-5.644414424896240234e-01,-2.650552392005920410e-01,1.260908097028732300e-01,9.692134261131286621e-01,9.865306615829467773e-01,-3.250614106655120850e-01,-1.096672564744949341e-01
4.476179778575897217e-01,-1.179639250040054321e-02,7.756300568580627441e-01,9.979650378227233887e-01,-3.834869479760527611e-03,-4.669349640607833862e-02,-4.325248673558235168e-02,8.669341355562210083e-02,3.143144845962524414e-01,3.173715472221374512e-01,1.632359772920608521e-01,-4.179044067859649658e-02,-2.512759864330291748e-01,9.565749019384384155e-02,-3.520367741584777832e-01,-5.555777549743652344e-01,2.423086017370223999e-01,-9.887352585792541504e-02,2.203591912984848022e-01,-4.251717776060104370e-02,-3.787862136960029602e-02,1.851485818624496460e-01,-4.864743351936340332e-01,2.573974430561065674e-01,8.849794417619705200e-02,9.066870808601379395e-01,-9.239369034767150879e-01,-3.370082974433898926e-01,2.119993269443511963e-01,-5.566328763961791992e-01,-2.650865614414215088e-01,1.161981374025344849e-01,9.648823738098144531e-01,9.817885756492614746e-01,-3.209764361381530762e-01,-1.082149669528007507e-01
4.485588967800140381e-01,-1.166816987097263336e-02,7.759252786636352539e-01,9.980784654617309570e-01,-3.854531794786453247e-03,-4.467223584651947021e-02,-4.276650026440620422e-02,8.494996279478073120e-02,3.134460151195526123e-01,3.184001147747039795e-01,1.604545563459396362e-01,-4.202664270997047424e-02,-2.515227496623992920e-01,9.672334790229797363e-02,-3.507682681083679199e-01,-5.588467121124267578e-01,2.350571155548095703e-01,-9.386362135410308838e-02,2.221105843782424927e-01,-4.102782532572746277e-02,-3.847562521696090698e-02,1.798740625381469727e-01,-4.893174469470977783e-01,2.577604949474334717e-01,8.374052494764328003e-02,8.974115848541259766e-01,-9.175802469253540039e-01,-3.409308195114135742e-01,2.087708264589309692e-01,-5.504135489463806152e-01,-2.646120190620422363e-01,1.035283952951431274e-01,9.596458077430725098e-01,9.864490032196044922e-01,-3.212198019027709961e-01,-1.037016063928604126e-01
4.503588080406188965e-01,-1.224891096353530884e-02,7.760455012321472168e-01,9.981631040573120117e-01,-3.618120914325118065e-03,-4.264735803008079529e-02,-4.287801310420036316e-02,8.399816602468490601e-02,3.114482760429382324e-01,3.206558525562286377e-01,1.576270461082458496e-01,-4.328329861164093018e-02,-2.520316541194915771e-01,9.589850157499313354e-02,-3.514357507228851318e-01,-5.608509778976440430e-01,2.312364429235458374e-01,-9.154773503541946411e-02,2.251581847667694092e-01,-3.983740881085395813e-02,-3.877117857336997986e-02,1.762744784355163574e-01,-4.914976656436920166e-01,2.588098943233489990e-01,7.848075777292251587e-02,8.940899372100830078e-01,-9.151878952980041504e-01,-3.459540009498596191e-01,2.057015448808670044e-01,-5.463742613792419434e-01,-2.651242911815643311e-01,9.691299498081207275e-02,9.559578895568847656e-01,9.952955245971679688e-01,-3.242640793323516846e-01,-1.009251475334167480e-01
4.515991806983947754e-01,-1.150710880756378174e-02,7.759367823600769043e-01,9.981968998908996582e-01,-2.841566922143101692e-03,-4.106075316667556763e-02,-4.369134828448295593e-02,8.515033870935440063e-02,3.078860342502593994e-01,3.237040936946868896e-01,1.554037928581237793e-01,-4.607447609305381775e-02,-2.522419691085815430e-01,9.299799799919128418e-02,-3.553824722766876221e-01,-5.605565309524536133e-01,2.332895100116729736e-01,-9.342643618583679199e-02,2.281107008457183838e-01,-3.976447507739067078e-02,-3.941373154520988464e-02,1.753960102796554565e-01,-4.906460344791412354e-01,2.606599330902099609e-01,7.245276868343353271e-02,9.000703096389770508e-01,-9.161770939826965332e-01,-3.478627800941467285e-01,2.049587070941925049e-01,-5.453760027885437012e-01,-2.661122977733612061e-01,9.648330509662628174e-02,9.538171291351318359e-01,9.996023774147033691e-01,-3.250977694988250732e-01,-9.907569736242294312e-02
4.529681205749511719e-01,-1.050098054111003876e-02,7.757778763771057129e-01,9.981877803802490234e-01,-1.278102048672735691e-03,-3.973382338881492615e-02,-4.517464712262153625e-02,8.700923621654510498e-02,3.026140034198760986e-01,3.279681801795959473e-01,1.542125493288040161e-01,-4.966122657060623169e-02,-2.511170208454132080e-01,8.754460513591766357e-02,-3.628259003162384033e-01,-5.579828023910522461e-01,2.412340044975280762e-01,-9.835813194513320923e-02,2.300538569688796997e-01,-4.093042016029357910e-02,-4.099470004439353943e-02,1.765886843204498291e-01,-4.891869723796844482e-01,2.637700736522674561e-01,6.744105368852615356e-02,9.143537878990173340e-01,-9.183539152145385742e-01,-3.463428318500518799e-01,2.069762349128723145e-01,-5.480449795722961426e-01,-2.669309377670288086e-01,1.012117341160774231e-01,9.528484344482421875e-01,9.984107017517089844e-01,-3.240026831626892090e-01,-9.627927839756011963e-02
4.542913734912872314e-01,-9.405322372913360596e-03,7.756427526473999023e-01,9.981513619422912598e-01,9.334614733234047890e-04,-3.830235078930854797e-02,-4.717898368835449219e-02,8.878080546855926514e-02,2.959865927696228027e-01,3.337027132511138916e-01,1.530654281377792358e-01,-5.282534658908843994e-02,-2.487415820360183716e-01,7.928207516670227051e-02,-3.725205063819885254e-01,-5.527538657188415527e-01,2.526823282241821289e-01,-1.039024218916893005e-01,2.309525012969970703e-01,-4.268537089228630066e-02,-4.331617802381515503e-02,1.783432513475418091e-01,-4.894731938838958740e-01,2.675881981849670410e-01,6.462088972330093384e-02,9.305091500282287598e-01,-9.212403893470764160e-01,-3.439762294292449951e-01,2.097736150026321411e-01,-5.534104704856872559e-01,-2.677349746227264404e-01,1.071636304259300232e-01,9.522168040275573730e-01,9.970932602882385254e-01,-3.216434419155120850e-01,-9.305346012115478516e-02
4.556570053100585938e-01,-8.144561201333999634e-03,7.755647897720336914e-01,9.980983138084411621e-01,3.370907157659530640e-03,-3.656639903783798218e-02,-4.951174929738044739e-02,9.008915722370147705e-02,2.888746857643127441e-01,3.402606248855590820e-01,1.518021374940872192e-01,-5.577672272920608521e-02,-2.462655007839202881e-01,6.916712224483489990e-02,-3.827629089355468750e-01,-5.461048483848571777e-01,2.646478712558746338e-01,-1.085474789142608643e-01,2.311507165431976318e-01,-4.432421550154685974e-02,-4.550492018461227417e-02,1.797904521226882935e-01,-4.918963313102722168e-01,2.715481221675872803e-01,6.438065320253372192e-02,9.425227046012878418e-01,-9.224407672882080078e-01,-3.430127203464508057e-01,2.111426442861557007e-01,-5.602446794509887695e-01,-2.685624361038208008e-01,1.106025949120521545e-01,9.516559243202209473e-01,1.000000715255737305e+00,-3.194644451141357422e-01,-8.860905468463897705e-02
4.570476710796356201e-01,-6.901498883962631226e-03,7.755214571952819824e-01,9.980373382568359375e-01,5.801818799227476120e-03,-3.445357456803321838e-02,-5.196905136108398438e-02,9.066168963909149170e-02,2.816833257675170898e-01,3.467192947864532471e-01,1.505298614501953125e-01,-5.841107666492462158e-02,-2.443459331989288330e-01,5.828892439603805542e-02,-3.924676775932312012e-01,-5.386803746223449707e-01,2.755899131298065186e-01,-1.121744140982627869e-01,2.311063408851623535e-01,-4.540801793336868286e-02,-4.720179736614227295e-02,1.805516183376312256e-01,-4.964320659637451172e-01,2.751412391662597656e-01,6.570024788379669189e-02,9.510955214500427246e-01,-9.199846982955932617e-01,-3.436342477798461914e-01,2.108739614486694336e-01,-5.686207413673400879e-01,-2.698745131492614746e-01,1.127812340855598450e-01,9.526494145393371582e-01,1.007663965225219727e+00,-3.183116912841796875e-01,-8.423379063606262207e-02
4.584655761718750000e-01,-5.800915881991386414e-03,7.754647731781005859e-01,9.979758858680725098e-01,8.128365501761436462e-03,-3.207633644342422485e-02,-5.430566892027854919e-02,9.053911268711090088e-02,2.747878432273864746e-01,3.532356619834899902e-01,1.496287733316421509e-01,-6.093285977840423584e-02,-2.429770231246948242e-01,4.764430969953536987e-02,-4.014499783515930176e-01,-5.314513444900512695e-01,2.854402065277099609e-01,-1.152023449540138245e-01,2.308192253112792969e-01,-4.650821909308433533e-02,-4.820555448532104492e-02,1.811755597591400146e-01,-5.020619034767150879e-01,2.782447636127471924e-01,6.710115075111389160e-02,9.584428071975708008e-01,-9.170607328414916992e-01,-3.447289764881134033e-01,2.105541676282882690e-01,-5.776924490928649902e-01,-2.717889845371246338e-01,1.156210750341415405e-01,9.546808600425720215e-01,1.016509413719177246e+00,-3.180946409702301025e-01,-8.086409419775009155e-02
4.600020647048950195e-01,-4.844514653086662292e-03,7.754318714141845703e-01,9.979074597358703613e-01,1.042712852358818054e-02,-2.951542288064956665e-02,-5.657625943422317505e-02,8.987367153167724609e-02,2.679752707481384277e-01,3.598951697349548340e-01,1.487915962934494019e-01,-6.340938806533813477e-02,-2.416610270738601685e-01,3.702933341264724731e-02,-4.098427891731262207e-01,-5.243123769760131836e-01,2.946988046169281006e-01,-1.180829405784606934e-01,2.301974743604660034e-01,-4.747693240642547607e-02,-4.869040101766586304e-02,1.817696988582611084e-01,-5.087004899978637695e-01,2.808551788330078125e-01,6.834600865840911865e-02,9.647461771965026855e-01,-9.138019680976867676e-01,-3.449368476867675781e-01,2.105221152305603027e-01,-5.871564745903015137e-01,-2.741068899631500244e-01,1.192408353090286255e-01,9.571465253829956055e-01,1.025029420852661133e+00,-3.189542293548583984e-01,-7.828854024410247803e-02
4.617432355880737305e-01,-3.919318318367004395e-03,7.754420638084411621e-01,9.978390336036682129e-01,1.253384072333574295e-02,-2.669430151581764221e-02,-5.871583893895149231e-02,8.854269236326217651e-02,2.617540955543518066e-01,3.664748966693878174e-01,1.479588150978088379e-01,-6.578563153743743896e-02,-2.404015362262725830e-01,2.696228958666324615e-02,-4.169926643371582031e-01,-5.176586508750915527e-01,3.020897507667541504e-01,-1.203100010752677917e-01,2.291001230478286743e-01,-4.861091077327728271e-02,-4.825622960925102234e-02,1.821087896823883057e-01,-5.167227983474731445e-01,2.834393084049224854e-01,6.933246552944183350e-02,9.703793525695800781e-01,-9.100242853164672852e-01,-3.452183604240417480e-01,2.107700407505035400e-01,-5.971636176109313965e-01,-2.764341533184051514e-01,1.231959834694862366e-01,9.599529504776000977e-01,1.033884406089782715e+00,-3.206444382667541504e-01,-7.575457543134689331e-02
4.638622999191284180e-01,-2.958029508590698242e-03,7.754920125007629395e-01,9.977803826332092285e-01,1.432446110993623734e-02,-2.375913970172405243e-02,-6.053689494729042053e-02,8.634421974420547485e-02,2.567351758480072021e-01,3.721487224102020264e-01,1.479078531265258789e-01,-6.838373839855194092e-02,-2.392525821924209595e-01,1.811696588993072510e-02,-4.226725697517395020e-01,-5.122862458229064941e-01,3.073682188987731934e-01,-1.221491321921348572e-01,2.279182821512222290e-01,-4.985252395272254944e-02,-4.675261676311492920e-02,1.821973025798797607e-01,-5.263069868087768555e-01,2.861400544643402100e-01,6.939964741468429565e-02,9.758183360099792480e-01,-9.060910344123840332e-01,-3.456914126873016357e-01,2.099099904298782349e-01,-6.072900295257568359e-01,-2.783311903476715088e-01,1.264654248952865601e-01,9.639587998390197754e-01,1.043630361557006836e+00,-3.222679495811462402e-01,-7.302983105182647705e-02
4.661365747451782227e-01,-2.236915752291679382e-03,7.755711078643798828e-01,9.977390766143798828e-01,1.576129533350467682e-02,-2.069323882460594177e-02,-6.196865439414978027e-02,8.343953639268875122e-02,2.529962062835693359e-01,3.768036067485809326e-01,1.486699879169464111e-01,-7.118920981884002686e-02,-2.381663769483566284e-01,1.091402675956487656e-02,-4.268599152565002441e-01,-5.086747407913208008e-01,3.102774322032928467e-01,-1.235448420047760010e-01,2.265143394470214844e-01,-5.134871602058410645e-02,-4.413799941539764404e-02,1.820643395185470581e-01,-5.370013117790222168e-01,2.889603972434997559e-01,6.826521456241607666e-02,9.821982979774475098e-01,-9.016789793968200684e-01,-3.459218740463256836e-01,2.079374641180038452e-01,-6.172487735748291016e-01,-2.796767950057983398e-01,1.290125250816345215e-01,9.691860675811767578e-01,1.055306792259216309e+00,-3.235673904418945312e-01,-6.977883726358413696e-02
4.684349596500396729e-01,-1.879813149571418762e-03,7.756716012954711914e-01,9.977168440818786621e-01,1.691939122974872589e-02,-1.760570891201496124e-02,-6.296789646148681641e-02,8.023359626531600952e-02,2.502027153968811035e-01,3.799782991409301758e-01,1.502158492803573608e-01,-7.445214688777923584e-02,-2.369679957628250122e-01,5.371246021240949631e-03,-4.297506809234619141e-01,-5.063238739967346191e-01,3.112711906433105469e-01,-1.249000504612922668e-01,2.253921926021575928e-01,-5.274740606546401978e-02,-4.060431942343711853e-02,1.819115132093429565e-01,-5.485743284225463867e-01,2.915216684341430664e-01,6.639436632394790649e-02,9.890078306198120117e-01,-8.960137367248535156e-01,-3.454710245132446289e-01,2.055923193693161011e-01,-6.262576580047607422e-01,-2.807049453258514404e-01,1.308038681745529175e-01,9.749174118041992188e-01,1.068578839302062988e+00,-3.244058489799499512e-01,-6.635148823261260986e-02
4.710483551025390625e-01,-1.704338937997817993e-03,7.758240103721618652e-01,9.977203011512756348e-01,1.788459159433841705e-02,-1.441920176148414612e-02,-6.345356255769729614e-02,7.676796615123748779e-02,2.479114830493927002e-01,3.817607462406158447e-01,1.517817974090576172e-01,-7.790405303239822388e-02,-2.359094023704528809e-01,1.271190121769905090e-03,-4.314370751380920410e-01,-5.051986575126647949e-01,3.105596601963043213e-01,-1.264202296733856201e-01,2.247947901487350464e-01,-5.432547256350517273e-02,-3.645864874124526978e-02,1.813712716102600098e-01,-5.600666403770446777e-01,2.938175797462463379e-01,6.414797157049179077e-02,9.961324334144592285e-01,-8.908339738845825195e-01,-3.444453775882720947e-01,2.026661783456802368e-01,-6.339061260223388672e-01,-2.813355922698974609e-01,1.323818117380142212e-01,9.808877706527709961e-01,1.082807540893554688e+00,-3.257488906383514404e-01,-6.318911164999008179e-02
4.740126729011535645e-01,-1.596942543983459473e-03,7.760826349258422852e-01,9.977446794509887695e-01,1.867330260574817657e-02,-1.101215276867151260e-02,-6.352627277374267578e-02,7.264686375856399536e-02,2.461702227592468262e-01,3.824884593486785889e-01,1.538480967283248901e-01,-8.129297196865081787e-02,-2.348651140928268433e-01,-1.413521356880664825e-03,-4.320858418941497803e-01,-5.053215622901916504e-01,3.080553710460662842e-01,-1.278093755245208740e-01,2.245558351278305054e-01,-5.618846789002418518e-02,-3.163849934935569763e-02,1.806112378835678101e-01,-5.712613463401794434e-01,2.960730493068695068e-01,6.127360463142395020e-02,1.004008412361145020e+00,-8.863092660903930664e-01,-3.426643610000610352e-01,1.989291161298751831e-01,-6.402043104171752930e-01,-2.815031707286834717e-01,1.335029751062393188e-01,9.871679544448852539e-01,1.097304105758666992e+00,-3.280192911624908447e-01,-6.190378963947296143e-02
4.771640002727508545e-01,-1.644052565097808838e-03,7.764236330986022949e-01,9.978001117706298828e-01,1.936663314700126648e-02,-7.287285756319761276e-03,-6.298219412565231323e-02,6.757143884897232056e-02,2.446978390216827393e-01,3.824175596237182617e-01,1.560827046632766724e-01,-8.415462076663970947e-02,-2.336933165788650513e-01,-2.511375350877642632e-03,-4.320761859416961670e-01,-5.067463517189025879e-01,3.039661049842834473e-01,-1.291465759277343750e-01,2.244462817907333374e-01,-5.887206643819808960e-02,-2.616651728749275208e-02,1.793293952941894531e-01,-5.808175206184387207e-01,2.983938455581665039e-01,5.711401998996734619e-02,1.013127923011779785e+00,-8.841103315353393555e-01,-3.398417532444000244e-01,1.943088918924331665e-01,-6.447160840034484863e-01,-2.814507782459259033e-01,1.348102837800979614e-01,9.938517212867736816e-01,1.110799312591552734e+00,-3.314306437969207764e-01,-6.267235428094863892e-02
4.809834063053131104e-01,-1.584779471158981323e-03,7.768080830574035645e-01,9.978860020637512207e-01,1.976100355386734009e-02,-3.442431800067424774e-03,-6.181570887565612793e-02,6.127711385488510132e-02,2.438644021749496460e-01,3.804343342781066895e-01,1.598919332027435303e-01,-8.695915341377258301e-02,-2.325274646282196045e-01,-7.380038732662796974e-04,-4.304772317409515381e-01,-5.102838873863220215e-01,2.958158850669860840e-01,-1.290502250194549561e-01,2.247171998023986816e-01,-6.196144223213195801e-02,-1.989046856760978699e-02,1.774254292249679565e-01,-5.882147550582885742e-01,3.007613420486450195e-01,5.071437731385231018e-02,1.023259520530700684e+00,-8.858231306076049805e-01,-3.366302251815795898e-01,1.883628219366073608e-01,-6.470741033554077148e-01,-2.809916436672210693e-01,1.360002607107162476e-01,1.000090599060058594e+00,1.122196078300476074e+00,-3.349118530750274658e-01,-6.507395207881927490e-02
4.857555627822875977e-01,-1.295875757932662964e-03,7.772359251976013184e-01,9.979950189590454102e-01,1.987813413143157959e-02,2.855689090210944414e-04,-6.008830666542053223e-02,5.249807611107826233e-02,2.438256740570068359e-01,3.757469654083251953e-01,1.685408204793930054e-01,-9.221871942281723022e-02,-2.306458503007888794e-01,4.290352109819650650e-03,-4.274702668190002441e-01,-5.159871578216552734e-01,2.840163707733154297e-01,-1.273074895143508911e-01,2.246388494968414307e-01,-6.560903787612915039e-02,-1.330118346959352493e-02,1.748555749654769897e-01,-5.926827788352966309e-01,3.037306964397430420e-01,4.262319207191467285e-02,1.033081889152526855e+00,-8.916285037994384766e-01,-3.345970809459686279e-01,1.806741058826446533e-01,-6.477122902870178223e-01,-2.803131937980651855e-01,1.379142105579376221e-01,1.005985140800476074e+00,1.131564021110534668e+00,-3.379035890102386475e-01,-6.592290103435516357e-02
4.911952912807464600e-01,-9.810924530029296875e-04,7.776647806167602539e-01,9.981189370155334473e-01,1.977839320898056030e-02,3.908801823854446411e-03,-5.789827927947044373e-02,3.931143134832382202e-02,2.450846135616302490e-01,3.681568801403045654e-01,1.861280947923660278e-01,-1.017673537135124207e-01,-2.284808903932571411e-01,1.275771297514438629e-02,-4.228242933750152588e-01,-5.233604311943054199e-01,2.673674225807189941e-01,-1.224399209022521973e-01,2.251527458429336548e-01,-6.896401941776275635e-02,-6.775322835892438889e-03,1.719703227281570435e-01,-5.964142084121704102e-01,3.084622621536254883e-01,3.459736704826354980e-02,1.040665149688720703e+00,-9.003508090972900391e-01,-3.344441056251525879e-01,1.693703383207321167e-01,-6.487526893615722656e-01,-2.799651026725769043e-01,1.412743180990219116e-01,1.011898994445800781e+00,1.139472246170043945e+00,-3.414375483989715576e-01,-6.525196880102157593e-02
4.969701170921325684e-01,-5.062445998191833496e-04,7.778098583221435547e-01,9.982606172561645508e-01,1.909807696938514709e-02,6.940434686839580536e-03,-5.534331500530242920e-02,1.757754944264888763e-02,2.506673932075500488e-01,3.563127815723419189e-01,2.255271971225738525e-01,-1.199565604329109192e-01,-2.259593158960342407e-01,2.466428652405738831e-02,-4.167856276035308838e-01,-5.328007340431213379e-01,2.482351958751678467e-01,-1.158947795629501343e-01,2.276212871074676514e-01,-7.134948670864105225e-02,-3.135432780254632235e-04,1.711590439081192017e-01,-5.983742475509643555e-01,3.153623640537261963e-01,2.718308381736278534e-02,1.044380784034729004e+00,-9.137551188468933105e-01,-3.353991210460662842e-01,1.559332758188247681e-01,-6.505632400512695312e-01,-2.808241546154022217e-01,1.472736299037933350e-01,1.015933036804199219e+00,1.147606849670410156e+00,-3.462636470794677734e-01,-6.614359468221664429e-02
5.029658079147338867e-01,1.079030334949493408e-04,7.776695489883422852e-01,9.984198212623596191e-01,1.676901802420616150e-02,9.035793133080005646e-03,-5.286793038249015808e-02,-1.829301007091999054e-02,2.638607621192932129e-01,3.379063308238983154e-01,2.981460988521575928e-01,-1.510629355907440186e-01,-2.204204648733139038e-01,3.904691711068153381e-02,-4.083202779293060303e-01,-5.459226369857788086e-01,2.302533090114593506e-01,-1.124828085303306580e-01,2.316474765539169312e-01,-7.136455178260803223e-02,7.509151473641395569e-03,1.749462187290191650e-01,-5.994954705238342285e-01,3.247004449367523193e-01,2.152686566114425659e-02,1.044535040855407715e+00,-9.294969439506530762e-01,-3.368629813194274902e-01,1.379854232072830200e-01,-6.552349328994750977e-01,-2.831973731517791748e-01,1.531964540481567383e-01,1.017542243003845215e+00,1.152387261390686035e+00,-3.525986671447753906e-01,-6.668516993522644043e-02
5.090808272361755371e-01,1.321833580732345581e-03,7.765504121780395508e-01,9.986836314201354980e-01,1.171178370714187622e-02,9.670562110841274261e-03,-4.899343103170394897e-02,-7.051546871662139893e-02,2.865560948848724365e-01,3.056600093841552734e-01,4.076149761676788330e-01,-1.902411878108978271e-01,-2.125020772218704224e-01,5.759438499808311462e-02,-3.937086760997772217e-01,-5.594203472137451172e-01,2.135896384716033936e-01,-1.118706762790679932e-01,2.356484830379486084e-01,-6.982207298278808594e-02,1.830751262605190277e-02,1.851627230644226074e-01,-5.993235111236572266e-01,3.368140161037445068e-01,1.614002138376235962e-02,1.040864706039428711e+00,-9.498313069343566895e-01,-3.350426554679870605e-01,1.228485554456710815e-01,-6.592694520950317383e-01,-2.895725667476654053e-01,1.605764478445053101e-01,1.018570423126220703e+00,1.159101843833923340e+00,-3.567239344120025635e-01,-7.027840614318847656e-02
5.154963135719299316e-01,2.778116613626480103e-03,7.749338150024414062e-01,9.990157485008239746e-01,2.912242664024233818e-03,9.380558505654335022e-03,-4.325529187917709351e-02,-1.415525823831558228e-01,3.147004544734954834e-01,2.549619376659393311e-01,5.341162085533142090e-01,-2.373670637607574463e-01,-1.959607601165771484e-01,8.265069872140884399e-02,-3.695656657218933105e-01,-5.755434036254882812e-01,1.943945884704589844e-01,-1.132069230079650879e-01,2.417653053998947144e-01,-6.758879125118255615e-02,3.385346010327339172e-02,1.990686208009719849e-01,-6.021142005920410156e-01,3.501371741294860840e-01,6.418482400476932526e-03,1.040103912353515625e+00,-9.680052399635314941e-01,-3.355761468410491943e-01,1.087297275662422180e-01,-6.605231165885925293e-01,-3.008883297443389893e-01,1.651858240365982056e-01,1.020973563194274902e+00,1.163328886032104492e+00,-3.581752181053161621e-01,-7.119652628898620605e-02
5.225953459739685059e-01,6.079301238059997559e-03,7.726808786392211914e-01,9.992194175720214844e-01,-4.045284353196620941e-03,9.109416045248508453e-03,-3.822623565793037415e-02,-1.999109089374542236e-01,3.053527474403381348e-01,1.801476776599884033e-01,5.864193439483642578e-01,-2.821724712848663330e-01,-1.984445005655288696e-01,1.062502413988113403e-01,-3.526170849800109863e-01,-5.857309699058532715e-01,1.780014187097549438e-01,-1.135154962539672852e-01,2.459945976734161377e-01,-6.022746115922927856e-02,4.442846775054931641e-02,2.093087434768676758e-01,-6.071848273277282715e-01,3.612439930438995361e-01,-3.023565281182527542e-03,1.037165284156799316e+00,-9.793887734413146973e-01,-3.336902558803558350e-01,9.375942498445510864e-02,-6.640204191207885742e-01,-3.156798481941223145e-01,1.618514806032180786e-01,1.019758582115173340e+00,1.151857256889343262e+00,-3.552039861679077148e-01,-7.246683537960052490e-02
5.305957198143005371e-01,1.131903752684593201e-02,7.697417736053466797e-01,9.993354678153991699e-01,-8.022525347769260406e-03,8.460327051579952240e-03,-3.453476727008819580e-02,-2.328431308269500732e-01,2.818475365638732910e-01,1.349638700485229492e-01,5.688661932945251465e-01,-3.064682483673095703e-01,-2.040006220340728760e-01,1.303061693906784058e-01,-3.459990322589874268e-01,-5.901802778244018555e-01,1.635622382164001465e-01,-1.132146418094635010e-01,2.512677311897277832e-01,-5.053804069757461548e-02,4.741486161947250366e-02,2.179756760597229004e-01,-6.176280975341796875e-01,3.697865903377532959e-01,-1.399973314255475998e-02,1.038115024566650391e+00,-9.899258613586425781e-01,-3.362851142883300781e-01,7.592830806970596313e-02,-6.682005524635314941e-01,-3.317207694053649902e-01,1.585364788770675659e-01,1.021167159080505371e+00,1.131188631057739258e+00,-3.512159883975982666e-01,-7.364796102046966553e-02
5.400233268737792969e-01,1.837743446230888367e-02,7.658097743988037109e-01,9.994208812713623047e-01,-7.980212569236755371e-03,6.736134178936481476e-03,-3.238483145833015442e-02,-2.387411445379257202e-01,2.653044760227203369e-01,1.403962820768356323e-01,5.332198739051818848e-01,-2.981241643428802490e-01,-2.059976160526275635e-01,1.511792242527008057e-01,-3.564274609088897705e-01,-5.913847088813781738e-01,1.640301793813705444e-01,-1.163863167166709900e-01,2.585404813289642334e-01,-4.093506187200546265e-02,4.119091108441352844e-02,2.245945781469345093e-01,-6.241347193717956543e-01,3.761103153228759766e-01,-1.683072559535503387e-02,1.043987154960632324e+00,-9.977511763572692871e-01,-3.351901471614837646e-01,6.705046445131301880e-02,-6.684151887893676758e-01,-3.501881361007690430e-01,1.609351485967636108e-01,1.031095027923583984e+00,1.105357885360717773e+00,-3.341466784477233887e-01,-7.692593336105346680e-02
5.500481724739074707e-01,2.780652046203613281e-02,7.622320652008056641e-01,9.995441436767578125e-01,-5.486433394253253937e-03,4.580899141728878021e-03,-2.933344431221485138e-02,-2.438869923353195190e-01,2.581850290298461914e-01,1.621852815151214600e-01,5.786243677139282227e-01,-3.050400912761688232e-01,-1.966495364904403687e-01,1.665953248739242554e-01,-3.816807270050048828e-01,-5.914350748062133789e-01,1.866465061902999878e-01,-1.219833344221115112e-01,2.660256922245025635e-01,-3.733477741479873657e-02,2.545266970992088318e-02,2.273775190114974976e-01,-6.262146234512329102e-01,3.788424730300903320e-01,-2.186198718845844269e-02,1.054306983947753906e+00,-1.002567887306213379e+00,-3.320495486259460449e-01,4.928073659539222717e-02,-6.730571389198303223e-01,-3.719049990177154541e-01,1.703599244356155396e-01,1.041932940483093262e+00,1.060551524162292480e+00,-3.304477632045745850e-01,-7.881718128919601440e-02
5.603536963462829590e-01,3.817105293273925781e-02,7.593250274658203125e-01,9.996931552886962891e-01,1.964778406545519829e-03,1.076132990419864655e-03,-2.467032521963119507e-02,-2.313933521509170532e-01,2.292727082967758179e-01,1.713312417268753052e-01,6.074827909469604492e-01,-3.288519382476806641e-01,-1.896494030952453613e-01,1.591359227895736694e-01,-4.345149993896484375e-01,-5.813692808151245117e-01,2.597291171550750732e-01,-1.387628763914108276e-01,2.679492831230163574e-01,-3.853187337517738342e-02,-2.147614490240812302e-03,2.332727164030075073e-01,-6.279373168945312500e-01,3.756091594696044922e-01,-2.815309166908264160e-02,1.056752800941467285e+00,-9.987208247184753418e-01,-3.329713344573974609e-01,3.955158963799476624e-02,-6.696162223815917969e-01,-3.859502673149108887e-01,1.781054288148880005e-01,1.044577121734619141e+00,1.032170891761779785e+00,-3.251188993453979492e-01,-8.445805311203002930e-02
5.715723037719726562e-01,4.940627887845039368e-02,7.584682703018188477e-01,9.997015595436096191e-01,1.730456575751304626e-02,-4.821488633751869202e-03,-1.655510999262332916e-02,-2.005328238010406494e-01,1.699934601783752441e-01,1.807538717985153198e-01,5.973947048187255859e-01,-3.366461992263793945e-01,-1.788443624973297119e-01,1.276176720857620239e-01,-5.270200371742248535e-01,-5.544782876968383789e-01,3.959285914897918701e-01,-1.545146703720092773e-01,2.658039629459381104e-01,-4.816656932234764099e-02,-4.267691820859909058e-02,2.387986928224563599e-01,-6.186377406120300293e-01,3.637396097183227539e-01,-2.901302650570869446e-02,1.052927255630493164e+00,-9.977421164512634277e-01,-3.266999423503875732e-01,3.350368887186050415e-02,-6.596816778182983398e-01,-3.962834775447845459e-01,1.772051602602005005e-01,1.034684777259826660e+00,1.001394867897033691e+00,-3.074935972690582275e-01,-8.492249995470046997e-02
5.839903354644775391e-01,6.151776388287544250e-02,7.597779631614685059e-01,9.995226860046386719e-01,2.725592814385890961e-02,-1.310680061578750610e-02,-6.304106675088405609e-03,-1.561276763677597046e-01,1.181153431534767151e-01,1.828038096427917480e-01,5.681033730506896973e-01,-3.363940715789794922e-01,-1.669815927743911743e-01,9.117784351110458374e-02,-6.206715106964111328e-01,-5.457229018211364746e-01,5.663248896598815918e-01,-1.393879055976867676e-01,2.453226596117019653e-01,-5.912445113062858582e-02,-6.773547828197479248e-02,2.397609651088714600e-01,-6.146193146705627441e-01,3.471678495407104492e-01,-2.428311668336391449e-02,1.047417283058166504e+00,-9.832050204277038574e-01,-3.200260698795318604e-01,3.112590312957763672e-02,-6.479073166847229004e-01,-4.044923484325408936e-01,1.756601482629776001e-01,1.022641062736511230e+00,9.768454432487487793e-01,-2.824533581733703613e-01,-7.633241266012191772e-02
5.969561934471130371e-01,7.364910840988159180e-02,7.621507644653320312e-01,9.993129968643188477e-01,2.944856137037277222e-02,-2.211553044617176056e-02,4.147327505052089691e-03,-1.063085421919822693e-01,8.429317176342010498e-02,1.751544326543807983e-01,5.325296521186828613e-01,-3.350049555301666260e-01,-1.564578711986541748e-01,4.734124988317489624e-02,-7.134578227996826172e-01,-5.462347865104675293e-01,7.625433206558227539e-01,-1.028846502304077148e-01,1.682288944721221924e-01,-7.027629762887954712e-02,-7.306352257728576660e-02,2.415708899497985840e-01,-6.145694851875305176e-01,3.321834802627563477e-01,-2.168501354753971100e-02,1.044845938682556152e+00,-9.672343730926513672e-01,-3.086161911487579346e-01,2.377288602292537689e-02,-6.388024687767028809e-01,-4.149084091186523438e-01,1.773868650197982788e-01,1.015680432319641113e+00,9.608891606330871582e-01,-2.647595703601837158e-01,-6.491652876138687134e-02
6.093546152114868164e-01,8.438366651535034180e-02,7.631555199623107910e-01,9.990637898445129395e-01,2.588811516761779785e-02,-3.097577951848506927e-02,1.555228140205144882e-02,-6.418236345052719116e-02,6.953889876604080200e-02,1.600602716207504272e-01,5.109264254570007324e-01,-3.432078063488006592e-01,-1.501618623733520508e-01,2.673758193850517273e-03,-7.871523499488830566e-01,-5.379158854484558105e-01,9.399669170379638672e-01,-1.059880703687667847e-01,1.037449482828378677e-02,-8.177218586206436157e-02,-6.878141313791275024e-02,2.458494007587432861e-01,-6.133014559745788574e-01,3.250009715557098389e-01,-3.219488263130187988e-02,1.044303417205810547e+00,-9.487546682357788086e-01,-2.918731272220611572e-01,1.465090643614530563e-02,-6.324300765991210938e-01,-4.248043596744537354e-01,1.826511174440383911e-01,1.011594295501708984e+00,9.548776149749755859e-01,-2.529819011688232422e-01,-5.368166416883468628e-02
6.217864155769348145e-01,9.210740774869918823e-02,7.641692161560058594e-01,9.987205862998962402e-01,2.203184552490711212e-02,-3.825345635414123535e-02,2.466684766113758087e-02,-2.072867192327976227e-02,6.194091215729713440e-02,1.467618942260742188e-01,4.911921620368957520e-01,-3.516812026500701904e-01,-1.451077312231063843e-01,-5.232552066445350647e-02,-7.659128904342651367e-01,-4.626521468162536621e-01,1.017649888992309570e+00,-1.574809998273849487e-01,-2.244078787043690681e-03,-9.067855775356292725e-02,-6.799536198377609253e-02,2.447708994150161743e-01,-6.165558695793151855e-01,3.213809132575988770e-01,-4.966211318969726562e-02,1.036394238471984863e+00,-9.363421201705932617e-01,-2.942853868007659912e-01,8.487636223435401917e-03,-6.231830120086669922e-01,-4.312504231929779053e-01,1.862726360559463501e-01,1.005556941032409668e+00,9.515981674194335938e-01,-2.530289888381958008e-01,-4.071305692195892334e-02
6.354329586029052734e-01,9.803883731365203857e-02,7.660807967185974121e-01,9.984651803970336914e-01,1.814064756035804749e-02,-4.266794025897979736e-02,3.029278106987476349e-02,2.652286365628242493e-02,5.933423712849617004e-02,1.391133666038513184e-01,4.588154852390289307e-01,-3.524819612503051758e-01,-1.412955224514007568e-01,-9.483357518911361694e-02,-7.093549966812133789e-01,-4.146374464035034180e-01,1.033912420272827148e+00,-2.000455707311630249e-01,3.162086755037307739e-02,-9.355986863374710083e-02,-6.907819956541061401e-02,2.378114312887191772e-01,-6.190298199653625488e-01,3.176161944866180420e-01,-6.127093732357025146e-02,1.025900125503540039e+00,-9.197981357574462891e-01,-2.953634262084960938e-01,5.100508686155080795e-03,-6.121722459793090820e-01,-4.328509271144866943e-01,1.811999231576919556e-01,9.972057938575744629e-01,9.587692022323608398e-01,-2.514958679676055908e-01,-2.717041037976741791e-02
6.503522396087646484e-01,1.028494313359260559e-01,7.684134244918823242e-01,9.983761906623840332e-01,1.295741368085145950e-02,-4.461931064724922180e-02,3.295792639255523682e-02,7.435707002878189087e-02,6.368768215179443359e-02,1.366409212350845337e-01,4.157756865024566650e-01,-3.469648063182830811e-01,-1.433745920658111572e-01,-1.204161643981933594e-01,-6.667147278785705566e-01,-4.346619248390197754e-01,1.020723223686218262e+00,-2.239531874656677246e-01,3.551992028951644897e-02,-9.247714281082153320e-02,-6.781748682260513306e-02,2.274230420589447021e-01,-6.190329194068908691e-01,3.154116272926330566e-01,-6.615939736366271973e-02,1.016690969467163086e+00,-9.083255529403686523e-01,-2.900534272193908691e-01,1.764770480804145336e-03,-5.996882915496826172e-01,-4.295340776443481445e-01,1.708912402391433716e-01,9.850166440010070801e-01,9.812750816345214844e-01,-2.492315322160720825e-01,-1.241291686892509460e-02
6.658439040184020996e-01,1.067102849483489990e-01,7.702519893646240234e-01,9.984158873558044434e-01,7.601260207593441010e-03,-4.461102187633514404e-02,3.343317285180091858e-02,1.207599341869354248e-01,7.062765210866928101e-02,1.374557763338088989e-01,3.685223758220672607e-01,-3.380683064460754395e-01,-1.509604901075363159e-01,-1.411546319723129272e-01,-6.341934800148010254e-01,-4.924990236759185791e-01,9.863168001174926758e-01,-2.360841929912567139e-01,1.918062008917331696e-02,-8.954005688428878784e-02,-6.657362729310989380e-02,2.156493961811065674e-01,-6.157633066177368164e-01,3.153505921363830566e-01,-6.651990860700607300e-02,1.007143735885620117e+00,-9.114558696746826172e-01,-2.825402617454528809e-01,-2.626738278195261955e-03,-5.881226658821105957e-01,-4.207087159156799316e-01,1.583791226148605347e-01,9.656974077224731445e-01,1.009790658950805664e+00,-2.492353618144989014e-01,2.590591320767998695e-03
6.816492676734924316e-01,1.097482964396476746e-01,7.708488106727600098e-01,9.985239505767822266e-01,3.566744970157742500e-03,-4.363856464624404907e-02,3.213804215192794800e-02,1.655957400798797607e-01,7.579603791236877441e-02,1.416167169809341431e-01,3.235612511634826660e-01,-3.317233026027679443e-01,-1.616176962852478027e-01,-1.693402826786041260e-01,-5.944527983665466309e-01,-5.440007448196411133e-01,9.308196902275085449e-01,-2.340913116931915283e-01,6.580076646059751511e-03,-8.577699959278106689e-02,-6.828410923480987549e-02,2.040139287710189819e-01,-6.120843291282653809e-01,3.176113069057464600e-01,-6.376554816961288452e-02,9.970487356185913086e-01,-9.244120121002197266e-01,-2.773380577564239502e-01,-5.292407236993312836e-03,-5.799236297607421875e-01,-4.083580672740936279e-01,1.468289494514465332e-01,9.416496157646179199e-01,1.036459207534790039e+00,-2.509667575359344482e-01,1.673413068056106567e-02
6.981045007705688477e-01,1.120151579380035400e-01,7.696697711944580078e-01,9.986442923545837402e-01,2.667672466486692429e-03,-4.253676533699035645e-02,2.988455258309841156e-02,2.114549577236175537e-01,7.429133355617523193e-02,1.490628570318222046e-01,2.812173068523406982e-01,-3.299615383148193359e-01,-1.707767248153686523e-01,-2.134764045476913452e-01,-5.410897135734558105e-01,-5.573786497116088867e-01,8.525127172470092773e-01,-2.155748158693313599e-01,1.471400074660778046e-02,-8.268626779317855835e-02,-7.609346508979797363e-02,1.930741816759109497e-01,-6.110628843307495117e-01,3.214209377765655518e-01,-5.920759215950965881e-02,9.871609807014465332e-01,-9.390082359313964844e-01,-2.763246893882751465e-01,-5.359106697142124176e-03,-5.764401555061340332e-01,-3.955731391906738281e-01,1.395497620105743408e-01,9.200975298881530762e-01,1.054322361946105957e+00,-2.526829242706298828e-01,2.899707295000553131e-02
7.155509591102600098e-01,1.135055869817733765e-01,7.668503522872924805e-01,9.987411499023437500e-01,4.352238960564136505e-03,-4.125453904271125793e-02,2.820050530135631561e-02,2.580523192882537842e-01,6.744352728128433228e-02,1.566766351461410522e-01,2.405904233455657959e-01,-3.317889571189880371e-01,-1.779604554176330566e-01,-2.677377760410308838e-01,-4.796253442764282227e-01,-5.354708433151245117e-01,7.535587549209594727e-01,-1.810703128576278687e-01,3.815180808305740356e-02,-8.162734657526016235e-02,-8.762279897928237915e-02,1.825135350227355957e-01,-6.124711632728576660e-01,3.244708180427551270e-01,-5.349629372358322144e-02,9.766620993614196777e-01,-9.483994245529174805e-01,-2.773220837116241455e-01,-3.691929392516613007e-03,-5.772163271903991699e-01,-3.844668865203857422e-01,1.360286176204681396e-01,9.055415987968444824e-01,1.062943458557128906e+00,-2.524211108684539795e-01,3.960094228386878967e-02
7.348328828811645508e-01,1.142072528600692749e-01,7.631244063377380371e-01,9.988064765930175781e-01,6.749072577804327011e-03,-3.963471949100494385e-02,2.773294784128665924e-02,3.027013540267944336e-01,5.987011641263961792e-02,1.618520468473434448e-01,2.041033506393432617e-01,-3.352227807044982910e-01,-1.832758486270904541e-01,-3.147518634796142578e-01,-4.186359643936157227e-01,-5.032272934913635254e-01,6.346085071563720703e-01,-1.366823017597198486e-01,6.916564702987670898e-02,-8.209520578384399414e-02,-9.841163456439971924e-02,1.720368266105651855e-01,-6.148526668548583984e-01,3.257295191287994385e-01,-4.731139168143272400e-02,9.664397239685058594e-01,-9.523079395294189453e-01,-2.787769734859466553e-01,-1.102266018278896809e-03,-5.796468853950500488e-01,-3.762825727462768555e-01,1.337792575359344482e-01,8.979598879814147949e-01,1.066588997840881348e+00,-2.497980892658233643e-01,4.880314320325851440e-02
7.565335631370544434e-01,1.141121014952659607e-01,7.589384317398071289e-01,9.988195300102233887e-01,8.582898415625095367e-03,-3.747264295816421509e-02,2.969354204833507538e-02,3.443254828453063965e-01,5.569258704781532288e-02,1.623370647430419922e-01,1.756785064935684204e-01,-3.408588469028472900e-01,-1.893969327211380005e-01,-3.467663228511810303e-01,-3.594916760921478271e-01,-4.734016656875610352e-01,4.890305101871490479e-01,-9.102337062358856201e-02,1.007114797830581665e-01,-8.518539369106292725e-02,-1.060397028923034668e-01,1.607612818479537964e-01,-6.157670021057128906e-01,3.255036175251007080e-01,-4.175444319844245911e-02,9.542738795280456543e-01,-9.497278332710266113e-01,-2.818847596645355225e-01,2.256496809422969818e-03,-5.823021531105041504e-01,-3.705243170261383057e-01,1.313833147287368774e-01,8.945441842079162598e-01,1.068052649497985840e+00,-2.446105182170867920e-01,5.663701891899108887e-02
7.811230421066284180e-01,1.128040477633476257e-01,7.543234229087829590e-01,9.986859560012817383e-01,1.116422098129987717e-02,-3.538272157311439514e-02,3.535182029008865356e-02,3.850905597209930420e-01,5.333111435174942017e-02,1.569546461105346680e-01,1.533554345369338989e-01,-3.441594839096069336e-01,-1.968918442726135254e-01,-3.555406332015991211e-01,-3.006948232650756836e-01,-4.411969184875488281e-01,3.030856549739837646e-01,-5.454551801085472107e-02,1.406696140766143799e-01,-9.173730015754699707e-02,-1.137159392237663269e-01,1.486422568559646606e-01,-6.147335171699523926e-01,3.242654502391815186e-01,-3.856308758258819580e-02,9.406918883323669434e-01,-9.399006962776184082e-01,-2.899349629878997803e-01,6.158478558063507080e-03,-5.849015116691589355e-01,-3.671816885471343994e-01,1.271113902330398560e-01,8.923679590225219727e-01,1.067999124526977539e+00,-2.406021207571029663e-01,6.098637357354164124e-02
8.078117370605468750e-01,1.103659570217132568e-01,7.490052580833435059e-01,9.981003999710083008e-01,1.853154413402080536e-02,-3.477602824568748474e-02,4.735815897583961487e-02,4.267058074474334717e-01,4.794413223862648010e-02,1.419584602117538452e-01,1.355438828468322754e-01,-3.383133709430694580e-01,-2.056051790714263916e-01,-3.450763821601867676e-01,-2.695052921772003174e-01,-4.205637276172637939e-01,1.389305740594863892e-01,-4.311532899737358093e-02,1.766610443592071533e-01,-1.047294512391090393e-01,-1.303109824657440186e-01,1.375789493322372437e-01,-6.100525259971618652e-01,3.245902359485626221e-01,-3.957230597734451294e-02,9.264367818832397461e-01,-9.308518171310424805e-01,-2.962725758552551270e-01,1.370950229465961456e-02,-5.831834077835083008e-01,-3.680262863636016846e-01,1.259756088256835938e-01,8.908089995384216309e-01,1.056510567665100098e+00,-2.382417768239974976e-01,5.564346164464950562e-02
8.351187705993652344e-01,1.069323644042015076e-01,7.443777322769165039e-01,9.973434209823608398e-01,2.393587678670883179e-02,-3.328608348965644836e-02,6.021060422062873840e-02,4.601279199123382568e-01,5.228577181696891785e-02,1.233098059892654419e-01,1.301786154508590698e-01,-3.261699378490447998e-01,-2.169563621282577515e-01,-3.637078404426574707e-01,-2.630328238010406494e-01,-3.968952000141143799e-01,1.200300008058547974e-01,-7.094606012105941772e-02,1.825288683176040649e-01,-1.172685846686363220e-01,-1.417694985866546631e-01,1.246916875243186951e-01,-6.030192971229553223e-01,3.238701522350311279e-01,-4.634303227066993713e-02,9.166098237037658691e-01,-9.208604097366333008e-01,-3.065918982028961182e-01,1.978031918406486511e-02,-5.826958417892456055e-01,-3.721731901168823242e-01,1.327645927667617798e-01,8.943518996238708496e-01,1.032359123229980469e+00,-2.356428205966949463e-01,4.811779409646987915e-02
8.637446165084838867e-01,1.024232283234596252e-01,7.425230741500854492e-01,9.972153306007385254e-01,1.661643758416175842e-02,-3.024855256080627441e-02,6.611000746488571167e-02,4.776707291603088379e-01,8.304037898778915405e-02,1.114938259124755859e-01,1.573597937822341919e-01,-3.141257464885711670e-01,-2.304445952177047729e-01,-3.635185360908508301e-01,-2.185095101594924927e-01,-3.789271712303161621e-01,1.216433793306350708e-01,-2.411880902945995331e-02,1.493640393018722534e-01,-1.188601031899452209e-01,-1.247406452894210815e-01,1.128762140870094299e-01,-5.958486795425415039e-01,3.251038789749145508e-01,-5.778628215193748474e-02,9.158041477203369141e-01,-9.093509912490844727e-01,-3.091668784618377686e-01,1.766801066696643829e-02,-5.848001241683959961e-01,-3.788314461708068848e-01,1.358610391616821289e-01,9.047251939773559570e-01,1.008638024330139160e+00,-2.315860092639923096e-01,4.159295558929443359e-02
8.930197358131408691e-01,9.584407508373260498e-02,7.440754771232604980e-01,9.972028136253356934e-01,-7.927366532385349274e-03,-2.657119743525981903e-02,6.940905749797821045e-02,4.316282272338867188e-01,1.579266935586929321e-01,8.580672740936279297e-02,3.156953454017639160e-01,-3.290615379810333252e-01,-2.384334355592727661e-01,-3.836187720298767090e-01,-1.562849283218383789e-01,-3.623618781566619873e-01,1.990547180175781250e-01,9.490922093391418457e-02,5.687358975410461426e-02,-1.158919632434844971e-01,-6.889664381742477417e-02,1.015431955456733704e-01,-5.886621475219726562e-01,3.284448683261871338e-01,-5.574231967329978943e-02,9.111002683639526367e-01,-9.063659906387329102e-01,-3.134784996509552002e-01,9.303417056798934937e-03,-5.849390625953674316e-01,-3.840561509132385254e-01,1.434450298547744751e-01,9.104750156402587891e-01,1.015257596969604492e+00,-2.284617722034454346e-01,4.411548003554344177e-02
9.234027862548828125e-01,8.964443206787109375e-02,7.452784776687622070e-01,9.963315129280090332e-01,-3.202347084879875183e-02,-3.224523365497589111e-02,7.251393795013427734e-02,3.730863034725189209e-01,2.363835424184799194e-01,4.341842606663703918e-02,5.472428202629089355e-01,-3.062765002250671387e-01,-2.352742999792098999e-01,-3.705183565616607666e-01,-1.139344573020935059e-01,-3.859715759754180908e-01,3.007605671882629395e-01,7.740149646997451782e-02,1.552310585975646973e-02,-1.171764507889747620e-01,-9.483332745730876923e-03,1.015525460243225098e-01,-5.805521011352539062e-01,3.247850239276885986e-01,-5.573147907853126526e-02,9.239964485168457031e-01,-9.119439125061035156e-01,-3.090386688709259033e-01,1.356019172817468643e-02,-5.860722064971923828e-01,-3.890449106693267822e-01,1.479483395814895630e-01,9.242092370986938477e-01,1.017765641212463379e+00,-2.286502122879028320e-01,4.748425632715225220e-02
9.522021412849426270e-01,8.456426858901977539e-02,7.482662200927734375e-01,9.954583048820495605e-01,-4.200785607099533081e-02,-4.020951315760612488e-02,7.537434995174407959e-02,3.020397722721099854e-01,2.759872972965240479e-01,2.804512158036231995e-03,7.740840315818786621e-01,-2.220645844936370850e-01,-2.232936471700668335e-01,-3.426652550697326660e-01,-9.467469155788421631e-02,-4.005870819091796875e-01,3.774184882640838623e-01,1.211935188621282578e-02,-1.312849950045347214e-02,-1.148093268275260925e-01,2.243967913091182709e-02,1.093769297003746033e-01,-5.735644102096557617e-01,3.162243664264678955e-01,-5.682877823710441589e-02,9.348106980323791504e-01,-9.049869775772094727e-01,-3.084768354892730713e-01,9.909455664455890656e-03,-5.921195745468139648e-01,-3.931695520877838135e-01,1.547931879758834839e-01,9.380022287368774414e-01,1.022551059722900391e+00,-2.320345789194107056e-01,5.526137351989746094e-02
9.805290699005126953e-01,8.077234774827957153e-02,7.521558403968811035e-01,9.949244856834411621e-01,-4.066092520952224731e-02,-4.796135798096656799e-02,7.855964452028274536e-02,2.197928577661514282e-01,2.887486517429351807e-01,-1.696857810020446777e-02,9.818036556243896484e-01,-1.246700808405876160e-01,-2.162800431251525879e-01,-3.017856478691101074e-01,-9.312406927347183228e-02,-4.035638272762298584e-01,4.241772890090942383e-01,-5.297175422310829163e-02,-2.263927459716796875e-02,-1.102349236607551575e-01,3.070073574781417847e-02,1.197497248649597168e-01,-5.699945092201232910e-01,3.074103295803070068e-01,-5.996176227927207947e-02,9.383881092071533203e-01,-8.942062854766845703e-01,-3.109918832778930664e-01,5.443203262984752655e-03,-5.996781587600708008e-01,-3.993861377239227295e-01,1.625037342309951782e-01,9.508971571922302246e-01,1.030380845069885254e+00,-2.287872880697250366e-01,6.394650787115097046e-02
1.007471442222595215e+00,7.822743803262710571e-02,7.558584213256835938e-01,9.946407079696655273e-01,-3.563223406672477722e-02,-5.426895245909690857e-02,8.046801388263702393e-02,1.375166773796081543e-01,3.044154345989227295e-01,-5.984713206999003887e-04,1.147171974182128906e+00,-1.027910858392715454e-01,-2.080033421516418457e-01,-2.577106654644012451e-01,-9.662029892206192017e-02,-4.025306701660156250e-01,4.542990028858184814e-01,-1.096217334270477295e-01,-2.482201345264911652e-02,-1.044496893882751465e-01,3.172365948557853699e-02,1.291002035140991211e-01,-5.674786567687988281e-01,2.986961007118225098e-01,-6.403741985559463501e-02,9.366471171379089355e-01,-8.867502808570861816e-01,-3.129509091377258301e-01,1.460232539102435112e-03,-6.049239635467529297e-01,-4.074871242046356201e-01,1.664879471063613892e-01,9.576945304870605469e-01,1.039097905158996582e+00,-2.238314151763916016e-01,6.938233971595764160e-02
1.032518506050109863e+00,7.656552642583847046e-02,7.592638731002807617e-01,9.945019483566284180e-01,-3.112030588090419769e-02,-6.004611775279045105e-02,7.994948327541351318e-02,6.404091417789459229e-02,3.346451520919799805e-01,4.379186034202575684e-02,1.263800740242004395e+00,-1.539849042892456055e-01,-1.965034455060958862e-01,-2.095663994550704956e-01,-9.646493196487426758e-02,-3.996368646621704102e-01,4.693427085876464844e-01,-1.558786630630493164e-01,-2.305233664810657501e-02,-9.624639153480529785e-02,3.480117022991180420e-02,1.375255435705184937e-01,-5.639113187789916992e-01,2.908783853054046631e-01,-6.907712668180465698e-02,9.308080673217773438e-01,-8.847692608833312988e-01,-3.129362165927886963e-01,-9.530477691441774368e-04,-6.053541302680969238e-01,-4.152949154376983643e-01,1.662560701370239258e-01,9.591987133026123047e-01,1.048493146896362305e+00,-2.223448008298873901e-01,7.222328335046768188e-02
1.056326270103454590e+00,7.545932382345199585e-02,7.625425457954406738e-01,9.943622350692749023e-01,-2.710796892642974854e-02,-6.604439020156860352e-02,7.840269804000854492e-02,-4.684517160058021545e-03,3.632987141609191895e-01,9.381974488496780396e-02,1.332328200340270996e+00,-2.056829333305358887e-01,-1.853913664817810059e-01,-1.543109565973281860e-01,-9.218645095825195312e-02,-3.947072327136993408e-01,4.681850671768188477e-01,-1.937604546546936035e-01,-1.721807383000850677e-02,-8.656129240989685059e-02,3.911040723323822021e-02,1.458313614130020142e-01,-5.599587559700012207e-01,2.847408950328826904e-01,-7.448483258485794067e-02,9.221212267875671387e-01,-8.862432837486267090e-01,-3.105924427509307861e-01,-3.563817823305726051e-03,-6.031443476676940918e-01,-4.210112094879150391e-01,1.654502004384994507e-01,9.594662189483642578e-01,1.058374643325805664e+00,-2.222267091274261475e-01,7.076168805360794067e-02
1.079808831214904785e+00,7.484949380159378052e-02,7.654180526733398438e-01,9.940913319587707520e-01,-2.545580454170703888e-02,-7.174621522426605225e-02,7.737533748149871826e-02,-6.989336758852005005e-02,3.810932636260986328e-01,1.322555243968963623e-01,1.349499464035034180e+00,-2.405910938978195190e-01,-1.871750950813293457e-01,-9.417609870433807373e-02,-8.055788278579711914e-02,-3.920818269252777100e-01,4.488887190818786621e-01,-2.220138907432556152e-01,-1.039102207869291306e-02,-7.801342010498046875e-02,4.682186618447303772e-02,1.530908197164535522e-01,-5.557208657264709473e-01,2.812341451644897461e-01,-8.137149363756179810e-02,9.136435389518737793e-01,-8.936789035797119141e-01,-3.067421019077301025e-01,-6.918326951563358307e-03,-5.978347659111022949e-01,-4.240220189094543457e-01,1.653875857591629028e-01,9.582404494285583496e-01,1.067052006721496582e+00,-2.224011272192001343e-01,6.439644098281860352e-02
1.103332757949829102e+00,7.462555915117263794e-02,7.678600549697875977e-01,9.937539100646972656e-01,-2.545055747032165527e-02,-7.610488682985305786e-02,7.754665613174438477e-02,-1.321904361248016357e-01,3.878644406795501709e-01,1.616407334804534912e-01,1.313567042350769043e+00,-2.543330788612365723e-01,-2.004790306091308594e-01,-3.260524570941925049e-02,-6.441804766654968262e-02,-3.928078413009643555e-01,4.150389432907104492e-01,-2.408366352319717407e-01,-3.669020486995577812e-03,-7.221423834562301636e-02,5.604334548115730286e-02,1.583580076694488525e-01,-5.528248548507690430e-01,2.807145416736602783e-01,-8.879311382770538330e-02,9.075486660003662109e-01,-9.051732420921325684e-01,-3.014405071735382080e-01,-9.946087375283241272e-03,-5.910211801528930664e-01,-4.242480099201202393e-01,1.673905104398727417e-01,9.570326805114746094e-01,1.076095819473266602e+00,-2.222417145967483521e-01,5.341082066297531128e-02
1.126116514205932617e+00,7.478591799736022949e-02,7.695297002792358398e-01,9.934362173080444336e-01,-2.641872502863407135e-02,-7.884876430034637451e-02,7.854592055082321167e-02,-1.882356554269790649e-01,3.834302127361297607e-01,1.831335127353668213e-01,1.224771142005920410e+00,-2.519122958183288574e-01,-2.223893404006958008e-01,2.715243026614189148e-02,-4.684643447399139404e-02,-3.968082964420318604e-01,3.738641142845153809e-01,-2.538988292217254639e-01,2.369626192376017570e-03,-6.975477933883666992e-02,6.559541821479797363e-02,1.618309170007705688e-01,-5.514709949493408203e-01,2.819433808326721191e-01,-9.577155858278274536e-02,9.061423540115356445e-01,-9.182189702987670898e-01,-2.948492169380187988e-01,-1.196740753948688507e-02,-5.853385925292968750e-01,-4.226545095443725586e-01,1.717511862516403198e-01,9.563962817192077637e-01,1.084485292434692383e+00,-2.217309325933456421e-01,3.973747417330741882e-02
1.147597908973693848e+00,7.556125521659851074e-02,7.703030109405517578e-01,9.932118058204650879e-01,-2.755406498908996582e-02,-8.019732683897018433e-02,7.962045073509216309e-02,-2.332145124673843384e-01,3.704712688922882080e-01,1.991855800151824951e-01,1.087234258651733398e+00,-2.365940362215042114e-01,-2.429924905300140381e-01,8.368920534849166870e-02,-3.052824735641479492e-02,-4.025509357452392578e-01,3.302997648715972900e-01,-2.644034922122955322e-01,8.810619823634624481e-03,-6.949142366647720337e-02,7.441792637109756470e-02,1.641500294208526611e-01,-5.515188574790954590e-01,2.830997407436370850e-01,-1.016612872481346130e-01,9.091598391532897949e-01,-9.289397597312927246e-01,-2.891327738761901855e-01,-1.164688728749752045e-02,-5.813131928443908691e-01,-4.204358160495758057e-01,1.775458455085754395e-01,9.562631249427795410e-01,1.091636300086975098e+00,-2.210798710584640503e-01,2.548711374402046204e-02
1.168390274047851562e+00,7.727453112602233887e-02,7.705458998680114746e-01,9.931555986404418945e-01,-2.820028178393840790e-02,-8.049553632736206055e-02,7.979428023099899292e-02,-2.624700069427490234e-01,3.522523939609527588e-01,2.101976275444030762e-01,9.088572859764099121e-01,-2.033469080924987793e-01,-2.545358240604400635e-01,1.371715962886810303e-01,-1.701566018164157867e-02,-4.073426723480224609e-01,2.850906252861022949e-01,-2.722783386707305908e-01,1.622826047241687775e-02,-6.914442032575607300e-02,8.141218870878219604e-02,1.653614938259124756e-01,-5.526949763298034668e-01,2.820819914340972900e-01,-1.039289161562919617e-01,9.138664603233337402e-01,-9.357882142066955566e-01,-2.858543694019317627e-01,-7.710400037467479706e-03,-5.772675871849060059e-01,-4.178580045700073242e-01,1.830923408269882202e-01,9.556839466094970703e-01,1.096361994743347168e+00,-2.199427485466003418e-01,1.407347712665796280e-02
1.189010620117187500e+00,8.014068752527236938e-02,7.703900337219238281e-01,9.932970404624938965e-01,-2.810414135456085205e-02,-7.982965558767318726e-02,7.872983068227767944e-02,-2.743338346481323242e-01,3.251368701457977295e-01,2.076494544744491577e-01,6.952995061874389648e-01,-1.454701870679855347e-01,-2.578594982624053955e-01,1.883060038089752197e-01,-6.565315183252096176e-03,-4.073483645915985107e-01,2.378976792097091675e-01,-2.772326171398162842e-01,2.427566610276699066e-02,-6.899417191743850708e-02,8.604286611080169678e-02,1.647553294897079468e-01,-5.534197688102722168e-01,2.777898013591766357e-01,-1.009000912308692932e-01,9.175181388854980469e-01,-9.379587769508361816e-01,-2.852484583854675293e-01,8.795163739705458283e-05,-5.716077089309692383e-01,-4.151228070259094238e-01,1.888962686061859131e-01,9.540765285491943359e-01,1.097041487693786621e+00,-2.183566242456436157e-01,5.088320933282375336e-03
1.209221243858337402e+00,8.406467735767364502e-02,7.691687345504760742e-01,9.935818314552307129e-01,-2.842181175947189331e-02,-7.895150035619735718e-02,7.585494965314865112e-02,-2.660433053970336914e-01,2.919791936874389648e-01,1.867316514253616333e-01,4.665434062480926514e-01,-8.042302727699279785e-02,-2.575071454048156738e-01,2.369249016046524048e-01,2.600809792056679726e-03,-4.004675447940826416e-01,1.944894939661026001e-01,-2.832971513271331787e-01,3.183624148368835449e-02,-7.004320621490478516e-02,9.015499800443649292e-02,1.630422919988632202e-01,-5.512005090713500977e-01,2.717568576335906982e-01,-9.257075935602188110e-02,9.169731140136718750e-01,-9.364063739776611328e-01,-2.854983806610107422e-01,1.009984221309423447e-02,-5.658540129661560059e-01,-4.113496243953704834e-01,1.949124336242675781e-01,9.523157477378845215e-01,1.094603776931762695e+00,-2.148400694131851196e-01,-2.121475990861654282e-03
1.230092048645019531e+00,8.903958648443222046e-02,7.664632797241210938e-01,9.940767288208007812e-01,-3.102166578173637390e-02,-7.756105065345764160e-02,6.952225416898727417e-02,-2.446637302637100220e-01,2.721302807331085205e-01,1.698785871267318726e-01,2.489200979471206665e-01,-3.255973011255264282e-02,-2.593100666999816895e-01,2.770100831985473633e-01,1.193878985941410065e-02,-3.885446190834045410e-01,1.658600270748138428e-01,-2.943836152553558350e-01,3.831493481993675232e-02,-6.961460411548614502e-02,9.693337976932525635e-02,1.599897891283035278e-01,-5.461531877517700195e-01,2.674144804477691650e-01,-7.929855585098266602e-02,9.123610258102416992e-01,-9.354468584060668945e-01,-2.826319634914398193e-01,2.435274049639701843e-02,-5.652180314064025879e-01,-4.065857827663421631e-01,2.009078115224838257e-01,9.552627205848693848e-01,1.091767907142639160e+00,-2.095308005809783936e-01,-3.402233589440584183e-03
1.251740574836730957e+00,9.506188333034515381e-02,7.624104619026184082e-01,9.947485327720642090e-01,-3.735546395182609558e-02,-7.586959004402160645e-02,5.765188112854957581e-02,-2.453079223632812500e-01,2.798453867435455322e-01,1.605220586061477661e-01,1.237911656498908997e-01,-2.604415640234947205e-02,-2.610303759574890137e-01,3.078176975250244141e-01,2.459566853940486908e-02,-3.695625066757202148e-01,1.504859030246734619e-01,-3.077446818351745605e-01,4.277938604354858398e-02,-6.422966718673706055e-02,1.100463569164276123e-01,1.580638140439987183e-01,-5.408609509468078613e-01,2.655066847801208496e-01,-6.361272186040878296e-02,9.055592417716979980e-01,-9.406284689903259277e-01,-2.788587212562561035e-01,3.676145523786544800e-02,-5.700705647468566895e-01,-4.017314016819000244e-01,2.045108526945114136e-01,9.592505097389221191e-01,1.090338349342346191e+00,-2.087311893701553345e-01,5.941160488873720169e-04
1.272853255271911621e+00,1.019984632730484009e-01,7.582588195800781250e-01,9.954753518104553223e-01,-4.324476793408393860e-02,-7.252587378025054932e-02,4.357323423027992249e-02,-2.749176025390625000e-01,2.928673624992370605e-01,1.394592970609664917e-01,1.122640818357467651e-01,-5.263571068644523621e-02,-2.615715563297271729e-01,3.305784761905670166e-01,3.039751388132572174e-02,-3.457772731781005859e-01,1.468670964241027832e-01,-3.234077394008636475e-01,5.147727578878402710e-02,-5.829482525587081909e-02,1.203013435006141663e-01,1.557122170925140381e-01,-5.360765457153320312e-01,2.673029601573944092e-01,-5.142408981919288635e-02,8.993176221847534180e-01,-9.475891590118408203e-01,-2.781198024749755859e-01,3.952353075146675110e-02,-5.782265663146972656e-01,-3.969947695732116699e-01,2.052745521068572998e-01,9.592617154121398926e-01,1.087339282035827637e+00,-2.155530601739883423e-01,3.284808713942766190e-03
1.293159842491149902e+00,1.098046302795410156e-01,7.556915879249572754e-01,9.963181018829345703e-01,-4.452993348240852356e-02,-6.605742871761322021e-02,3.168314695358276367e-02,-2.822581231594085693e-01,2.906925082206726074e-01,1.333176344633102417e-01,1.099575087428092957e-01,-4.920958355069160461e-02,-2.660145461559295654e-01,3.429429531097412109e-01,2.171092852950096130e-02,-3.232146203517913818e-01,1.502528339624404907e-01,-3.364264965057373047e-01,6.543899327516555786e-02,-5.632870271801948547e-02,1.192151010036468506e-01,1.503049582242965698e-01,-5.299606919288635254e-01,2.713657319545745850e-01,-4.417378827929496765e-02,8.874690532684326172e-01,-9.613639712333679199e-01,-2.803470492362976074e-01,3.643652051687240601e-02,-5.807847380638122559e-01,-3.932192623615264893e-01,1.991883218288421631e-01,9.535670280456542969e-01,1.073665261268615723e+00,-2.240173071622848511e-01,6.932089570909738541e-03
1.313224196434020996e+00,1.182920411229133606e-01,7.555661797523498535e-01,9.974561929702758789e-01,-3.553935885429382324e-02,-5.726829171180725098e-02,2.320365980267524719e-02,-2.741355299949645996e-01,2.659051418304443359e-01,1.514166295528411865e-01,1.152621805667877197e-01,-1.440887805074453354e-03,-2.598199844360351562e-01,3.373611271381378174e-01,-1.683777384459972382e-02,-3.094045817852020264e-01,1.814434528350830078e-01,-3.534711301326751709e-01,8.883567899465560913e-02,-5.902243778109550476e-02,9.552033990621566772e-02,1.411753296852111816e-01,-5.320334434509277344e-01,2.746652662754058838e-01,-4.181422665715217590e-02,8.753106594085693359e-01,-9.652813076972961426e-01,-2.785286009311676025e-01,2.826785109937191010e-02,-5.837691426277160645e-01,-3.863691091537475586e-01,1.883643716573715210e-01,9.536193609237670898e-01,1.057948708534240723e+00,-2.214013636112213135e-01,1.129967905580997467e-02
1.333305239677429199e+00,1.272140294313430786e-01,7.559388279914855957e-01,9.983743429183959961e-01,-2.140873484313488007e-02,-4.956697672605514526e-02,1.825969666242599487e-02,-2.695455253124237061e-01,2.252946943044662476e-01,1.649750918149948120e-01,1.434041410684585571e-01,5.472918972373008728e-02,-2.599856853485107422e-01,3.212538063526153564e-01,-7.381493598222732544e-02,-2.982317805290222168e-01,2.517075836658477783e-01,-3.802641928195953369e-01,1.106148883700370789e-01,-6.298150122165679932e-02,6.038095802068710327e-02,1.301036030054092407e-01,-5.335479974746704102e-01,2.787390947341918945e-01,-4.444134607911109924e-02,8.668512701988220215e-01,-9.691885709762573242e-01,-2.786493003368377686e-01,1.476928405463695526e-02,-5.813747048377990723e-01,-3.819985687732696533e-01,1.861228048801422119e-01,9.528856873512268066e-01,1.047202110290527344e+00,-2.204200476408004761e-01,1.300070062279701233e-02
1.353926062583923340e+00,1.369019150733947754e-01,7.561002969741821289e-01,9.988229870796203613e-01,-8.180168457329273224e-03,-4.502555727958679199e-02,1.607456244528293610e-02,-2.808152437210083008e-01,1.883526593446731567e-01,1.672002822160720825e-01,2.171682268381118774e-01,6.423441320657730103e-02,-2.555018663406372070e-01,3.021890223026275635e-01,-1.328057348728179932e-01,-2.878680527210235596e-01,3.497508168220520020e-01,-4.024217426776885986e-01,1.310761868953704834e-01,-6.673748791217803955e-02,2.875431627035140991e-02,1.226345300674438477e-01,-5.354649424552917480e-01,2.808282673358917236e-01,-5.178408697247505188e-02,8.684627413749694824e-01,-9.727115035057067871e-01,-2.804708182811737061e-01,1.280280295759439468e-02,-5.735569000244140625e-01,-3.826253414154052734e-01,1.933747529983520508e-01,9.520548582077026367e-01,1.045794248580932617e+00,-2.160112857818603516e-01,1.360000460408627987e-03
1.375603199005126953e+00,1.476333290338516235e-01,7.572385072708129883e-01,9.988646507263183594e-01,3.584294114261865616e-03,-4.468527436256408691e-02,1.611818373203277588e-02,-2.676607668399810791e-01,1.542335003614425659e-01,1.801400184631347656e-01,2.683149278163909912e-01,4.603742435574531555e-02,-2.616412341594696045e-01,2.740890979766845703e-01,-1.940066814422607422e-01,-2.743954658508300781e-01,4.848268926143646240e-01,-4.084475040435791016e-01,1.429433524608612061e-01,-7.249576598405838013e-02,7.937651826068758965e-04,1.206289976835250854e-01,-5.383406281471252441e-01,2.778143584728240967e-01,-6.576986610889434814e-02,8.712055087089538574e-01,-9.833162426948547363e-01,-2.796026170253753662e-01,4.927178379148244858e-03,-5.625804066658020020e-01,-3.904078602790832520e-01,2.009816020727157593e-01,9.442438483238220215e-01,1.031119942665100098e+00,-2.164465039968490601e-01,-1.378575572744011879e-03
1.397896647453308105e+00,1.584373414516448975e-01,7.588608264923095703e-01,9.986010193824768066e-01,1.761515252292156219e-02,-4.692270606756210327e-02,1.685496978461742401e-02,-2.425875812768936157e-01,1.098833233118057251e-01,1.918677240610122681e-01,2.997322678565979004e-01,1.655974052846431732e-02,-2.431789785623550415e-01,2.317637950181961060e-01,-2.687796950340270996e-01,-2.658239901065826416e-01,6.599668860435485840e-01,-3.926655352115631104e-01,1.451833099126815796e-01,-7.428710907697677612e-02,-3.023549541831016541e-02,1.230920702219009399e-01,-5.476312637329101562e-01,2.731441557407379150e-01,-7.516593486070632935e-02,8.784534335136413574e-01,-9.805845022201538086e-01,-2.853154540061950684e-01,-2.534917322918772697e-03,-5.527437329292297363e-01,-3.997186124324798584e-01,2.050766795873641968e-01,9.424074888229370117e-01,1.017847895622253418e+00,-2.135616987943649292e-01,2.836013445630669594e-04
1.420208692550659180e+00,1.692034006118774414e-01,7.609036564826965332e-01,9.980337619781494141e-01,3.110060468316078186e-02,-5.205283686518669128e-02,1.587359979748725891e-02,-1.982001215219497681e-01,6.505743414163589478e-02,2.073031067848205566e-01,3.023767471313476562e-01,-7.744033355265855789e-03,-2.173528820276260376e-01,1.713961809873580933e-01,-3.531789481639862061e-01,-2.626595199108123779e-01,8.633288741111755371e-01,-3.425338864326477051e-01,1.326926499605178833e-01,-7.400043308734893799e-02,-5.882522463798522949e-02,1.299186050891876221e-01,-5.625447034835815430e-01,2.678605318069458008e-01,-7.965535670518875122e-02,8.895471692085266113e-01,-9.706903696060180664e-01,-2.918284833431243896e-01,-8.846887387335300446e-03,-5.483695864677429199e-01,-4.103043079376220703e-01,2.065526396036148071e-01,9.454640746116638184e-01,1.000078439712524414e+00,-2.069834023714065552e-01,6.526069715619087219e-03
1.442499160766601562e+00,1.792331635951995850e-01,7.629141807556152344e-01,9.972806572914123535e-01,4.191961139440536499e-02,-5.919422209262847900e-02,1.304161548614501953e-02,-1.421847194433212280e-01,2.613355964422225952e-02,2.218735069036483765e-01,2.913143336772918701e-01,-3.283884376287460327e-02,-1.870048791170120239e-01,1.075309291481971741e-01,-4.559251964092254639e-01,-2.892521023750305176e-01,1.065022349357604980e+00,-2.789434492588043213e-01,8.777681738138198853e-02,-7.213702052831649780e-02,-8.257579058408737183e-02,1.401404440402984619e-01,-5.759642124176025391e-01,2.685914933681488037e-01,-8.206390589475631714e-02,9.004094600677490234e-01,-9.570735692977905273e-01,-2.971301674842834473e-01,-1.122960355132818222e-02,-5.492941141128540039e-01,-4.182429611682891846e-01,2.078101783990859985e-01,9.479833245277404785e-01,9.785022139549255371e-01,-2.052576094865798950e-01,9.127139113843441010e-03
1.464549779891967773e+00,1.878571361303329468e-01,7.647061347961425781e-01,9.964623451232910156e-01,4.974422231316566467e-02,-6.704204529523849487e-02,9.677056223154067993e-03,-8.054383844137191772e-02,-5.018215626478195190e-03,2.347203195095062256e-01,2.680324614048004150e-01,-5.448212474584579468e-02,-1.541885137557983398e-01,6.126644462347030640e-02,-5.626980662345886230e-01,-3.340515494346618652e-01,1.218908429145812988e+00,-2.742024064064025879e-01,1.961204409599304199e-02,-7.080347836017608643e-02,-1.024435833096504211e-01,1.531337946653366089e-01,-5.813502073287963867e-01,2.761054635047912598e-01,-8.511399477720260620e-02,9.039229750633239746e-01,-9.384962320327758789e-01,-2.976398468017578125e-01,-5.926757585257291794e-03,-5.484622120857238770e-01,-4.213631749153137207e-01,2.073521018028259277e-01,9.464190006256103516e-01,9.572805762290954590e-01,-2.078082710504531860e-01,5.861366167664527893e-03
1.485286235809326172e+00,1.948021352291107178e-01,7.674310803413391113e-01,9.959092736244201660e-01,5.156525224447250366e-02,-7.392343878746032715e-02,6.410376634448766708e-03,-1.743370667099952698e-02,-2.198798768222332001e-02,2.414958775043487549e-01,2.368018329143524170e-01,-7.213045656681060791e-02,-1.324914991855621338e-01,1.922558248043060303e-02,-6.013516187667846680e-01,-3.449865281581878662e-01,1.291133046150207520e+00,-3.098116815090179443e-01,1.303789019584655762e-02,-6.995300948619842529e-02,-1.115072965621948242e-01,1.631579697132110596e-01,-5.816314220428466797e-01,2.805072963237762451e-01,-8.372974395751953125e-02,9.012115597724914551e-01,-9.165374636650085449e-01,-2.963013350963592529e-01,-1.057851477526128292e-03,-5.399930477142333984e-01,-4.179577827453613281e-01,2.017998248338699341e-01,9.398046731948852539e-01,9.411647915840148926e-01,-2.122034132480621338e-01,3.821983409579843283e-04
1.505033493041992188e+00,2.000007331371307373e-01,7.708778977394104004e-01,9.957377910614013672e-01,4.754334688186645508e-02,-7.893750816583633423e-02,3.857871983200311661e-03,4.376887530088424683e-02,-2.413889952003955841e-02,2.439029812812805176e-01,2.013779729604721069e-01,-8.641490340232849121e-02,-1.225433796644210815e-01,-2.408412471413612366e-02,-5.903604626655578613e-01,-3.537622988224029541e-01,1.298065066337585449e+00,-3.366742730140686035e-01,3.352180495858192444e-02,-7.007528096437454224e-02,-1.092939153313636780e-01,1.682681888341903687e-01,-5.757954120635986328e-01,2.798247635364532471e-01,-7.922102510929107666e-02,8.975664377212524414e-01,-8.994406461715698242e-01,-2.929571866989135742e-01,4.332056269049644470e-03,-5.278719663619995117e-01,-4.089458882808685303e-01,1.944400668144226074e-01,9.342420697212219238e-01,9.345755577087402344e-01,-2.201265990734100342e-01,-5.666500423103570938e-03
1.525154352188110352e+00,2.037492394447326660e-01,7.739185094833374023e-01,9.958173632621765137e-01,4.073136672377586365e-02,-8.176158368587493896e-02,1.896659261547029018e-03,9.856615215539932251e-02,-1.817599684000015259e-02,2.453554421663284302e-01,1.668162196874618530e-01,-9.849671274423599243e-02,-1.234368234872817993e-01,-6.535227596759796143e-02,-5.663536190986633301e-01,-3.793206214904785156e-01,1.260295391082763672e+00,-3.469322025775909424e-01,4.297420755028724670e-02,-7.139512151479721069e-02,-1.013919934630393982e-01,1.698504984378814697e-01,-5.673649907112121582e-01,2.776730358600616455e-01,-7.305790483951568604e-02,8.941068649291992188e-01,-8.904401659965515137e-01,-2.879948318004608154e-01,1.007752586156129837e-02,-5.171570777893066406e-01,-3.975409269332885742e-01,1.878682374954223633e-01,9.312384724617004395e-01,9.328344464302062988e-01,-2.276543229818344116e-01,-1.199441775679588318e-02
1.545421242713928223e+00,2.065943032503128052e-01,7.756315469741821289e-01,9.959601163864135742e-01,3.500321507453918457e-02,-8.269289880990982056e-02,3.829647030215710402e-04,1.440672874450683594e-01,-1.254694908857345581e-02,2.493678331375122070e-01,1.410587877035140991e-01,-1.138068437576293945e-01,-1.303860694169998169e-01,-1.071699410676956177e-01,-5.416013002395629883e-01,-4.099021255970001221e-01,1.193269610404968262e+00,-3.433179855346679688e-01,4.600229486823081970e-02,-7.374034076929092407e-02,-9.519075602293014526e-02,1.697652786970138550e-01,-5.592744946479797363e-01,2.769280076026916504e-01,-6.546183675527572632e-02,8.898664712905883789e-01,-8.905526399612426758e-01,-2.839182019233703613e-01,1.336660236120223999e-02,-5.107630491256713867e-01,-3.854283392429351807e-01,1.815255433320999146e-01,9.279286861419677734e-01,9.302728772163391113e-01,-2.332448363304138184e-01,-1.760168187320232391e-02
1.564870238304138184e+00,2.088536918163299561e-01,7.757762670516967773e-01,9.960934519767761230e-01,3.214789181947708130e-02,-8.223994821310043335e-02,-9.223258239217102528e-04,1.802543997764587402e-01,-1.069567911326885223e-02,2.571685910224914551e-01,1.275465339422225952e-01,-1.355964690446853638e-01,-1.378262042999267578e-01,-1.502287536859512329e-01,-5.157419443130493164e-01,-4.335097372531890869e-01,1.104405760765075684e+00,-3.281203210353851318e-01,5.149397999048233032e-02,-7.661353051662445068e-02,-9.410191327333450317e-02,1.694657802581787109e-01,-5.526056289672851562e-01,2.782654166221618652e-01,-5.668558552861213684e-02,8.852980136871337891e-01,-8.970772027969360352e-01,-2.811174988746643066e-01,1.438213046640157700e-02,-5.079408288002014160e-01,-3.748649060726165771e-01,1.761138886213302612e-01,9.230239391326904297e-01,9.278427362442016602e-01,-2.380959987640380859e-01,-2.060811221599578857e-02
1.583921074867248535e+00,2.107650935649871826e-01,7.740425467491149902e-01,9.959363937377929688e-01,3.283703327178955078e-02,-8.371089398860931396e-02,-4.983097314834594727e-03,2.213228940963745117e-01,-1.134567987173795700e-02,2.897469699382781982e-01,1.233558803796768188e-01,-1.745559871196746826e-01,-1.318657398223876953e-01,-1.929689347743988037e-01,-4.742015302181243896e-01,-4.186779558658599854e-01,9.924897551536560059e-01,-3.262012600898742676e-01,4.037188366055488586e-02,-6.619990617036819458e-02,-9.493974596261978149e-02,1.779253333806991577e-01,-5.463163256645202637e-01,2.597016990184783936e-01,-1.811758242547512054e-02,8.751832842826843262e-01,-9.241184592247009277e-01,-2.722497284412384033e-01,-3.081346862018108368e-02,-4.929624795913696289e-01,-3.613727986812591553e-01,1.252948194742202759e-01,8.895573019981384277e-01,9.664048552513122559e-01,-2.323025763034820557e-01,2.770127495750784874e-03
1.600178003311157227e+00,2.109141796827316284e-01,7.721371650695800781e-01,9.958946704864501953e-01,3.179338946938514709e-02,-8.445491641759872437e-02,-7.100529503077268600e-03,2.523020207881927490e-01,-6.154643371701240540e-03,3.165005147457122803e-01,1.275569647550582886e-01,-2.138743698596954346e-01,-1.201085671782493591e-01,-2.278199046850204468e-01,-4.172182977199554443e-01,-3.885980248451232910e-01,8.593366742134094238e-01,-3.028694689273834229e-01,1.112464535981416702e-02,-6.278466433286666870e-02,-9.008415043354034424e-02,1.858991682529449463e-01,-5.437712073326110840e-01,2.445721328258514404e-01,1.424450613558292389e-02,8.770155310630798340e-01,-9.160048365592956543e-01,-2.616717219352722168e-01,-6.360875070095062256e-02,-4.854852855205535889e-01,-3.451113402843475342e-01,7.645656913518905640e-02,8.665606975555419922e-01,9.971936941146850586e-01,-2.273730188608169556e-01,3.750448673963546753e-02
1.612207889556884766e+00,2.092003822326660156e-01,7.711120843887329102e-01,9.958955645561218262e-01,2.794311568140983582e-02,-8.564996719360351562e-02,-8.680297993123531342e-03,2.769240736961364746e-01,7.059975992888212204e-03,3.381322026252746582e-01,1.299643218517303467e-01,-2.464645802974700928e-01,-1.058975160121917725e-01,-2.379504144191741943e-01,-3.338215649127960205e-01,-3.325462937355041504e-01,6.711062788963317871e-01,-2.460073232650756836e-01,-2.094180136919021606e-02,-6.439068168401718140e-02,-7.725034654140472412e-02,1.956974416971206665e-01,-5.383138656616210938e-01,2.317799776792526245e-01,2.687351405620574951e-02,8.962438106536865234e-01,-8.290504217147827148e-01,-2.711997926235198975e-01,-7.425773888826370239e-02,-4.873511493206024170e-01,-3.285413682460784912e-01,2.343373931944370270e-02,8.499175310134887695e-01,1.022054553031921387e+00,-2.125094234943389893e-01,7.551163434982299805e-02
1.617505908012390137e+00,2.056891769170761108e-01,7.702273130416870117e-01,9.960002303123474121e-01,2.537376247346401215e-02,-8.542040735483169556e-02,-6.566434167325496674e-03,3.012202084064483643e-01,1.574240252375602722e-02,3.411636948585510254e-01,1.176807209849357605e-01,-2.608851194381713867e-01,-9.710059314966201782e-02,-2.203139215707778931e-01,-2.438728809356689453e-01,-2.502373456954956055e-01,4.331496059894561768e-01,-1.557393521070480347e-01,-3.882370889186859131e-02,-6.672028452157974243e-02,-6.524179875850677490e-02,2.046014517545700073e-01,-5.407958030700683594e-01,2.292652726173400879e-01,6.627327296882867813e-03,9.369488954544067383e-01,-6.794331073760986328e-01,-2.768798172473907471e-01,-4.792013764381408691e-02,-4.843530952930450439e-01,-3.164233565330505371e-01,-3.023362345993518829e-02,8.372042179107666016e-01,1.010382175445556641e+00,-2.130569517612457275e-01,9.603345394134521484e-02
1.626006126403808594e+00,2.040513753890991211e-01,7.683871984481811523e-01,9.963780641555786133e-01,2.909611910581588745e-02,-7.989981770515441895e-02,3.972649283241480589e-04,3.192708492279052734e-01,5.107806529849767685e-03,3.250755369663238525e-01,1.134737208485603333e-01,-2.763789296150207520e-01,-9.968847781419754028e-02,-2.262003868818283081e-01,-2.146264761686325073e-01,-2.361682951450347900e-01,2.376578897237777710e-01,-4.896913096308708191e-02,-4.794143140316009521e-02,-6.179740279912948608e-02,-6.954338401556015015e-02,1.933774501085281372e-01,-5.545712113380432129e-01,2.367389500141143799e-01,-2.111419849097728729e-02,9.653786420822143555e-01,-6.118525266647338867e-01,-2.783731520175933838e-01,-1.766834780573844910e-02,-4.767247736454010010e-01,-3.071033358573913574e-01,-4.278463497757911682e-02,8.455513119697570801e-01,9.691625833511352539e-01,-2.564158141613006592e-01,7.529619336128234863e-02
1.640880823135375977e+00,2.028358578681945801e-01,7.648675441741943359e-01,9.961221218109130859e-01,3.531724214553833008e-02,-8.040130138397216797e-02,5.389056634157896042e-03,3.458290398120880127e-01,-6.581359542906284332e-03,3.217934370040893555e-01,1.130192354321479797e-01,-2.971074879169464111e-01,-1.031599193811416626e-01,-2.516375184059143066e-01,-2.035315334796905518e-01,-1.829242855310440063e-01,1.943234801292419434e-01,-4.320123419165611267e-02,-4.209832847118377686e-02,-5.758257582783699036e-02,-7.929049432277679443e-02,1.957582086324691772e-01,-5.577040314674377441e-01,2.430762499570846558e-01,-2.900803834199905396e-02,9.654635787010192871e-01,-5.814071893692016602e-01,-2.870806157588958740e-01,-1.000228803604841232e-03,-4.713360369205474854e-01,-3.108737766742706299e-01,-4.931009188294410706e-02,8.494791984558105469e-01,9.580314755439758301e-01,-2.590665817260742188e-01,7.035619765520095825e-02
1.657090544700622559e+00,2.014692127704620361e-01,7.611762881278991699e-01,9.958466291427612305e-01,3.897023573517799377e-02,-8.177716284990310669e-02,9.122368879616260529e-03,3.754353523254394531e-01,-1.059565600007772446e-02,3.241789042949676514e-01,1.129906028509140015e-01,-3.145631253719329834e-01,-1.105036884546279907e-01,-2.726500034332275391e-01,-2.050214856863021851e-01,-1.782613992691040039e-01,2.029638588428497314e-01,-6.529890000820159912e-02,-4.771862179040908813e-02,-5.139257758855819702e-02,-8.299464732408523560e-02,1.975314021110534668e-01,-5.557743310928344727e-01,2.455698996782302856e-01,-3.358609974384307861e-02,9.582232832908630371e-01,-5.668702125549316406e-01,-2.935227453708648682e-01,7.895736023783683777e-03,-4.646631777286529541e-01,-3.164176940917968750e-01,-5.253218114376068115e-02,8.491913080215454102e-01,9.341298341751098633e-01,-2.606216967105865479e-01,6.282638758420944214e-02
1.673596620559692383e+00,1.996729820966720581e-01,7.576068639755249023e-01,9.957705140113830566e-01,3.804905340075492859e-02,-8.282110840082168579e-02,1.157514657825231552e-02,4.061640501022338867e-01,-2.212982159107923508e-03,3.303635716438293457e-01,1.126020774245262146e-01,-3.304551243782043457e-01,-1.222447156906127930e-01,-2.832387983798980713e-01,-2.089433819055557251e-01,-2.121530324220657349e-01,2.387800365686416626e-01,-8.653373271226882935e-02,-5.997337028384208679e-02,-4.416250437498092651e-02,-7.593701034784317017e-02,1.973206847906112671e-01,-5.524626374244689941e-01,2.471397966146469116e-01,-3.739544004201889038e-02,9.481087327003479004e-01,-5.616254806518554688e-01,-2.973031401634216309e-01,1.253069099038839340e-02,-4.607140719890594482e-01,-3.255330920219421387e-01,-5.414343252778053284e-02,8.439812660217285156e-01,9.039792418479919434e-01,-2.597751021385192871e-01,5.817651003599166870e-02
1.691340804100036621e+00,1.973924934864044189e-01,7.549441456794738770e-01,9.958966374397277832e-01,3.235471993684768677e-02,-8.344607800245285034e-02,1.340757589787244797e-02,4.377093017101287842e-01,1.848990283906459808e-02,3.377701938152313232e-01,1.126568093895912170e-01,-3.430601358413696289e-01,-1.375456303358078003e-01,-2.956627309322357178e-01,-2.066624760627746582e-01,-2.404840588569641113e-01,3.091491460800170898e-01,-9.842038899660110474e-02,-8.005359768867492676e-02,-3.958116844296455383e-02,-5.748698487877845764e-02,1.966203153133392334e-01,-5.472489595413208008e-01,2.487609833478927612e-01,-3.941798582673072815e-02,9.374226927757263184e-01,-5.610525012016296387e-01,-3.003579974174499512e-01,1.231079548597335815e-02,-4.611939191818237305e-01,-3.347574472427368164e-01,-4.823038727045059204e-02,8.399816155433654785e-01,8.800590634346008301e-01,-2.528668940067291260e-01,5.972554162144660950e-02
1.711561322212219238e+00,1.942467689514160156e-01,7.527467012405395508e-01,9.960271120071411133e-01,2.425925619900226593e-02,-8.407481014728546143e-02,1.652239076793193817e-02,4.673654437065124512e-01,4.545107483863830566e-02,3.399443030357360840e-01,1.138329282402992249e-01,-3.533596098423004150e-01,-1.583381891250610352e-01,-2.986178398132324219e-01,-1.904620826244354248e-01,-2.410099059343338013e-01,3.662123382091522217e-01,-6.560603529214859009e-02,-7.182197272777557373e-02,-3.912997245788574219e-02,-3.362860530614852905e-02,1.952948719263076782e-01,-5.375766754150390625e-01,2.525275349617004395e-01,-4.086197912693023682e-02,9.272740483283996582e-01,-5.685316324234008789e-01,-3.096676468849182129e-01,1.062959246337413788e-02,-4.608487486839294434e-01,-3.433755040168762207e-01,-3.405154123902320862e-02,8.388230800628662109e-01,8.690731525421142578e-01,-2.484907507896423340e-01,6.592956930398941040e-02
1.731141090393066406e+00,1.904078423976898193e-01,7.519394159317016602e-01,9.959632754325866699e-01,1.669983938336372375e-02,-8.614266663789749146e-02,1.891352795064449310e-02,5.015311241149902344e-01,7.122391462326049805e-02,3.459482491016387939e-01,1.147998273372650146e-01,-3.489143848419189453e-01,-1.806079000234603882e-01,-2.919934093952178955e-01,-1.786363124847412109e-01,-2.477622479200363159e-01,4.180757403373718262e-01,-5.187892913818359375e-02,-5.537312105298042297e-02,-3.970158472657203674e-02,-1.113976724445819855e-02,1.948138326406478882e-01,-5.308902263641357422e-01,2.552862167358398438e-01,-4.560020565986633301e-02,9.188174009323120117e-01,-5.756089091300964355e-01,-3.195022344589233398e-01,7.413446437567472458e-03,-4.650918245315551758e-01,-3.480884730815887451e-01,-2.284427173435688019e-02,8.402991890907287598e-01,8.567332625389099121e-01,-2.451101690530776978e-01,7.137636095285415649e-02
1.749961853027343750e+00,1.856854856014251709e-01,7.528143525123596191e-01,9.956666827201843262e-01,1.194567047059535980e-02,-8.957808464765548706e-02,2.192922867834568024e-02,5.385044217109680176e-01,9.284071624279022217e-02,3.509430587291717529e-01,1.151957064867019653e-01,-3.212712109088897705e-01,-2.021133154630661011e-01,-2.750454545021057129e-01,-1.731601953506469727e-01,-2.583432495594024658e-01,4.662838578224182129e-01,-6.808353960514068604e-02,-4.452658072113990784e-02,-4.447416961193084717e-02,4.327894654124975204e-03,1.946194916963577271e-01,-5.223757624626159668e-01,2.603306174278259277e-01,-5.021261796355247498e-02,9.148179888725280762e-01,-5.831082463264465332e-01,-3.296369016170501709e-01,6.122184917330741882e-03,-4.650284945964813232e-01,-3.501870632171630859e-01,-1.646563038229942322e-02,8.475337028503417969e-01,8.442597389221191406e-01,-2.395336031913757324e-01,8.362720906734466553e-02
1.768917679786682129e+00,1.801021844148635864e-01,7.555307149887084961e-01,9.950876832008361816e-01,1.234318315982818604e-02,-9.495290368795394897e-02,2.514212578535079956e-02,5.693584680557250977e-01,1.064165607094764709e-01,3.513967394828796387e-01,1.246273145079612732e-01,-2.738080322742462158e-01,-2.145797461271286011e-01,-2.444421201944351196e-01,-1.752369552850723267e-01,-2.711401581764221191e-01,5.008684396743774414e-01,-1.089007481932640076e-01,-3.769021481275558472e-02,-4.875830560922622681e-02,6.602830253541469574e-03,1.959020644426345825e-01,-5.149087309837341309e-01,2.656158506870269775e-01,-6.184224039316177368e-02,9.167455434799194336e-01,-5.894598960876464844e-01,-3.345800340175628662e-01,2.369161928072571754e-03,-4.656706750392913818e-01,-3.492065072059631348e-01,-1.598516479134559631e-02,8.572921156883239746e-01,8.361526131629943848e-01,-2.312960624694824219e-01,1.006779894232749939e-01
1.788545608520507812e+00,1.734331697225570679e-01,7.596717476844787598e-01,9.944331049919128418e-01,1.467317156493663788e-02,-1.004487648606300354e-01,2.824107930064201355e-02,5.754327774047851562e-01,1.262508481740951538e-01,3.498535752296447754e-01,1.824430525302886963e-01,-2.291102856397628784e-01,-2.189788967370986938e-01,-1.979554295539855957e-01,-1.760897487401962280e-01,-2.849392592906951904e-01,5.048004388809204102e-01,-1.438857018947601318e-01,-2.697873674333095551e-02,-5.199435725808143616e-02,2.994384616613388062e-03,1.955652832984924316e-01,-5.151033997535705566e-01,2.721483111381530762e-01,-7.545751333236694336e-02,9.218569993972778320e-01,-5.943360328674316406e-01,-3.342976272106170654e-01,-4.088161047548055649e-03,-4.695461094379425049e-01,-3.460732102394104004e-01,-1.762031950056552887e-02,8.702132701873779297e-01,8.333637118339538574e-01,-2.195904552936553955e-01,1.148568913340568542e-01
1.808301091194152832e+00,1.658642739057540894e-01,7.638834118843078613e-01,9.939539432525634766e-01,1.312036905437707901e-02,-1.046442687511444092e-01,3.054511174559593201e-02,5.378781557083129883e-01,1.684960275888442993e-01,3.446102440357208252e-01,3.332092463970184326e-01,-2.126274704933166504e-01,-2.143241912126541138e-01,-1.440686434507369995e-01,-1.636061072349548340e-01,-3.027790486812591553e-01,4.839180707931518555e-01,-1.663091778755187988e-01,-1.969870924949645996e-02,-5.543082952499389648e-02,7.643482647836208344e-03,1.947834789752960205e-01,-5.225251317024230957e-01,2.777525782585144043e-01,-8.407965302467346191e-02,9.264088273048400879e-01,-6.030758023262023926e-01,-3.338585793972015381e-01,-1.431958004832267761e-02,-4.722071290016174316e-01,-3.438812196254730225e-01,-1.771738007664680481e-02,8.799868822097778320e-01,8.397262096405029297e-01,-2.062436193227767944e-01,1.223797723650932312e-01
1.826170802116394043e+00,1.582759618759155273e-01,7.670914530754089355e-01,9.937480092048645020e-01,6.855715997517108917e-03,-1.070328056812286377e-01,3.101349622011184692e-02,4.815852940082550049e-01,2.247325330972671509e-01,3.395849168300628662e-01,5.211393237113952637e-01,-2.054723650217056274e-01,-1.969431638717651367e-01,-9.130848944187164307e-02,-1.359147280454635620e-01,-3.203958570957183838e-01,4.462894797325134277e-01,-1.798877269029617310e-01,-1.402428373694419861e-02,-5.582089722156524658e-02,2.384551055729389191e-02,1.937905848026275635e-01,-5.348476767539978027e-01,2.825494110584259033e-01,-8.932483196258544922e-02,9.339336752891540527e-01,-6.185964345932006836e-01,-3.308460414409637451e-01,-2.842418290674686432e-02,-4.816907048225402832e-01,-3.446177542209625244e-01,-1.135443244129419327e-02,8.897719979286193848e-01,8.409508466720581055e-01,-2.005902826786041260e-01,1.264329701662063599e-01
1.841570138931274414e+00,1.513448953628540039e-01,7.695506215095520020e-01,9.936822056770324707e-01,-1.712986559141427279e-04,-1.081683263182640076e-01,2.992057427763938904e-02,4.221038520336151123e-01,2.863621115684509277e-01,3.443332314491271973e-01,7.076128125190734863e-01,-1.980053186416625977e-01,-1.637149602174758911e-01,-4.311349242925643921e-02,-1.043301224708557129e-01,-3.344369828701019287e-01,4.004648327827453613e-01,-1.854038834571838379e-01,-6.724913604557514191e-03,-5.288711562752723694e-02,4.316454753279685974e-02,1.955045312643051147e-01,-5.460045337677001953e-01,2.882024347782135010e-01,-9.191922098398208618e-02,9.391430020332336426e-01,-6.301630735397338867e-01,-3.322582244873046875e-01,-4.090131819248199463e-02,-4.889359772205352783e-01,-3.503024578094482422e-01,-2.377308905124664307e-03,8.959469795227050781e-01,8.365416526794433594e-01,-1.997710317373275757e-01,1.294310539960861206e-01
1.854837179183959961e+00,1.457758843898773193e-01,7.718777060508728027e-01,9.937281608581542969e-01,-3.369630547240376472e-03,-1.081770509481430054e-01,2.812003344297409058e-02,3.768956065177917480e-01,3.437059223651885986e-01,3.744011223316192627e-01,8.475826978683471680e-01,-2.045170068740844727e-01,-1.207836046814918518e-01,-2.260549226775765419e-03,-8.237371593713760376e-02,-3.429449498653411865e-01,3.574651777744293213e-01,-1.884835511445999146e-01,4.248900339007377625e-03,-4.894961789250373840e-02,5.579201877117156982e-02,1.988456696271896362e-01,-5.508523583412170410e-01,2.925908565521240234e-01,-9.247315675020217896e-02,9.429979920387268066e-01,-6.420975923538208008e-01,-3.356320858001708984e-01,-4.967677965760231018e-02,-4.933186471462249756e-01,-3.588332533836364746e-01,3.810489550232887268e-03,9.010788202285766602e-01,8.359999060630798340e-01,-2.028359770774841309e-01,1.312177777290344238e-01
1.866865277290344238e+00,1.414680927991867065e-01,7.747147679328918457e-01,9.938735365867614746e-01,-9.171593119390308857e-04,-1.073158830404281616e-01,2.641671337187290192e-02,3.453834950923919678e-01,3.759727180004119873e-01,4.139304757118225098e-01,9.192525148391723633e-01,-2.337881028652191162e-01,-9.105370938777923584e-02,3.255454450845718384e-02,-7.546965032815933228e-02,-3.449711799621582031e-01,3.218098282814025879e-01,-1.925601065158843994e-01,1.739784516394138336e-02,-4.550256952643394470e-02,5.769047141075134277e-02,2.017028778791427612e-01,-5.496187210083007812e-01,2.947792112827301025e-01,-9.204152971506118774e-02,9.453098177909851074e-01,-6.546105146408081055e-01,-3.383918404579162598e-01,-5.577883496880531311e-02,-4.978955984115600586e-01,-3.638062179088592529e-01,2.576688537374138832e-03,9.096474647521972656e-01,8.421558737754821777e-01,-2.042861282825469971e-01,1.338539719581604004e-01
1.877863287925720215e+00,1.382152289152145386e-01,7.778959870338439941e-01,9.941060543060302734e-01,5.166448187083005905e-03,-1.054224148392677307e-01,2.475132420659065247e-02,3.127416372299194336e-01,3.731288015842437744e-01,4.373784661293029785e-01,9.308400750160217285e-01,-2.578458189964294434e-01,-9.066508710384368896e-02,6.228440254926681519e-02,-7.899752259254455566e-02,-3.430545926094055176e-01,2.905807197093963623e-01,-1.963302940130233765e-01,3.164671361446380615e-02,-4.285180941224098206e-02,5.280970409512519836e-02,2.026460170745849609e-01,-5.462019443511962891e-01,2.946299910545349121e-01,-9.111358225345611572e-02,9.488019943237304688e-01,-6.655201911926269531e-01,-3.384371697902679443e-01,-5.962593853473663330e-02,-5.034410357475280762e-01,-3.636843562126159668e-01,-2.295811893418431282e-03,9.207611083984375000e-01,8.502881526947021484e-01,-2.026346176862716675e-01,1.365958601236343384e-01
1.887766838073730469e+00,1.357959806919097900e-01,7.806137800216674805e-01,9.943631291389465332e-01,1.041470561176538467e-02,-1.029571145772933960e-01,2.309353649616241455e-02,2.773149311542510986e-01,3.537535667419433594e-01,4.470297992229461670e-01,8.956465721130371094e-01,-2.684693634510040283e-01,-1.144329831004142761e-01,8.831853419542312622e-02,-8.223623037338256836e-02,-3.416767418384552002e-01,2.601433992385864258e-01,-1.965316087007522583e-01,4.328983277082443237e-02,-4.136906936764717102e-02,5.003644153475761414e-02,2.020621150732040405e-01,-5.435848236083984375e-01,2.938410341739654541e-01,-9.042167663574218750e-02,9.534561038017272949e-01,-6.759671568870544434e-01,-3.367008268833160400e-01,-6.148092448711395264e-02,-5.084187984466552734e-01,-3.610033690929412842e-01,-4.042973276227712631e-03,9.291938543319702148e-01,8.587534427642822266e-01,-2.002842128276824951e-01,1.377874761819839478e-01
1.896678566932678223e+00,1.327028274536132812e-01,7.822886705398559570e-01,9.945921897888183594e-01,1.291623432189226151e-02,-1.007341146469116211e-01,2.173035778105258942e-02,2.446123957633972168e-01,3.387014269828796387e-01,4.581139385700225830e-01,8.304795622825622559e-01,-2.732120156288146973e-01,-1.410131156444549561e-01,1.121274605393409729e-01,-8.022375404834747314e-02,-3.433711528778076172e-01,2.312638759613037109e-01,-1.958872079849243164e-01,5.035653337836265564e-02,-4.192521423101425171e-02,5.319545045495033264e-02,2.011897116899490356e-01,-5.425908565521240234e-01,2.945990264415740967e-01,-8.930048346519470215e-02,9.570214748382568359e-01,-6.838644146919250488e-01,-3.354018330574035645e-01,-6.217619404196739197e-02,-5.120288133621215820e-01,-3.582740128040313721e-01,-2.401184756308794022e-04,9.323577284812927246e-01,8.643912076950073242e-01,-1.998789757490158081e-01,1.364483684301376343e-01
1.905936956405639648e+00,1.311792135238647461e-01,7.830618023872375488e-01,9.947562217712402344e-01,1.337146945297718048e-02,-9.923010319471359253e-02,2.084983512759208679e-02,2.163052707910537720e-01,3.320823609828948975e-01,4.747127890586853027e-01,7.500646710395812988e-01,-2.748688757419586182e-01,-1.596146076917648315e-01,1.340603679418563843e-01,-7.485739141702651978e-02,-3.475067019462585449e-01,2.076489329338073730e-01,-1.972307860851287842e-01,5.376464128494262695e-02,-4.432915523648262024e-02,6.041683256626129150e-02,2.012282609939575195e-01,-5.418379306793212891e-01,2.971754968166351318e-01,-8.846503496170043945e-02,9.583613276481628418e-01,-6.870496869087219238e-01,-3.353621065616607666e-01,-6.162065640091896057e-02,-5.131658911705017090e-01,-3.571933805942535400e-01,6.238568108528852463e-03,9.309957623481750488e-01,8.648082613945007324e-01,-2.013542205095291138e-01,1.320610195398330688e-01
1.915756821632385254e+00,1.300476193428039551e-01,7.833040952682495117e-01,9.948543906211853027e-01,1.256408635526895523e-02,-9.852670133113861084e-02,1.998383365571498871e-02,1.899608075618743896e-01,3.276884257793426514e-01,4.894017577171325684e-01,6.636368036270141602e-01,-2.705697715282440186e-01,-1.716141849756240845e-01,1.546287238597869873e-01,-6.818067282438278198e-02,-3.521536886692047119e-01,1.907191574573516846e-01,-2.012769430875778198e-01,5.476670339703559875e-02,-4.741145670413970947e-02,6.939508765935897827e-02,2.024466395378112793e-01,-5.397844910621643066e-01,3.006469309329986572e-01,-8.780272305011749268e-02,9.574500918388366699e-01,-6.875732541084289551e-01,-3.357965350151062012e-01,-5.988687276840209961e-02,-5.116659402847290039e-01,-3.575851321220397949e-01,1.314825564622879028e-02,9.262658357620239258e-01,8.620907068252563477e-01,-2.031879723072052002e-01,1.256143450736999512e-01
1.924994111061096191e+00,1.292659640312194824e-01,7.832640409469604492e-01,9.949161410331726074e-01,1.118031796067953110e-02,-9.831618517637252808e-02,1.872807927429676056e-02,1.623052954673767090e-01,3.200226128101348877e-01,4.939478635787963867e-01,5.767628550529479980e-01,-2.557660639286041260e-01,-1.799912750720977783e-01,1.733430176973342896e-01,-6.171417981386184692e-02,-3.556489348411560059e-01,1.794764846563339233e-01,-2.069254815578460693e-01,5.434336513280868530e-02,-4.989278316497802734e-02,7.823513448238372803e-02,2.038305997848510742e-01,-5.364457368850708008e-01,3.043391704559326172e-01,-8.648516982793807983e-02,9.546249508857727051e-01,-6.884211897850036621e-01,-3.362106382846832275e-01,-5.689114332199096680e-02,-5.088694691658020020e-01,-3.584803342819213867e-01,1.833406090736389160e-02,9.201161861419677734e-01,8.580104708671569824e-01,-2.045799046754837036e-01,1.192593947052955627e-01
1.934014916419982910e+00,1.288737654685974121e-01,7.830323576927185059e-01,9.949690699577331543e-01,9.793195873498916626e-03,-9.824463725090026855e-02,1.698917709290981293e-02,1.324563473463058472e-01,3.060351610183715820e-01,4.837743341922760010e-01,4.939512014389038086e-01,-2.279379069805145264e-01,-1.871919780969619751e-01,1.898917704820632935e-01,-5.635452270507812500e-02,-3.566032350063323975e-01,1.716676950454711914e-01,-2.128812074661254883e-01,5.409118160605430603e-02,-5.144757777452468872e-02,8.552132546901702881e-02,2.046890854835510254e-01,-5.330537557601928711e-01,3.079727590084075928e-01,-8.353838324546813965e-02,9.508807063102722168e-01,-6.883034706115722656e-01,-3.369283676147460938e-01,-5.149471014738082886e-02,-5.064694285392761230e-01,-3.592820167541503906e-01,2.075762301683425903e-02,9.144988656044006348e-01,8.558987975120544434e-01,-2.056829482316970825e-01,1.157651171088218689e-01
1.943133592605590820e+00,1.289540082216262817e-01,7.825919985771179199e-01,9.950264692306518555e-01,8.225231431424617767e-03,-9.816917032003402710e-02,1.474606432020664215e-02,1.024176776409149170e-01,2.857880294322967529e-01,4.574258327484130859e-01,4.114553034305572510e-01,-1.900730133056640625e-01,-1.977441459894180298e-01,2.055430263280868530e-01,-5.103080347180366516e-02,-3.542583882808685303e-01,1.645867377519607544e-01,-2.187036573886871338e-01,5.365536361932754517e-02,-5.267638713121414185e-02,9.182555228471755981e-02,2.049472779035568237e-01,-5.291862487792968750e-01,3.113295435905456543e-01,-7.858733087778091431e-02,9.464994072914123535e-01,-6.874774098396301270e-01,-3.381283879280090332e-01,-4.464216157793998718e-02,-5.050981044769287109e-01,-3.600116074085235596e-01,2.149038575589656830e-02,9.102666974067687988e-01,8.552539944648742676e-01,-2.063640058040618896e-01,1.149287968873977661e-01
1.952427506446838379e+00,1.294504255056381226e-01,7.818793058395385742e-01,9.950830936431884766e-01,5.998435895889997482e-03,-9.811110049486160278e-02,1.215692795813083649e-02,7.652912288904190063e-02,2.635295987129211426e-01,4.238855242729187012e-01,3.260928988456726074e-01,-1.434990912675857544e-01,-2.140645831823348999e-01,2.204440683126449585e-01,-4.475107789039611816e-02,-3.497026860713958740e-01,1.587374359369277954e-01,-2.248428761959075928e-01,5.248819291591644287e-02,-5.460542812943458557e-02,9.797123819589614868e-02,2.054503113031387329e-01,-5.244323015213012695e-01,3.148964047431945801e-01,-7.129088044166564941e-02,9.419549703598022461e-01,-6.848670244216918945e-01,-3.388683199882507324e-01,-3.751811012625694275e-02,-5.045818090438842773e-01,-3.608310520648956299e-01,2.094095200300216675e-02,9.074290990829467773e-01,8.552660346031188965e-01,-2.067919224500656128e-01,1.160764470696449280e-01
1.961925148963928223e+00,1.302580982446670532e-01,7.808287143707275391e-01,9.951646327972412109e-01,2.421859651803970337e-03,-9.778543561697006226e-02,8.916082791984081268e-03,5.399480462074279785e-02,2.463225871324539185e-01,3.911913931369781494e-01,2.450141161680221558e-01,-9.690877795219421387e-02,-2.310624122619628906e-01,2.334780842065811157e-01,-3.607893735170364380e-02,-3.436688780784606934e-01,1.536362171173095703e-01,-2.309328764677047729e-01,5.075617134571075439e-02,-5.663876235485076904e-02,1.051352620124816895e-01,2.063242048025131226e-01,-5.190215110778808594e-01,3.188466727733612061e-01,-6.258413940668106079e-02,9.378985762596130371e-01,-6.823500990867614746e-01,-3.388150930404663086e-01,-3.133672103285789490e-02,-5.043984651565551758e-01,-3.615207672119140625e-01,1.937327906489372253e-02,9.057287573814392090e-01,8.567830324172973633e-01,-2.075463235378265381e-01,1.170930117368698120e-01
1.971536755561828613e+00,1.314493268728256226e-01,7.793465256690979004e-01,9.952499866485595703e-01,-2.873893594369292259e-03,-9.717924147844314575e-02,5.038720089942216873e-03,3.141673654317855835e-02,2.391244322061538696e-01,3.640397489070892334e-01,1.768560558557510376e-01,-5.784890428185462952e-02,-2.452820092439651489e-01,2.455646544694900513e-01,-2.415212243795394897e-02,-3.376219868659973145e-01,1.482274234294891357e-01,-2.369872182607650757e-01,4.861094802618026733e-02,-5.835755541920661926e-02,1.136598885059356689e-01,2.078094780445098877e-01,-5.130472183227539062e-01,3.234949111938476562e-01,-5.402201041579246521e-02,9.349372386932373047e-01,-6.816357374191284180e-01,-3.381135463714599609e-01,-2.618242055177688599e-02,-5.046395063400268555e-01,-3.616612255573272705e-01,1.681934855878353119e-02,9.043345451354980469e-01,8.596936464309692383e-01,-2.086321264505386353e-01,1.177737787365913391e-01
1.981371760368347168e+00,1.330691576004028320e-01,7.775942087173461914e-01,9.953315258026123047e-01,-8.968234993517398834e-03,-9.609375894069671631e-02,8.837266359478235245e-04,4.230157472193241119e-03,2.428278625011444092e-01,3.439013361930847168e-01,1.363411247730255127e-01,-3.475692495703697205e-02,-2.532456815242767334e-01,2.562192976474761963e-01,-1.107270363718271255e-02,-3.317318856716156006e-01,1.433847844600677490e-01,-2.437359988689422607e-01,4.701426625251770020e-02,-5.952481552958488464e-02,1.218110695481300354e-01,2.094844728708267212e-01,-5.075549483299255371e-01,3.282746076583862305e-01,-4.678251594305038452e-02,9.337411522865295410e-01,-6.843114495277404785e-01,-3.375449180603027344e-01,-2.253309637308120728e-02,-5.055842399597167969e-01,-3.604497015476226807e-01,1.366164814680814743e-02,9.036790132522583008e-01,8.630370497703552246e-01,-2.093924880027770996e-01,1.183195337653160095e-01
1.990617632865905762e+00,1.349355280399322510e-01,7.756582498550415039e-01,9.953988194465637207e-01,-1.484968699514865875e-02,-9.461521357297897339e-02,-2.930815564468502998e-03,-2.646490931510925293e-02,2.513614594936370850e-01,3.264343142509460449e-01,1.188087612390518188e-01,-2.263510227203369141e-02,-2.572520375251770020e-01,2.663366496562957764e-01,5.382065428420901299e-04,-3.264855444431304932e-01,1.400709301233291626e-01,-2.518836259841918945e-01,4.736676067113876343e-02,-6.065304949879646301e-02,1.274604052305221558e-01,2.112921029329299927e-01,-5.027232170104980469e-01,3.326849043369293213e-01,-4.173746705055236816e-02,9.352194666862487793e-01,-6.900936961174011230e-01,-3.365699648857116699e-01,-2.044486068189144135e-02,-5.076625943183898926e-01,-3.577345013618469238e-01,9.587228298187255859e-03,9.043477177619934082e-01,8.652142882347106934e-01,-2.092228084802627563e-01,1.183590739965438843e-01
1.999622225761413574e+00,1.369692087173461914e-01,7.735770344734191895e-01,9.954428076744079590e-01,-1.981625147163867950e-02,-9.308601915836334229e-02,-5.992946214973926544e-03,-5.201293528079986572e-02,2.592573463916778564e-01,3.147720992565155029e-01,1.113701611757278442e-01,-1.344410888850688934e-02,-2.604715824127197266e-01,2.767449319362640381e-01,9.070200845599174500e-03,-3.222298920154571533e-01,1.386948078870773315e-01,-2.612100243568420410e-01,4.991333559155464172e-02,-6.183789297938346863e-02,1.293255984783172607e-01,2.134426534175872803e-01,-4.980880618095397949e-01,3.361503779888153076e-01,-3.788814321160316467e-02,9.388969540596008301e-01,-6.973762512207031250e-01,-3.351778984069824219e-01,-1.898177713155746460e-02,-5.098310112953186035e-01,-3.540593981742858887e-01,4.918075632303953171e-03,9.067153334617614746e-01,8.660017848014831543e-01,-2.089484632015228271e-01,1.188370957970619202e-01
2.009576320648193359e+00,1.394375413656234741e-01,7.714263796806335449e-01,9.954819679260253906e-01,-2.339136227965354919e-02,-9.168575704097747803e-02,-7.890156470239162445e-03,-6.775242835283279419e-02,2.636907100677490234e-01,3.118363022804260254e-01,1.084712743759155273e-01,-1.255336566828191280e-03,-2.630645930767059326e-01,2.877821028232574463e-01,1.328977476805448532e-02,-3.199936747550964355e-01,1.396618187427520752e-01,-2.717328071594238281e-01,5.483912304043769836e-02,-6.325512379407882690e-02,1.267440319061279297e-01,2.157062143087387085e-01,-4.941996932029724121e-01,3.384814560413360596e-01,-3.512657433748245239e-02,9.435824155807495117e-01,-7.031590342521667480e-01,-3.334501981735229492e-01,-1.843887194991111755e-02,-5.111411809921264648e-01,-3.498088419437408447e-01,-7.856677984818816185e-04,9.100616574287414551e-01,8.644018173217773438e-01,-2.097532302141189575e-01,1.199015676975250244e-01
2.020431041717529297e+00,1.424542069435119629e-01,7.694855332374572754e-01,9.955283403396606445e-01,-2.490565925836563110e-02,-9.071746468544006348e-02,-8.567093871533870697e-03,-7.106798142194747925e-02,2.618713378906250000e-01,3.180991709232330322e-01,1.074433401226997375e-01,1.627804152667522430e-02,-2.640341222286224365e-01,2.995909750461578369e-01,1.151396147906780243e-02,-3.198512494564056396e-01,1.436991393566131592e-01,-2.840149104595184326e-01,6.235641986131668091e-02,-6.483113765716552734e-02,1.190607100725173950e-01,2.173044830560684204e-01,-4.915009140968322754e-01,3.399251401424407959e-01,-3.357750177383422852e-02,9.472744464874267578e-01,-7.049695253372192383e-01,-3.326517641544342041e-01,-1.938074268400669098e-02,-5.109259486198425293e-01,-3.460149765014648438e-01,-6.930824369192123413e-03,9.135242700576782227e-01,8.600625395774841309e-01,-2.114362120628356934e-01,1.222577393054962158e-01
2.031836032867431641e+00,1.458654403686523438e-01,7.675439119338989258e-01,9.955755472183227539e-01,-2.385247498750686646e-02,-9.057130664587020874e-02,-7.562779821455478668e-03,-6.269987672567367554e-02,2.525108456611633301e-01,3.302602469921112061e-01,1.052973344922065735e-01,4.268133267760276794e-02,-2.619048058986663818e-01,3.122915625572204590e-01,3.281467827036976814e-03,-3.200960457324981689e-01,1.534798741340637207e-01,-3.010094165802001953e-01,7.240135967731475830e-02,-6.796064227819442749e-02,1.056683436036109924e-01,2.175684273242950439e-01,-4.895469844341278076e-01,3.395243585109710693e-01,-3.288607299327850342e-02,9.492865204811096191e-01,-7.025865316390991211e-01,-3.318178951740264893e-01,-1.551963575184345245e-02,-5.067874789237976074e-01,-3.430589437484741211e-01,-1.185659412294626236e-02,9.183884859085083008e-01,8.580356240272521973e-01,-2.093703746795654297e-01,1.226490363478660583e-01
2.044146299362182617e+00,1.503042280673980713e-01,7.663506269454956055e-01,9.955988526344299316e-01,-1.901696622371673584e-02,-9.163679927587509155e-02,-4.893570672720670700e-03,-4.774607717990875244e-02,2.350423187017440796e-01,3.387776613235473633e-01,1.129988580942153931e-01,5.302385240793228149e-02,-2.533271312713623047e-01,3.268893361091613770e-01,-1.682907901704311371e-02,-3.251023292541503906e-01,1.698899418115615845e-01,-3.206983208656311035e-01,8.664493262767791748e-02,-6.952682137489318848e-02,8.341274410486221313e-02,2.149098664522171021e-01,-4.883125126361846924e-01,3.388164043426513672e-01,-4.228207468986511230e-02,9.513593912124633789e-01,-6.990844011306762695e-01,-3.249389529228210449e-01,-1.487034559249877930e-02,-5.011898875236511230e-01,-3.427909016609191895e-01,-1.672356016933917999e-02,9.227739572525024414e-01,8.457373976707458496e-01,-2.078287601470947266e-01,1.228341609239578247e-01
2.057131767272949219e+00,1.553326696157455444e-01,7.656342983245849609e-01,9.955549240112304688e-01,-1.073302794247865677e-02,-9.356882423162460327e-02,-1.624781725695356727e-04,-3.335444629192352295e-02,2.079646885395050049e-01,3.353051841259002686e-01,1.224846392869949341e-01,4.679735377430915833e-02,-2.314001768827438354e-01,3.424013853073120117e-01,-4.658102244138717651e-02,-3.329992890357971191e-01,1.953006088733673096e-01,-3.407972753047943115e-01,1.010706126689910889e-01,-6.784797459840774536e-02,5.360560491681098938e-02,2.139934748411178589e-01,-4.898148775100708008e-01,3.375078141689300537e-01,-5.566184222698211670e-02,9.524382352828979492e-01,-6.912726759910583496e-01,-3.229826688766479492e-01,-1.403077691793441772e-02,-4.884096086025238037e-01,-3.437690436840057373e-01,-2.051475271582603455e-02,9.246993660926818848e-01,8.428879976272583008e-01,-2.099189162254333496e-01,1.217335015535354614e-01
2.070539474487304688e+00,1.610138416290283203e-01,7.655435204505920410e-01,9.953547716140747070e-01,1.908311969600617886e-04,-9.614627808332443237e-02,4.969762638211250305e-03,-1.499289274215698242e-02,1.725751012563705444e-01,3.322976529598236084e-01,1.278530061244964600e-01,3.785003721714019775e-02,-2.066415101289749146e-01,3.550676107406616211e-01,-8.579760044813156128e-02,-3.411845564842224121e-01,2.329309582710266113e-01,-3.597874045372009277e-01,1.182298138737678528e-01,-6.339153647422790527e-02,1.910618506371974945e-02,2.124374955892562866e-01,-4.913830459117889404e-01,3.338139951229095459e-01,-6.749496608972549438e-02,9.529095292091369629e-01,-6.780294775962829590e-01,-3.231131732463836670e-01,-9.770619682967662811e-03,-4.731850028038024902e-01,-3.459266126155853271e-01,-2.524015679955482483e-02,9.272183775901794434e-01,8.397430777549743652e-01,-2.108311653137207031e-01,1.235092654824256897e-01
2.083703756332397461e+00,1.672115623950958252e-01,7.660211324691772461e-01,9.949649572372436523e-01,1.105794589966535568e-02,-9.930194914340972900e-02,7.848793640732765198e-03,1.092595886439085007e-02,1.371358186006546021e-01,3.370943069458007812e-01,1.272294521331787109e-01,2.735026367008686066e-02,-1.857846826314926147e-01,3.593306243419647217e-01,-1.297409087419509888e-01,-3.466900885105133057e-01,2.850209176540374756e-01,-3.745132684707641602e-01,1.365621685981750488e-01,-5.562355369329452515e-02,-1.236054487526416779e-02,2.111292481422424316e-01,-4.951103925704956055e-01,3.269923031330108643e-01,-7.585572451353073120e-02,9.519051909446716309e-01,-6.617983579635620117e-01,-3.218010067939758301e-01,1.083633862435817719e-03,-4.608921110630035400e-01,-3.490015864372253418e-01,-2.896520681679248810e-02,9.276520013809204102e-01,8.428134322166442871e-01,-2.113209068775177002e-01,1.251061856746673584e-01
2.095897197723388672e+00,1.742731034755706787e-01,7.667474150657653809e-01,9.946060180664062500e-01,1.998965442180633545e-02,-1.013832613825798035e-01,8.989003486931324005e-03,3.584048897027969360e-02,1.039470359683036804e-01,3.400725126266479492e-01,1.229042187333106995e-01,1.374046783894300461e-02,-1.676815301179885864e-01,3.555403649806976318e-01,-1.745927780866622925e-01,-3.511816561222076416e-01,3.510894775390625000e-01,-3.823285996913909912e-01,1.543035805225372314e-01,-4.573445767164230347e-02,-3.638438880443572998e-02,2.080675214529037476e-01,-4.942023754119873047e-01,3.182522058486938477e-01,-7.701422274112701416e-02,9.482913613319396973e-01,-6.536374688148498535e-01,-3.234199583530426025e-01,4.964836407452821732e-03,-4.491585195064544678e-01,-3.547542095184326172e-01,-2.817048318684101105e-02,9.286367297172546387e-01,8.468853235244750977e-01,-2.085390090942382812e-01,1.320690363645553589e-01
2.106916904449462891e+00,1.816450357437133789e-01,7.675006389617919922e-01,9.943417906761169434e-01,2.668459154665470123e-02,-1.024454087018966675e-01,8.787232451140880585e-03,5.809263885021209717e-02,7.598955184221267700e-02,3.438639044761657715e-01,1.182217076420783997e-01,-1.130351847677957267e-05,-1.525046974420547485e-01,3.401280939579010010e-01,-2.179321199655532837e-01,-3.498702347278594971e-01,4.335403442382812500e-01,-3.830109834671020508e-01,1.737771928310394287e-01,-3.722275793552398682e-02,-5.317135155200958252e-02,2.049465328454971313e-01,-4.945600032806396484e-01,3.096232712268829346e-01,-7.268840074539184570e-02,9.403414130210876465e-01,-6.507001519203186035e-01,-3.258642852306365967e-01,7.063313387334346771e-03,-4.424600601196289062e-01,-3.608988821506500244e-01,-2.584751509130001068e-02,9.281352758407592773e-01,8.547400236129760742e-01,-2.047254443168640137e-01,1.371685862541198730e-01
2.116532087326049805e+00,1.887363046407699585e-01,7.680638432502746582e-01,9.942408204078674316e-01,3.174774721264839172e-02,-1.020500510931015015e-01,7.938095368444919586e-03,7.476055622100830078e-02,5.268600583076477051e-02,3.478675782680511475e-01,1.155223026871681213e-01,-1.334691327065229416e-02,-1.387410759925842285e-01,3.085576295852661133e-01,-2.601858973503112793e-01,-3.411488831043243408e-01,5.376307368278503418e-01,-3.782183825969696045e-01,1.914347261190414429e-01,-3.047358617186546326e-02,-6.593687087297439575e-02,2.022707015275955200e-01,-4.970583319664001465e-01,3.031955361366271973e-01,-6.643367558717727661e-02,9.293500185012817383e-01,-6.525944471359252930e-01,-3.295489847660064697e-01,8.480032905936241150e-03,-4.410983622074127197e-01,-3.664045929908752441e-01,-2.381408400833606720e-02,9.272160530090332031e-01,8.636770248413085938e-01,-2.015809267759323120e-01,1.414033025503158569e-01
2.125122070312500000e+00,1.949295997619628906e-01,7.685139179229736328e-01,9.943227171897888184e-01,3.526178002357482910e-02,-1.001700833439826965e-01,6.697893142700195312e-03,8.536068350076675415e-02,3.471485897898674011e-02,3.522345423698425293e-01,1.143650040030479431e-01,-2.481425181031227112e-02,-1.252145469188690186e-01,2.588473558425903320e-01,-3.004358112812042236e-01,-3.242943286895751953e-01,6.622188091278076172e-01,-3.645187616348266602e-01,2.060485035181045532e-01,-2.513924241065979004e-02,-7.641755044460296631e-02,2.004079371690750122e-01,-5.022026300430297852e-01,2.997592985630035400e-01,-5.942481756210327148e-02,9.164104461669921875e-01,-6.559789776802062988e-01,-3.337433338165283203e-01,1.042451057583093643e-02,-4.453556835651397705e-01,-3.708102107048034668e-01,-2.196605876088142395e-02,9.283602237701416016e-01,8.710455894470214844e-01,-1.987139731645584106e-01,1.466216742992401123e-01
2.132459640502929688e+00,1.997567415237426758e-01,7.691752314567565918e-01,9.945553541183471680e-01,3.658681362867355347e-02,-9.744947403669357300e-02,4.966324195265769958e-03,9.134090691804885864e-02,2.484307251870632172e-02,3.559741675853729248e-01,1.152068376541137695e-01,-3.644295036792755127e-02,-1.129869893193244934e-01,1.903422027826309204e-01,-3.356474041938781738e-01,-2.994140982627868652e-01,8.010190725326538086e-01,-3.353564143180847168e-01,2.142778038978576660e-01,-2.157120220363140106e-02,-8.336727321147918701e-02,2.014188617467880249e-01,-5.099920034408569336e-01,2.978779971599578857e-01,-5.233352258801460266e-02,9.033880233764648438e-01,-6.565408706665039062e-01,-3.348656594753265381e-01,1.169127319008111954e-02,-4.559488296508789062e-01,-3.756681978702545166e-01,-1.832051016390323639e-02,9.332216978073120117e-01,8.758230209350585938e-01,-1.966005861759185791e-01,1.508065313100814819e-01
2.139141798019409180e+00,2.031171470880508423e-01,7.700965404510498047e-01,9.949299097061157227e-01,3.518234565854072571e-02,-9.414563328027725220e-02,3.649051301181316376e-03,9.423198550939559937e-02,2.335968427360057831e-02,3.588004410266876221e-01,1.160228550434112549e-01,-4.472527652978897095e-02,-1.052353084087371826e-01,1.178794801235198975e-01,-3.620890676975250244e-01,-2.781763076782226562e-01,9.340319633483886719e-01,-3.046050667762756348e-01,2.133021503686904907e-01,-1.980797946453094482e-02,-8.635113388299942017e-02,2.024177312850952148e-01,-5.170633196830749512e-01,3.000892400741577148e-01,-4.452426731586456299e-02,8.926661014556884766e-01,-6.541549563407897949e-01,-3.354804813861846924e-01,1.145450398325920105e-02,-4.657378494739532471e-01,-3.784815371036529541e-01,-1.795969903469085693e-02,9.370980262756347656e-01,8.742310404777526855e-01,-1.950102150440216064e-01,1.546152085065841675e-01
2.144992828369140625e+00,2.051391750574111938e-01,7.714855670928955078e-01,9.953728318214416504e-01,3.204637393355369568e-02,-9.050963073968887329e-02,3.734092228114604950e-03,9.511394053697586060e-02,2.787647023797035217e-02,3.594208359718322754e-01,1.166648417711257935e-01,-5.145280808210372925e-02,-1.010716184973716736e-01,5.437477305531501770e-02,-3.823243677616119385e-01,-2.680949568748474121e-01,1.038396120071411133e+00,-2.938285470008850098e-01,2.034629881381988525e-01,-2.061979286372661591e-02,-8.670644462108612061e-02,2.037648111581802368e-01,-5.223271250724792480e-01,3.050352632999420166e-01,-4.049709811806678772e-02,8.862904906272888184e-01,-6.523261666297912598e-01,-3.373256921768188477e-01,1.174340862780809402e-02,-4.718255102634429932e-01,-3.789730370044708252e-01,-1.876643486320972443e-02,9.405677914619445801e-01,8.717952370643615723e-01,-1.958014965057373047e-01,1.558207422494888306e-01
2.150409936904907227e+00,2.061469554901123047e-01,7.731319069862365723e-01,9.958332777023315430e-01,2.821999788284301758e-02,-8.658088743686676025e-02,4.833975806832313538e-03,9.485175460577011108e-02,3.523065894842147827e-02,3.581545650959014893e-01,1.164354681968688965e-01,-5.691304802894592285e-02,-9.995079040527343750e-02,1.073113759048283100e-03,-3.959889411926269531e-01,-2.644298672676086426e-01,1.103560209274291992e+00,-3.039208650588989258e-01,1.918549388647079468e-01,-2.300100773572921753e-02,-8.550360053777694702e-02,2.047083675861358643e-01,-5.258986353874206543e-01,3.101244270801544189e-01,-4.008122533559799194e-02,8.847987055778503418e-01,-6.495053172111511230e-01,-3.386670947074890137e-01,1.219189446419477463e-02,-4.734476804733276367e-01,-3.780600130558013916e-01,-2.055392786860466003e-02,9.434980750083923340e-01,8.695997595787048340e-01,-1.987929344177246094e-01,1.533182710409164429e-01
2.155503988265991211e+00,2.063132226467132568e-01,7.748034596443176270e-01,9.963035583496093750e-01,2.437544800341129303e-02,-8.212748169898986816e-02,6.333855912089347839e-03,9.280957281589508057e-02,4.368274658918380737e-02,3.556419610977172852e-01,1.162453815340995789e-01,-6.152220070362091064e-02,-1.015742644667625427e-01,-4.699674993753433228e-02,-4.043255448341369629e-01,-2.650473117828369141e-01,1.130001425743103027e+00,-3.153918683528900146e-01,1.799390316009521484e-01,-2.551767975091934204e-02,-8.324762433767318726e-02,2.048767656087875366e-01,-5.290604829788208008e-01,3.140624761581420898e-01,-4.137656465172767639e-02,8.889331817626953125e-01,-6.469919085502624512e-01,-3.385215699672698975e-01,1.155470684170722961e-02,-4.735604524612426758e-01,-3.769982159137725830e-01,-2.246995083987712860e-02,9.471073150634765625e-01,8.666752576828002930e-01,-2.028634846210479736e-01,1.481195390224456787e-01
2.160442113876342773e+00,2.058605253696441650e-01,7.762127518653869629e-01,9.967402219772338867e-01,2.149360254406929016e-02,-7.737813889980316162e-02,7.713880389928817749e-03,8.954647928476333618e-02,5.086198076605796814e-02,3.540095984935760498e-01,1.161324977874755859e-01,-6.538291275501251221e-02,-1.041751801967620850e-01,-8.945023268461227417e-02,-4.106101691722869873e-01,-2.708514332771301270e-01,1.118533253669738770e+00,-3.199843168258666992e-01,1.693721264600753784e-01,-2.727011032402515411e-02,-8.168328553438186646e-02,2.051527798175811768e-01,-5.315009355545043945e-01,3.169182538986206055e-01,-4.293718934059143066e-02,8.979707956314086914e-01,-6.462143659591674805e-01,-3.371809422969818115e-01,1.000006869435310364e-02,-4.744787812232971191e-01,-3.759537637233734131e-01,-2.306954935193061829e-02,9.520361423492431641e-01,8.621098995208740234e-01,-2.078921049833297729e-01,1.418695449829101562e-01
2.165415048599243164e+00,2.048561722040176392e-01,7.770830988883972168e-01,9.971207380294799805e-01,2.029239945113658905e-02,-7.253764569759368896e-02,8.760417811572551727e-03,8.568076789379119873e-02,5.487917736172676086e-02,3.545363247394561768e-01,1.157914176583290100e-01,-6.840440630912780762e-02,-1.059790849685668945e-01,-1.246675252914428711e-01,-4.153467714786529541e-01,-2.801020741462707520e-01,1.071913361549377441e+00,-3.173529505729675293e-01,1.607525199651718140e-01,-2.797860279679298401e-02,-8.207426965236663818e-02,2.059543579816818237e-01,-5.325289368629455566e-01,3.183709383010864258e-01,-4.279385507106781006e-02,9.091535806655883789e-01,-6.460447311401367188e-01,-3.352966904640197754e-01,8.053414523601531982e-03,-4.768298864364624023e-01,-3.746750056743621826e-01,-2.291597984731197357e-02,9.570518732070922852e-01,8.552548289299011230e-01,-2.122069299221038818e-01,1.366247385740280151e-01
2.170712471008300781e+00,2.033195793628692627e-01,7.774270772933959961e-01,9.974461793899536133e-01,2.074184082448482513e-02,-6.770364195108413696e-02,9.332256391644477844e-03,8.164846897125244141e-02,5.612701177597045898e-02,3.578912317752838135e-01,1.155358403921127319e-01,-7.100634276866912842e-02,-1.058832034468650818e-01,-1.506410986185073853e-01,-4.141393303871154785e-01,-2.881359755992889404e-01,9.894664883613586426e-01,-3.086175620555877686e-01,1.579057425260543823e-01,-2.748531289398670197e-02,-8.437127619981765747e-02,2.068802118301391602e-01,-5.309802889823913574e-01,3.183486759662628174e-01,-4.068910703063011169e-02,9.201057553291320801e-01,-6.440644264221191406e-01,-3.332403898239135742e-01,6.898752413690090179e-03,-4.795187115669250488e-01,-3.733257651329040527e-01,-2.241373062133789062e-02,9.612874984741210938e-01,8.456507921218872070e-01,-2.140459865331649780e-01,1.334294974803924561e-01
2.176465749740600586e+00,2.013355791568756104e-01,7.774639725685119629e-01,9.977203607559204102e-01,2.234634198248386383e-02,-6.291726976633071899e-02,9.800492785871028900e-03,7.769744098186492920e-02,5.591087788343429565e-02,3.626285493373870850e-01,1.154543980956077576e-01,-7.302930206060409546e-02,-1.038960888981819153e-01,-1.638630926609039307e-01,-4.063365161418914795e-01,-2.966013848781585693e-01,8.727086186408996582e-01,-2.914273142814636230e-01,1.601885557174682617e-01,-2.610119059681892395e-02,-8.801511675119400024e-02,2.072689533233642578e-01,-5.264483690261840820e-01,3.167799413204193115e-01,-3.664081916213035583e-02,9.306982755661010742e-01,-6.374041438102722168e-01,-3.322136104106903076e-01,6.949167698621749878e-03,-4.813194870948791504e-01,-3.717225790023803711e-01,-2.235901542007923126e-02,9.650496244430541992e-01,8.322521448135375977e-01,-2.123489826917648315e-01,1.329798698425292969e-01
2.182794332504272461e+00,1.989158242940902710e-01,7.772250771522521973e-01,9.979420900344848633e-01,2.482180669903755188e-02,-5.815873295068740845e-02,1.063342578709125519e-02,7.436338067054748535e-02,5.432287231087684631e-02,3.663386404514312744e-01,1.149572357535362244e-01,-7.460277527570724487e-02,-1.017046272754669189e-01,-1.632216572761535645e-01,-3.907834887504577637e-01,-3.017058372497558594e-01,7.260557413101196289e-01,-2.650203108787536621e-01,1.686670780181884766e-01,-2.404988370835781097e-02,-9.276343882083892822e-02,2.061437964439392090e-01,-5.197008252143859863e-01,3.140025138854980469e-01,-3.123476170003414154e-02,9.409422278404235840e-01,-6.279674172401428223e-01,-3.339190185070037842e-01,8.436438627541065216e-03,-4.809285700321197510e-01,-3.701727986335754395e-01,-2.425606362521648407e-02,9.688787460327148438e-01,8.157691955566406250e-01,-2.077424079179763794e-01,1.326460093259811401e-01
2.189058780670166016e+00,1.962002664804458618e-01,7.767707109451293945e-01,9.981386661529541016e-01,2.738142572343349457e-02,-5.316306650638580322e-02,1.196512300521135330e-02,7.091452926397323608e-02,5.342765897512435913e-02,3.675215542316436768e-01,1.154069751501083374e-01,-7.701529562473297119e-02,-1.015990078449249268e-01,-1.525069773197174072e-01,-3.731454312801361084e-01,-3.095424771308898926e-01,5.747821927070617676e-01,-2.347559630870819092e-01,1.721407622098922729e-01,-2.192238345742225647e-02,-9.711921960115432739e-02,2.025618404150009155e-01,-5.122584104537963867e-01,3.102511167526245117e-01,-2.539918757975101471e-02,9.520756602287292480e-01,-6.186448931694030762e-01,-3.357911705970764160e-01,1.034142542630434036e-02,-4.782526493072509766e-01,-3.694707751274108887e-01,-2.808778174221515656e-02,9.729841947555541992e-01,7.977179884910583496e-01,-2.020283192396163940e-01,1.306325644254684448e-01
2.195068359375000000e+00,1.929906457662582397e-01,7.765300273895263672e-01,9.983079433441162109e-01,2.895667590200901031e-02,-4.856822639703750610e-02,1.355919148772954941e-02,6.820258498191833496e-02,5.594701692461967468e-02,3.659611642360687256e-01,1.174092143774032593e-01,-8.022902905941009521e-02,-1.049810871481895447e-01,-1.384794116020202637e-01,-3.585731089115142822e-01,-3.286469876766204834e-01,4.538465440273284912e-01,-1.912760585546493530e-01,1.654580831527709961e-01,-1.913135312497615814e-02,-9.864389896392822266e-02,1.984478086233139038e-01,-5.105865597724914551e-01,3.058388531208038330e-01,-1.820675283670425415e-02,9.617776870727539062e-01,-6.103078126907348633e-01,-3.379455506801605225e-01,9.563481435179710388e-03,-4.751464426517486572e-01,-3.697666227817535400e-01,-3.514738380908966064e-02,9.749175906181335449e-01,7.820066213607788086e-01,-2.017628103494644165e-01,1.259402185678482056e-01
2.200146436691284180e+00,1.891768276691436768e-01,7.769169211387634277e-01,9.985613226890563965e-01,2.799165621399879456e-02,-4.358513653278350830e-02,1.386065315455198288e-02,6.321008503437042236e-02,6.388535350561141968e-02,3.622875213623046875e-01,1.185054406523704529e-01,-8.245161920785903931e-02,-1.132384985685348511e-01,-1.390919089317321777e-01,-3.478393852710723877e-01,-3.478847444057464600e-01,4.184207022190093994e-01,-1.510488241910934448e-01,1.395664811134338379e-01,-1.788833364844322205e-02,-9.358970075845718384e-02,1.934121698141098022e-01,-5.071743130683898926e-01,3.043560683727264404e-01,-5.188182927668094635e-03,9.618104696273803711e-01,-6.049359440803527832e-01,-3.452545702457427979e-01,8.332425728440284729e-03,-4.674947857856750488e-01,-3.692861795425415039e-01,-4.016008600592613220e-02,9.704541563987731934e-01,7.787682414054870605e-01,-2.079607695341110229e-01,1.252914816141128540e-01
2.205281496047973633e+00,1.850028783082962036e-01,7.774251699447631836e-01,9.986478090286254883e-01,2.841427922248840332e-02,-4.115589335560798645e-02,1.419296953827142715e-02,6.548360735177993774e-02,6.960756331682205200e-02,3.616149127483367920e-01,1.172796040773391724e-01,-8.293619751930236816e-02,-1.217633709311485291e-01,-1.407484412193298340e-01,-3.457088470458984375e-01,-3.550660014152526855e-01,4.265922009944915771e-01,-1.577676385641098022e-01,1.298375427722930908e-01,-1.773757115006446838e-02,-8.957441151142120361e-02,1.905869543552398682e-01,-5.047398209571838379e-01,3.026260137557983398e-01,2.314893295988440514e-03,9.599808454513549805e-01,-5.983408093452453613e-01,-3.530712127685546875e-01,9.982071816921234131e-03,-4.645045995712280273e-01,-3.689717054367065430e-01,-4.412017762660980225e-02,9.657986164093017578e-01,7.759876251220703125e-01,-2.114848494529724121e-01,1.180196478962898254e-01
2.210076808929443359e+00,1.802149862051010132e-01,7.779474854469299316e-01,9.986881613731384277e-01,2.771355956792831421e-02,-4.044357314705848694e-02,1.477532647550106049e-02,7.141695916652679443e-02,7.876882702112197876e-02,3.609497547149658203e-01,1.167388707399368286e-01,-8.386631309986114502e-02,-1.322074532508850098e-01,-1.352798640727996826e-01,-3.389085531234741211e-01,-3.598945438861846924e-01,4.323865473270416260e-01,-1.676087379455566406e-01,1.247005313634872437e-01,-1.816437952220439911e-02,-8.327437937259674072e-02,1.884875595569610596e-01,-5.001799464225769043e-01,3.009543418884277344e-01,6.527719087898731232e-03,9.605047702789306641e-01,-5.925977826118469238e-01,-3.583890199661254883e-01,1.217608992010354996e-02,-4.581293761730194092e-01,-3.676776885986328125e-01,-4.922444373369216919e-02,9.597402811050415039e-01,7.790058255195617676e-01,-2.142149060964584351e-01,1.137256473302841187e-01
2.214935779571533203e+00,1.751837432384490967e-01,7.784386277198791504e-01,9.986937642097473145e-01,2.591263875365257263e-02,-4.100712016224861145e-02,1.605486124753952026e-02,7.926887273788452148e-02,9.126013517379760742e-02,3.590940535068511963e-01,1.170538291335105896e-01,-8.536769449710845947e-02,-1.433081924915313721e-01,-1.218691393733024597e-01,-3.285554945468902588e-01,-3.685854971408843994e-01,4.307203888893127441e-01,-1.773635298013687134e-01,1.194351762533187866e-01,-2.000650949776172638e-02,-7.623721659183502197e-02,1.859883069992065430e-01,-4.954597353935241699e-01,3.000662028789520264e-01,8.038265630602836609e-03,9.630554914474487305e-01,-5.891130566596984863e-01,-3.605748414993286133e-01,1.351864077150821686e-02,-4.505796730518341064e-01,-3.642425537109375000e-01,-5.623500049114227295e-02,9.535135030746459961e-01,7.848157882690429688e-01,-2.155584394931793213e-01,1.116281673312187195e-01
2.220129013061523438e+00,1.701118946075439453e-01,7.787340283393859863e-01,9.986632466316223145e-01,2.388458698987960815e-02,-4.222778603434562683e-02,1.783526688814163208e-02,8.796224743127822876e-02,1.043849587440490723e-01,3.563247025012969971e-01,1.176437214016914368e-01,-8.744814991950988770e-02,-1.537853628396987915e-01,-1.061576306819915771e-01,-3.181387782096862793e-01,-3.794770538806915283e-01,4.283795058727264404e-01,-1.876567453145980835e-01,1.130445823073387146e-01,-2.277678810060024261e-02,-6.973072886466979980e-02,1.830557286739349365e-01,-4.921647906303405762e-01,2.996170520782470703e-01,8.655039593577384949e-03,9.662036299705505371e-01,-5.878006219863891602e-01,-3.618466556072235107e-01,1.291871443390846252e-02,-4.437842071056365967e-01,-3.597209751605987549e-01,-6.242672353982925415e-02,9.462760090827941895e-01,7.909123301506042480e-01,-2.163636386394500732e-01,1.111104860901832581e-01
2.225478887557983398e+00,1.651415228843688965e-01,7.787849903106689453e-01,9.986016154289245605e-01,2.225043252110481262e-02,-4.365629702806472778e-02,1.984772272408008575e-02,9.684656560420989990e-02,1.163163110613822937e-01,3.533676862716674805e-01,1.182778924703598022e-01,-9.005270153284072876e-02,-1.634886115789413452e-01,-9.155150502920150757e-02,-3.093878030776977539e-01,-3.902081549167633057e-01,4.287688732147216797e-01,-1.993490904569625854e-01,1.062752678990364075e-01,-2.571652084589004517e-02,-6.438671797513961792e-02,1.801246553659439087e-01,-4.911261200904846191e-01,2.990445792675018311e-01,9.770337492227554321e-03,9.690634608268737793e-01,-5.886172056198120117e-01,-3.643759191036224365e-01,1.035367697477340698e-02,-4.393514394760131836e-01,-3.554118871688842773e-01,-6.696416437625885010e-02,9.388302564620971680e-01,7.950004339218139648e-01,-2.166689187288284302e-01,1.110992431640625000e-01
2.230509996414184570e+00,1.603810042142868042e-01,7.786219716072082520e-01,9.985274076461791992e-01,2.117177657783031464e-02,-4.493802413344383240e-02,2.180385775864124298e-02,1.049418672919273376e-01,1.264598667621612549e-01,3.508127927780151367e-01,1.190306693315505981e-01,-9.273386746644973755e-02,-1.721172332763671875e-01,-7.954633980989456177e-02,-3.025420308113098145e-01,-3.993207812309265137e-01,4.322241842746734619e-01,-2.121508568525314331e-01,1.000073552131652832e-01,-2.839902974665164948e-02,-6.034895032644271851e-02,1.773909628391265869e-01,-4.922859668731689453e-01,2.981022298336029053e-01,1.166907791048288345e-02,9.708768725395202637e-01,-5.911412239074707031e-01,-3.676974773406982422e-01,7.849982008337974548e-03,-4.377379715442657471e-01,-3.521926999092102051e-01,-6.951431930065155029e-02,9.323223233222961426e-01,7.974206209182739258e-01,-2.171196937561035156e-01,1.106800585985183716e-01
2.234896659851074219e+00,1.558350175619125366e-01,7.783167362213134766e-01,9.984571337699890137e-01,2.050865441560745239e-02,-4.600963369011878967e-02,2.336484938859939575e-02,1.128410175442695618e-01,1.352529525756835938e-01,3.492898643016815186e-01,1.194403693079948425e-01,-9.518403559923171997e-02,-1.800056099891662598e-01,-7.021230459213256836e-02,-2.968828082084655762e-01,-4.062071144580841064e-01,4.381304383277893066e-01,-2.253755629062652588e-01,9.449331462383270264e-02,-3.060922399163246155e-02,-5.718427896499633789e-02,1.749163120985031128e-01,-4.949745535850524902e-01,2.968829274177551270e-01,1.434865035116672516e-02,9.723570346832275391e-01,-5.941193699836730957e-01,-3.701895773410797119e-01,6.536418572068214417e-03,-4.383949935436248779e-01,-3.505646884441375732e-01,-6.993248313665390015e-02,9.270877242088317871e-01,7.973337769508361816e-01,-2.165315300226211548e-01,1.099593788385391235e-01
2.238770723342895508e+00,1.515329331159591675e-01,7.779647111892700195e-01,9.983971714973449707e-01,1.997704803943634033e-02,-4.689866304397583008e-02,2.458670921623706818e-02,1.200212091207504272e-01,1.433896422386169434e-01,3.482930362224578857e-01,1.200115233659744263e-01,-9.741503745317459106e-02,-1.870255470275878906e-01,-6.228988617658615112e-02,-2.916851937770843506e-01,-4.120793044567108154e-01,4.444028437137603760e-01,-2.382413446903228760e-01,8.946021646261215210e-02,-3.230139613151550293e-02,-5.438507348299026489e-02,1.729776859283447266e-01,-4.988896846771240234e-01,2.954308092594146729e-01,1.757240109145641327e-02,9.739782810211181641e-01,-5.972929000854492188e-01,-3.717404901981353760e-01,6.057378370314836502e-03,-4.406482279300689697e-01,-3.500663042068481445e-01,-6.886983662843704224e-02,9.229388236999511719e-01,7.952135205268859863e-01,-2.146428227424621582e-01,1.092093661427497864e-01
2.242166519165039062e+00,1.475752741098403931e-01,7.775881886482238770e-01,9.983537197113037109e-01,1.951396837830543518e-02,-4.752206802368164062e-02,2.550766617059707642e-02,1.263333708047866821e-01,1.511809229850769043e-01,3.477351367473602295e-01,1.206621080636978149e-01,-9.946738928556442261e-02,-1.931168586015701294e-01,-5.589802935719490051e-02,-2.869966030120849609e-01,-4.175461232662200928e-01,4.512749314308166504e-01,-2.503844201564788818e-01,8.459378778934478760e-02,-3.378491476178169250e-02,-5.167924612760543823e-02,1.713642328977584839e-01,-5.026113986968994141e-01,2.938728332519531250e-01,2.128703892230987549e-02,9.762827157974243164e-01,-6.005276441574096680e-01,-3.725245296955108643e-01,5.721128080040216446e-03,-4.437634348869323730e-01,-3.504885733127593994e-01,-6.620395928621292114e-02,9.194693565368652344e-01,7.899276614189147949e-01,-2.119646370410919189e-01,1.080716848373413086e-01
2.245124816894531250e+00,1.440863907337188721e-01,7.772231101989746094e-01,9.983302354812622070e-01,1.902977935969829559e-02,-4.780236631631851196e-02,2.625862322747707367e-02,1.312167346477508545e-01,1.587118953466415405e-01,3.473487198352813721e-01,1.215334385633468628e-01,-1.012139841914176941e-01,-1.988258808851242065e-01,-5.052879452705383301e-02,-2.824228405952453613e-01,-4.228423833847045898e-01,4.570269286632537842e-01,-2.611435949802398682e-01,8.016579598188400269e-02,-3.528956696391105652e-02,-4.904937371611595154e-02,1.698612719774246216e-01,-5.062072277069091797e-01,2.925119996070861816e-01,2.491131611168384552e-02,9.795328974723815918e-01,-6.042836308479309082e-01,-3.725441098213195801e-01,5.058277398347854614e-03,-4.472138583660125732e-01,-3.514847457408905029e-01,-6.234081089496612549e-02,9.170165061950683594e-01,7.841405868530273438e-01,-2.089210748672485352e-01,1.071223840117454529e-01
2.247911691665649414e+00,1.410276591777801514e-01,7.769014239311218262e-01,9.983279109001159668e-01,1.856371946632862091e-02,-4.764848574995994568e-02,2.695265971124172211e-02,1.344688236713409424e-01,1.657165437936782837e-01,3.472993075847625732e-01,1.224216371774673462e-01,-1.021388769149780273e-01,-2.037598788738250732e-01,-4.644142836332321167e-02,-2.779915332794189453e-01,-4.276745319366455078e-01,4.618371725082397461e-01,-2.704333961009979248e-01,7.594762742519378662e-02,-3.694153204560279846e-02,-4.659848287701606750e-02,1.684255152940750122e-01,-5.096463561058044434e-01,2.915616631507873535e-01,2.802116237580776215e-02,9.842473268508911133e-01,-6.085948348045349121e-01,-3.725471794605255127e-01,4.635741934180259705e-03,-4.506098330020904541e-01,-3.528857827186584473e-01,-5.823092535138130188e-02,9.151114225387573242e-01,7.789852619171142578e-01,-2.061256766319274902e-01,1.069120839238166809e-01
2.250820159912109375e+00,1.381484866142272949e-01,7.766256332397460938e-01,9.983460307121276855e-01,1.799208670854568481e-02,-4.708666354417800903e-02,2.764705196022987366e-02,1.360251903533935547e-01,1.725977361202239990e-01,3.468265235424041748e-01,1.235911473631858826e-01,-1.028967946767807007e-01,-2.081256657838821411e-01,-4.335150867700576782e-02,-2.732496559619903564e-01,-4.324478209018707275e-01,4.653642773628234863e-01,-2.785136103630065918e-01,7.180885970592498779e-02,-3.849233686923980713e-02,-4.416661337018013000e-02,1.671410351991653442e-01,-5.133992433547973633e-01,2.912971675395965576e-01,3.077574074268341064e-02,9.898387193679809570e-01,-6.139484643936157227e-01,-3.734926879405975342e-01,3.926244098693132401e-03,-4.537271857261657715e-01,-3.546108007431030273e-01,-5.486420542001724243e-02,9.130382537841796875e-01,7.748243808746337891e-01,-2.032486796379089355e-01,1.078216210007667542e-01
2.253820419311523438e+00,1.352353245019912720e-01,7.764115929603576660e-01,9.983797669410705566e-01,1.735144667327404022e-02,-4.609188809990882874e-02,2.849964797496795654e-02,1.356893628835678101e-01,1.792818605899810791e-01,3.457128703594207764e-01,1.250727027654647827e-01,-1.033311262726783752e-01,-2.120397835969924927e-01,-4.126744717359542847e-02,-2.684123218059539795e-01,-4.373736083507537842e-01,4.675686657428741455e-01,-2.852096557617187500e-01,6.763281673192977905e-02,-4.015520587563514709e-02,-4.201243072748184204e-02,1.661650985479354858e-01,-5.174931287765502930e-01,2.919516861438751221e-01,3.290458023548126221e-02,9.957420825958251953e-01,-6.200925111770629883e-01,-3.749260306358337402e-01,2.956648124381899834e-03,-4.563052654266357422e-01,-3.562712669372558594e-01,-5.315421149134635925e-02,9.110073447227478027e-01,7.729787230491638184e-01,-2.004868388175964355e-01,1.091048344969749451e-01
2.256385564804077148e+00,1.323451995849609375e-01,7.762681245803833008e-01,9.984264969825744629e-01,1.663214713335037231e-02,-4.467547684907913208e-02,2.952912263572216034e-02,1.333778053522109985e-01,1.858841478824615479e-01,3.441586792469024658e-01,1.271154582500457764e-01,-1.032700836658477783e-01,-2.155202031135559082e-01,-3.991868719458580017e-02,-2.634549736976623535e-01,-4.423560202121734619e-01,4.682815968990325928e-01,-2.906863093376159668e-01,6.377498060464859009e-02,-4.193427786231040955e-02,-4.012332856655120850e-02,1.658196002244949341e-01,-5.213671326637268066e-01,2.935932874679565430e-01,3.405237197875976562e-02,1.000887989997863770e+00,-6.276683807373046875e-01,-3.765550553798675537e-01,1.660608802922070026e-03,-4.573001265525817871e-01,-3.579595386981964111e-01,-5.281150713562965393e-02,9.089395999908447266e-01,7.734941840171813965e-01,-1.982534378767013550e-01,1.083371117711067200e-01
2.258077859878540039e+00,1.295232176780700684e-01,7.761446833610534668e-01,9.984898567199707031e-01,1.575780101120471954e-02,-4.273402318358421326e-02,3.071640245616436005e-02,1.287788897752761841e-01,1.929086297750473022e-01,3.423686325550079346e-01,1.300843060016632080e-01,-1.023055091500282288e-01,-2.186244577169418335e-01,-3.992894291877746582e-02,-2.581572532653808594e-01,-4.474702477455139160e-01,4.680112600326538086e-01,-2.949026226997375488e-01,5.996911972761154175e-02,-4.388667643070220947e-02,-3.842563927173614502e-02,1.664855033159255981e-01,-5.255183577537536621e-01,2.962678670883178711e-01,3.403929620981216431e-02,1.005645751953125000e+00,-6.355528831481933594e-01,-3.777247071266174316e-01,3.981327172368764877e-04,-4.563185572624206543e-01,-3.595218360424041748e-01,-5.336503684520721436e-02,9.070818424224853516e-01,7.764164209365844727e-01,-1.961019933223724365e-01,1.057687625288963318e-01
2.258701562881469727e+00,1.268625110387802124e-01,7.761327624320983887e-01,9.985723495483398438e-01,1.468340773135423660e-02,-4.016919434070587158e-02,3.200139850378036499e-02,1.214524507522583008e-01,2.004612088203430176e-01,3.398679196834564209e-01,1.344988346099853516e-01,-1.006498038768768311e-01,-2.216034084558486938e-01,-4.171339422464370728e-02,-2.523838579654693604e-01,-4.529868364334106445e-01,4.664227068424224854e-01,-2.972448766231536865e-01,5.664501339197158813e-02,-4.565409570932388306e-02,-3.696469590067863464e-02,1.682903766632080078e-01,-5.301926136016845703e-01,2.997239828109741211e-01,3.291371837258338928e-02,1.010760068893432617e+00,-6.420880556106567383e-01,-3.783364295959472656e-01,-3.407011681701987982e-04,-4.529094099998474121e-01,-3.607674837112426758e-01,-5.600237101316452026e-02,9.047152400016784668e-01,7.794733047485351562e-01,-1.939824074506759644e-01,1.016149520874023438e-01
2.258662223815917969e+00,1.242103576660156250e-01,7.762669920921325684e-01,9.986823201179504395e-01,1.329566165804862976e-02,-3.665314614772796631e-02,3.336833789944648743e-02,1.098472699522972107e-01,2.089840769767761230e-01,3.370822966098785400e-01,1.412467360496520996e-01,-9.853810071945190430e-02,-2.240202575922012329e-01,-4.605004563927650452e-02,-2.456889152526855469e-01,-4.587126076221466064e-01,4.631628394126892090e-01,-2.974590659141540527e-01,5.371249839663505554e-02,-4.732500761747360229e-02,-3.556877374649047852e-02,1.708862185478210449e-01,-5.360449552536010742e-01,3.038329184055328369e-01,3.099318593740463257e-02,1.017163515090942383e+00,-6.496664881706237793e-01,-3.784368038177490234e-01,-1.186781213618814945e-03,-4.477176666259765625e-01,-3.617329001426696777e-01,-6.094152852892875671e-02,9.024868607521057129e-01,7.831526398658752441e-01,-1.922908723354339600e-01,9.727831184864044189e-02
2.258246660232543945e+00,1.215529069304466248e-01,7.764686942100524902e-01,9.988160729408264160e-01,1.147925015538930893e-02,-3.193101286888122559e-02,3.485730290412902832e-02,9.262980520725250244e-02,2.188164889812469482e-01,3.333980739116668701e-01,1.511042565107345581e-01,-9.637091308832168579e-02,-2.259740531444549561e-01,-5.356168746948242188e-02,-2.378664165735244751e-01,-4.649866819381713867e-01,4.584140181541442871e-01,-2.954412102699279785e-01,5.078434571623802185e-02,-4.916162043809890747e-02,-3.419376164674758911e-02,1.744356453418731689e-01,-5.434241294860839844e-01,3.082333207130432129e-01,2.835265360772609711e-02,1.024670362472534180e+00,-6.596025824546813965e-01,-3.781255483627319336e-01,-2.249317476525902748e-03,-4.423565268516540527e-01,-3.624715507030487061e-01,-6.880992650985717773e-02,8.990473747253417969e-01,7.864307761192321777e-01,-1.912467628717422485e-01,9.253658354282379150e-02
2.257376670837402344e+00,1.190605908632278442e-01,7.766646742820739746e-01,9.989631175994873047e-01,9.299221448600292206e-03,-2.592681720852851868e-02,3.624935075640678406e-02,6.932115554809570312e-02,2.297161221504211426e-01,3.292230069637298584e-01,1.648102104663848877e-01,-9.502930194139480591e-02,-2.267653942108154297e-01,-6.523472815752029419e-02,-2.293301671743392944e-01,-4.712763726711273193e-01,4.529467225074768066e-01,-2.914341688156127930e-01,4.782114550471305847e-02,-5.105043947696685791e-02,-3.295964002609252930e-02,1.793055087327957153e-01,-5.531540513038635254e-01,3.123353719711303711e-01,2.558621577918529510e-02,1.033030152320861816e+00,-6.718602776527404785e-01,-3.771778047084808350e-01,-2.587869530543684959e-03,-4.381572008132934570e-01,-3.629012703895568848e-01,-7.973990589380264282e-02,8.930137157440185547e-01,7.897870540618896484e-01,-1.907457411289215088e-01,8.763097226619720459e-02
2.256034374237060547e+00,1.168033629655838013e-01,7.768614888191223145e-01,9.990980029106140137e-01,6.898174993693828583e-03,-1.884796656668186188e-02,3.742103651165962219e-02,4.087381809949874878e-02,2.410602420568466187e-01,3.249475061893463135e-01,1.815603971481323242e-01,-9.459047019481658936e-02,-2.263829410076141357e-01,-8.109962195158004761e-02,-2.207277566194534302e-01,-4.775737524032592773e-01,4.475209116935729980e-01,-2.854330539703369141e-01,4.393992573022842407e-02,-5.272642523050308228e-02,-3.166267648339271545e-02,1.859404146671295166e-01,-5.652304887771606445e-01,3.159936368465423584e-01,2.339948341250419617e-02,1.041055440902709961e+00,-6.850445866584777832e-01,-3.756612539291381836e-01,-2.041609259322285652e-03,-4.364323019981384277e-01,-3.632186353206634521e-01,-9.247582405805587769e-02,8.828291296958923340e-01,7.924727797508239746e-01,-1.903664767742156982e-01,8.256167173385620117e-02
2.253820896148681641e+00,1.148109510540962219e-01,7.771016359329223633e-01,9.991831183433532715e-01,4.617816302925348282e-03,-1.061161421239376068e-02,3.871996328234672546e-02,7.659028284251689911e-03,2.516023814678192139e-01,3.207376897335052490e-01,1.989332586526870728e-01,-9.283820539712905884e-02,-2.245187610387802124e-01,-1.015089526772499084e-01,-2.132503241300582886e-01,-4.839061498641967773e-01,4.425401985645294189e-01,-2.773439586162567139e-01,3.930117934942245483e-02,-5.441048741340637207e-02,-3.038053773343563080e-02,1.945806890726089478e-01,-5.804120302200317383e-01,3.193840682506561279e-01,2.227826975286006927e-02,1.047681808471679688e+00,-6.979025006294250488e-01,-3.743066489696502686e-01,3.673856326713575982e-06,-4.381442368030548096e-01,-3.636036515235900879e-01,-1.057226657867431641e-01,8.678423762321472168e-01,7.947986721992492676e-01,-1.906736046075820923e-01,7.557614147663116455e-02
2.250378608703613281e+00,1.130647063255310059e-01,7.773828506469726562e-01,9.991866350173950195e-01,2.580867614597082138e-03,-1.350432517938315868e-03,4.021744802594184875e-02,-2.959961444139480591e-02,2.606613934040069580e-01,3.163863420486450195e-01,2.151196002960205078e-01,-8.906271308660507202e-02,-2.212921380996704102e-01,-1.264086216688156128e-01,-2.074856311082839966e-01,-4.901394844055175781e-01,4.383641779422760010e-01,-2.676779031753540039e-01,3.407001122832298279e-02,-5.583467334508895874e-02,-2.884143218398094177e-02,2.053369581699371338e-01,-5.978894233703613281e-01,3.231864571571350098e-01,2.144370786845684052e-02,1.051483988761901855e+00,-7.104961872100830078e-01,-3.734828233718872070e-01,1.630468061193823814e-03,-4.438760876655578613e-01,-3.641810119152069092e-01,-1.181390136480331421e-01,8.490571379661560059e-01,7.967720627784729004e-01,-1.920726150274276733e-01,6.718014180660247803e-02
2.245712518692016602e+00,1.117186024785041809e-01,7.776384949684143066e-01,9.990869760513305664e-01,1.126253511756658554e-03,8.847922086715698242e-03,4.178101569414138794e-02,-6.924539804458618164e-02,2.669878602027893066e-01,3.125398755073547363e-01,2.275283038616180420e-01,-8.228699117898941040e-02,-2.172076851129531860e-01,-1.561702638864517212e-01,-2.044171839952468872e-01,-4.954753518104553223e-01,4.363169968128204346e-01,-2.576556205749511719e-01,2.902203984558582306e-02,-5.662706494331359863e-02,-2.743301168084144592e-02,2.183851450681686401e-01,-6.180549860000610352e-01,3.281634747982025146e-01,2.027303725481033325e-02,1.051368117332458496e+00,-7.210576534271240234e-01,-3.737185895442962646e-01,1.902883523143827915e-03,-4.545498192310333252e-01,-3.652368783950805664e-01,-1.293902695178985596e-01,8.296643495559692383e-01,7.972901463508605957e-01,-1.945274472236633301e-01,5.814317241311073303e-02
2.239833593368530273e+00,1.108326688408851624e-01,7.776798605918884277e-01,9.988482594490051270e-01,5.859642988070845604e-04,2.031440101563930511e-02,4.346391931176185608e-02,-1.114250272512435913e-01,2.695136666297912598e-01,3.084529340267181396e-01,2.358872890472412109e-01,-7.272071391344070435e-02,-2.127427756786346436e-01,-1.924905776977539062e-01,-2.053322792053222656e-01,-4.994657933712005615e-01,4.391269385814666748e-01,-2.489338219165802002e-01,2.438637614250183105e-02,-5.720199272036552429e-02,-2.682459354400634766e-02,2.340830117464065552e-01,-6.412439346313476562e-01,3.346554040908813477e-01,1.733202673494815826e-02,1.048558831214904785e+00,-7.297871708869934082e-01,-3.730080723762512207e-01,1.537192612886428833e-03,-4.723097085952758789e-01,-3.677923977375030518e-01,-1.380171775817871094e-01,8.137530088424682617e-01,7.969384789466857910e-01,-1.969085931777954102e-01,4.940185323357582092e-02
2.232807159423828125e+00,1.104348897933959961e-01,7.772818803787231445e-01,9.984320402145385742e-01,9.695451590232551098e-04,3.303140029311180115e-02,4.518236219882965088e-02,-1.564858704805374146e-01,2.687886059284210205e-01,3.040994107723236084e-01,2.427593022584915161e-01,-6.199007481336593628e-02,-2.085415273904800415e-01,-2.359151244163513184e-01,-2.106233090162277222e-01,-5.019326806068420410e-01,4.488025605678558350e-01,-2.422464489936828613e-01,1.975142583250999451e-02,-5.755169689655303955e-02,-2.716639637947082520e-02,2.529367804527282715e-01,-6.675532460212707520e-01,3.429837822914123535e-01,1.254340540617704391e-02,1.044426202774047852e+00,-7.377833127975463867e-01,-3.714569509029388428e-01,1.948063145391643047e-04,-4.978956878185272217e-01,-3.727274537086486816e-01,-1.434794962406158447e-01,8.043799400329589844e-01,7.951900959014892578e-01,-1.981575489044189453e-01,4.138905927538871765e-02
2.225072622299194336e+00,1.103406846523284912e-01,7.763098478317260742e-01,9.978166222572326660e-01,1.953659811988472939e-03,4.637168720364570618e-02,4.698842763900756836e-02,-2.037494927644729614e-01,2.661315202713012695e-01,2.995197474956512451e-01,2.508032023906707764e-01,-5.219140276312828064e-02,-2.048378288745880127e-01,-2.843718528747558594e-01,-2.195655256509780884e-01,-5.031517148017883301e-01,4.654842913150787354e-01,-2.379683703184127808e-01,1.503870915621519089e-02,-5.803974717855453491e-02,-2.801923826336860657e-02,2.739510536193847656e-01,-6.962464451789855957e-01,3.531954586505889893e-01,6.739235948771238327e-03,1.040322065353393555e+00,-7.457817196846008301e-01,-3.696637749671936035e-01,-2.590027870610356331e-03,-5.301669836044311523e-01,-3.793711066246032715e-01,-1.458339691162109375e-01,8.016061782836914062e-01,7.932891845703125000e-01,-1.988876610994338989e-01,3.516034036874771118e-02
2.216951608657836914e+00,1.103613227605819702e-01,7.747278213500976562e-01,9.969875812530517578e-01,3.283824073150753975e-03,6.011439859867095947e-02,4.890117421746253967e-02,-2.543556988239288330e-01,2.625922560691833496e-01,2.943452596664428711e-01,2.626332044601440430e-01,-4.484998807311058044e-02,-2.011527568101882935e-01,-3.364783227443695068e-01,-2.312821894884109497e-01,-5.034873485565185547e-01,4.876330196857452393e-01,-2.356500625610351562e-01,1.011655107140541077e-02,-5.846216529607772827e-02,-2.899758331477642059e-02,2.966439723968505859e-01,-7.274067401885986328e-01,3.650872707366943359e-01,-1.251343492185696959e-04,1.036649346351623535e+00,-7.554730176925659180e-01,-3.677564561367034912e-01,-6.932044401764869690e-03,-5.684031248092651367e-01,-3.874764740467071533e-01,-1.453458368778228760e-01,8.048734068870544434e-01,7.922809720039367676e-01,-2.005102634429931641e-01,2.987877838313579559e-02
2.208629846572875977e+00,1.104299575090408325e-01,7.725800871849060059e-01,9.959334135055541992e-01,4.633604548871517181e-03,7.415201514959335327e-02,5.095777288079261780e-02,-3.085672259330749512e-01,2.589106261730194092e-01,2.879783213138580322e-01,2.786552309989929199e-01,-3.988350555300712585e-02,-1.972882896661758423e-01,-3.913466334342956543e-01,-2.446165382862091064e-01,-5.025746822357177734e-01,5.132544040679931641e-01,-2.332836240530014038e-01,5.249473266303539276e-03,-5.888844281435012817e-02,-2.936170250177383423e-02,3.199864923954010010e-01,-7.615250349044799805e-01,3.779213130474090576e-01,-8.263416588306427002e-03,1.033801078796386719e+00,-7.665162682533264160e-01,-3.653751015663146973e-01,-1.143121160566806793e-02,-6.108695864677429199e-01,-3.972130119800567627e-01,-1.417404115200042725e-01,8.131281137466430664e-01,7.927910685539245605e-01,-2.036720812320709229e-01,2.493839897215366364e-02
2.200270414352416992e+00,1.104928255081176758e-01,7.698853611946105957e-01,9.946944117546081543e-01,5.798863247036933899e-03,8.800042420625686646e-02,5.296583473682403564e-02,-3.643988072872161865e-01,2.557886540889739990e-01,2.813478410243988037e-01,2.983146011829376221e-01,-3.704879432916641235e-02,-1.935911327600479126e-01,-4.466494023799896240e-01,-2.583020329475402832e-01,-5.006689429283142090e-01,5.400725007057189941e-01,-2.300961911678314209e-01,1.111525052692741156e-04,-5.898595973849296570e-02,-2.884232997894287109e-02,3.435350358486175537e-01,-7.978822588920593262e-01,3.909407854080200195e-01,-1.697422005236148834e-02,1.032537698745727539e+00,-7.781264185905456543e-01,-3.624537885189056396e-01,-1.487162336707115173e-02,-6.565662622451782227e-01,-4.083602130413055420e-01,-1.363639533519744873e-01,8.255486488342285156e-01,7.941271662712097168e-01,-2.081642448902130127e-01,1.964861527085304260e-02
2.191652536392211914e+00,1.106739863753318787e-01,7.664721012115478516e-01,9.932215213775634766e-01,7.108086720108985901e-03,1.020946130156517029e-01,5.511058866977691650e-02,-4.240573942661285400e-01,2.524558901786804199e-01,2.747930884361267090e-01,3.244224786758422852e-01,-3.677420318126678467e-02,-1.885762810707092285e-01,-5.044895410537719727e-01,-2.735754549503326416e-01,-4.971235692501068115e-01,5.695716738700866699e-01,-2.270453870296478271e-01,-5.304711870849132538e-03,-5.928320437669754028e-02,-2.813654765486717224e-02,3.673911094665527344e-01,-8.373497128486633301e-01,4.044301211833953857e-01,-2.662555873394012451e-02,1.034021615982055664e+00,-7.883315086364746094e-01,-3.589031398296356201e-01,-1.692715659737586975e-02,-7.055931687355041504e-01,-4.211728572845458984e-01,-1.302223056554794312e-01,8.409886360168457031e-01,7.964014410972595215e-01,-2.123752534389495850e-01,1.367345079779624939e-02
2.182888984680175781e+00,1.110466569662094116e-01,7.622994780540466309e-01,9.915475845336914062e-01,8.163341321051120758e-03,1.161264851689338684e-01,5.728266388177871704e-02,-4.863422811031341553e-01,2.499731630086898804e-01,2.683069109916687012e-01,3.566137254238128662e-01,-3.990745544433593750e-02,-1.837400197982788086e-01,-5.633122324943542480e-01,-2.893913388252258301e-01,-4.924065470695495605e-01,6.014844775199890137e-01,-2.245763987302780151e-01,-1.122774370014667511e-02,-5.881365761160850525e-02,-2.630267478525638580e-02,3.901264071464538574e-01,-8.801184296607971191e-01,4.182280302047729492e-01,-3.720770031213760376e-02,1.037487745285034180e+00,-7.962693572044372559e-01,-3.573415279388427734e-01,-2.009332738816738129e-02,-7.571436762809753418e-01,-4.356897473335266113e-01,-1.239906474947929382e-01,8.588567972183227539e-01,7.981662154197692871e-01,-2.153415828943252563e-01,8.972852490842342377e-03
2.174147605895996094e+00,1.118000149726867676e-01,7.571921944618225098e-01,9.896410703659057617e-01,9.374316781759262085e-03,1.303528249263763428e-01,5.942028015851974487e-02,-5.511782169342041016e-01,2.472660094499588013e-01,2.621371150016784668e-01,3.947206735610961914e-01,-4.652214795351028442e-02,-1.793749779462814331e-01,-6.256492137908935547e-01,-3.072068989276885986e-01,-4.850637018680572510e-01,6.392145752906799316e-01,-2.247857153415679932e-01,-1.741932705044746399e-02,-5.866469815373420715e-02,-2.459760196506977081e-02,4.119676947593688965e-01,-9.247410893440246582e-01,4.331416487693786621e-01,-4.903646931052207947e-02,1.042157411575317383e+00,-8.033489584922790527e-01,-3.564271032810211182e-01,-2.362699806690216064e-02,-8.106206059455871582e-01,-4.522350728511810303e-01,-1.174338385462760925e-01,8.792377710342407227e-01,8.013686537742614746e-01,-2.180992960929870605e-01,4.592494107782840729e-03
2.165696144104003906e+00,1.129590049386024475e-01,7.512252926826477051e-01,9.875787496566772461e-01,1.077112834900617599e-02,1.441964060068130493e-01,6.147813796997070312e-02,-6.175099015235900879e-01,2.442540228366851807e-01,2.553103268146514893e-01,4.398063719272613525e-01,-5.656374245882034302e-02,-1.743706464767456055e-01,-6.897488236427307129e-01,-3.265562951564788818e-01,-4.751723706722259521e-01,6.814634203910827637e-01,-2.280854135751724243e-01,-2.314861118793487549e-02,-5.946831405162811279e-02,-2.344450727105140686e-02,4.334212839603424072e-01,-9.696700572967529297e-01,4.492119550704956055e-01,-6.199059262871742249e-02,1.048276543617248535e+00,-8.101995587348937988e-01,-3.549961447715759277e-01,-2.665919251739978790e-02,-8.638533353805541992e-01,-4.704511761665344238e-01,-1.107858195900917053e-01,9.008168578147888184e-01,8.087813854217529297e-01,-2.211432605981826782e-01,2.740620984695851803e-04
2.157818078994750977e+00,1.145229339599609375e-01,7.445961236953735352e-01,9.855073094367980957e-01,1.224801503121852875e-02,1.569300293922424316e-01,6.323260068893432617e-02,-6.827863454818725586e-01,2.416363954544067383e-01,2.488634735345840454e-01,4.898655712604522705e-01,-6.940183043479919434e-02,-1.690917462110519409e-01,-7.527575492858886719e-01,-3.460224568843841553e-01,-4.624243974685668945e-01,7.257049083709716797e-01,-2.340690642595291138e-01,-2.765119820833206177e-02,-6.059135496616363525e-02,-2.266198582947254181e-02,4.539504349231719971e-01,-1.014880657196044922e+00,4.655454456806182861e-01,-7.553093135356903076e-02,1.056666135787963867e+00,-8.170297741889953613e-01,-3.532201051712036133e-01,-2.933308482170104980e-02,-9.158074259757995605e-01,-4.892121255397796631e-01,-1.030258685350418091e-01,9.233866930007934570e-01,8.214036226272583008e-01,-2.245587408542633057e-01,-3.619361203163862228e-03
2.150620222091674805e+00,1.165931522846221924e-01,7.373270392417907715e-01,9.834197163581848145e-01,1.379790715873241425e-02,1.688713133335113525e-01,6.463581323623657227e-02,-7.477124929428100586e-01,2.392869293689727783e-01,2.427506893873214722e-01,5.440264344215393066e-01,-8.450976014137268066e-02,-1.629701107740402222e-01,-8.154948949813842773e-01,-3.656677603721618652e-01,-4.476705491542816162e-01,7.714743018150329590e-01,-2.416871041059494019e-01,-3.177789598703384399e-02,-6.211836636066436768e-02,-2.241944335401058197e-02,4.729046821594238281e-01,-1.060533881187438965e+00,4.814232885837554932e-01,-8.883324265480041504e-02,1.069200277328491211e+00,-8.246157169342041016e-01,-3.502785861492156982e-01,-3.106520324945449829e-02,-9.666053652763366699e-01,-5.076443552970886230e-01,-9.372679889202117920e-02,9.465743899345397949e-01,8.405175805091857910e-01,-2.279499024152755737e-01,-7.318510208278894424e-03
2.144186496734619141e+00,1.190525144338607788e-01,7.297163009643554688e-01,9.812904000282287598e-01,1.522234175354242325e-02,1.803399771451950073e-01,6.568758934736251831e-02,-8.121727705001831055e-01,2.379841208457946777e-01,2.377551943063735962e-01,6.003723740577697754e-01,-1.002126857638359070e-01,-1.550322175025939941e-01,-8.773220181465148926e-01,-3.845484256744384766e-01,-4.316773116588592529e-01,8.165597319602966309e-01,-2.489321380853652954e-01,-3.558343276381492615e-02,-6.392129510641098022e-02,-2.259131334722042084e-02,4.879854023456573486e-01,-1.105229616165161133e+00,4.956704676151275635e-01,-1.012675389647483826e-01,1.086568593978881836e+00,-8.328052759170532227e-01,-3.463639914989471436e-01,-3.285901993513107300e-02,-1.015009284019470215e+00,-5.236971378326416016e-01,-8.300103992223739624e-02,9.712916612625122070e-01,8.628064393997192383e-01,-2.309273779392242432e-01,-9.622521698474884033e-03
2.138413429260253906e+00,1.217151582241058350e-01,7.218984365463256836e-01,9.791828393936157227e-01,1.632399670779705048e-02,1.911609619855880737e-01,6.627212464809417725e-02,-8.741530776023864746e-01,2.386206090450286865e-01,2.345630675554275513e-01,6.574932932853698730e-01,-1.165969073772430420e-01,-1.464817523956298828e-01,-9.371720552444458008e-01,-4.021956920623779297e-01,-4.153755307197570801e-01,8.609973788261413574e-01,-2.556289136409759521e-01,-3.939925879240036011e-02,-6.614258140325546265e-02,-2.330130152404308319e-02,4.989117980003356934e-01,-1.146880269050598145e+00,5.076721906661987305e-01,-1.124895289540290833e-01,1.107114076614379883e+00,-8.400844931602478027e-01,-3.418110907077789307e-01,-3.354632109403610229e-02,-1.059186935424804688e+00,-5.355727672576904297e-01,-7.199475914239883423e-02,9.958255887031555176e-01,8.847652673721313477e-01,-2.336506247520446777e-01,-1.115937158465385437e-02
2.133217334747314453e+00,1.246653720736503601e-01,7.137507200241088867e-01,9.771797657012939453e-01,1.719875819981098175e-02,2.009802609682083130e-01,6.656466424465179443e-02,-9.328953027725219727e-01,2.408392429351806641e-01,2.325442433357238770e-01,7.155992984771728516e-01,-1.339841634035110474e-01,-1.378137618303298950e-01,-9.944338798522949219e-01,-4.190453886985778809e-01,-3.990939259529113770e-01,9.057427644729614258e-01,-2.632271647453308105e-01,-4.268756136298179626e-02,-6.915289908647537231e-02,-2.486712485551834106e-02,5.067016482353210449e-01,-1.183074116706848145e+00,5.177681446075439453e-01,-1.222838610410690308e-01,1.127592325210571289e+00,-8.472455143928527832e-01,-3.375791311264038086e-01,-3.342033550143241882e-02,-1.098142027854919434e+00,-5.430064201354980469e-01,-6.203956156969070435e-02,1.018124103546142578e+00,9.043886065483093262e-01,-2.360383719205856323e-01,-1.230397727340459824e-02
2.128476858139038086e+00,1.279349625110626221e-01,7.051568627357482910e-01,9.753690361976623535e-01,1.781696826219558716e-02,2.095519602298736572e-01,6.652682274580001831e-02,-9.881148934364318848e-01,2.448645383119583130e-01,2.314195185899734497e-01,7.751650214195251465e-01,-1.531833708286285400e-01,-1.296593695878982544e-01,-1.048965692520141602e+00,-4.348781108856201172e-01,-3.825305402278900146e-01,9.520523548126220703e-01,-2.725779414176940918e-01,-4.544923827052116394e-02,-7.230893522500991821e-02,-2.679454907774925232e-02,5.122641324996948242e-01,-1.214675068855285645e+00,5.262938141822814941e-01,-1.311280131340026855e-01,1.145843625068664551e+00,-8.542862534523010254e-01,-3.340460062026977539e-01,-3.226225450634956360e-02,-1.131721377372741699e+00,-5.469157695770263672e-01,-5.341527983546257019e-02,1.037136673927307129e+00,9.216037988662719727e-01,-2.388379722833633423e-01,-1.283162739127874374e-02
2.124106645584106445e+00,1.313998550176620483e-01,6.960098147392272949e-01,9.737688302993774414e-01,1.827778294682502747e-02,2.168851941823959351e-01,6.634031981229782104e-02,-1.040914654731750488e+00,2.499310225248336792e-01,2.305293232202529907e-01,8.366324901580810547e-01,-1.735778450965881348e-01,-1.213457658886909485e-01,-1.101351737976074219e+00,-4.503478407859802246e-01,-3.658902347087860107e-01,1.000324726104736328e+00,-2.834960818290710449e-01,-4.754596203565597534e-02,-7.558701187372207642e-02,-2.881724759936332703e-02,5.158647894859313965e-01,-1.242028832435607910e+00,5.330234766006469727e-01,-1.384793668985366821e-01,1.161115407943725586e+00,-8.619667887687683105e-01,-3.316164314746856689e-01,-3.005480952560901642e-02,-1.160293936729431152e+00,-5.481242537498474121e-01,-4.589471966028213501e-02,1.052597403526306152e+00,9.387960433959960938e-01,-2.421781122684478760e-01,-1.298947166651487350e-02
2.120331525802612305e+00,1.347914338111877441e-01,6.861881613731384277e-01,9.725379347801208496e-01,1.860792003571987152e-02,2.223330438137054443e-01,6.627046316862106323e-02,-1.090942621231079102e+00,2.561115324497222900e-01,2.296590656042098999e-01,9.017024636268615723e-01,-1.967145949602127075e-01,-1.130197346210479736e-01,-1.150898933410644531e+00,-4.659997522830963135e-01,-3.486561477184295654e-01,1.052086472511291504e+00,-2.972693741321563721e-01,-4.893151670694351196e-02,-7.880276441574096680e-02,-3.025606647133827209e-02,5.178548097610473633e-01,-1.265323996543884277e+00,5.375652909278869629e-01,-1.449011117219924927e-01,1.173753380775451660e+00,-8.701069951057434082e-01,-3.306190073490142822e-01,-2.869000099599361420e-02,-1.184054613113403320e+00,-5.467870235443115234e-01,-3.882315009832382202e-02,1.065382242202758789e+00,9.537289738655090332e-01,-2.450346648693084717e-01,-1.189609710127115250e-02
2.117302894592285156e+00,1.381122916936874390e-01,6.756170392036437988e-01,9.717184305191040039e-01,1.873770914971828461e-02,2.258742302656173706e-01,6.628014892339706421e-02,-1.138067722320556641e+00,2.631727755069732666e-01,2.288135290145874023e-01,9.701521396636962891e-01,-2.225792706012725830e-01,-1.048038080334663391e-01,-1.197723269462585449e+00,-4.815351665019989014e-01,-3.308476209640502930e-01,1.107368350028991699e+00,-3.135007321834564209e-01,-4.968842491507530212e-02,-8.175455033779144287e-02,-3.087057545781135559e-02,5.191162824630737305e-01,-1.283927202224731445e+00,5.404425263404846191e-01,-1.501703262329101562e-01,1.183883309364318848e+00,-8.787492513656616211e-01,-3.301298320293426514e-01,-2.838283590972423553e-02,-1.203034520149230957e+00,-5.440617203712463379e-01,-3.156662732362747192e-02,1.076038479804992676e+00,9.666438102722167969e-01,-2.469331026077270508e-01,-9.580800309777259827e-03
2.114860057830810547e+00,1.414400339126586914e-01,6.644909977912902832e-01,9.713014364242553711e-01,1.872984692454338074e-02,2.276635169982910156e-01,6.627199053764343262e-02,-1.181102275848388672e+00,2.705850005149841309e-01,2.275506556034088135e-01,1.039754629135131836e+00,-2.498644292354583740e-01,-9.690456837415695190e-02,-1.241461157798767090e+00,-4.964891672134399414e-01,-3.130056858062744141e-01,1.164719939231872559e+00,-3.321472704410552979e-01,-4.982027038931846619e-02,-8.423464000225067139e-02,-3.058761358261108398e-02,5.201083421707153320e-01,-1.297967076301574707e+00,5.419885516166687012e-01,-1.545189172029495239e-01,1.192093253135681152e+00,-8.885121941566467285e-01,-3.299688696861267090e-01,-2.871928177773952484e-02,-1.216971635818481445e+00,-5.415791273117065430e-01,-2.399991638958454132e-02,1.085805654525756836e+00,9.761315584182739258e-01,-2.473467141389846802e-01,-7.006245199590921402e-03
2.112819910049438477e+00,1.447371542453765869e-01,6.527893543243408203e-01,9.711961150169372559e-01,1.877819187939167023e-02,2.281315177679061890e-01,6.619247794151306152e-02,-1.220770955085754395e+00,2.780327200889587402e-01,2.258185744285583496e-01,1.109326958656311035e+00,-2.777627706527709961e-01,-8.907241374254226685e-02,-1.283791303634643555e+00,-5.103935003280639648e-01,-2.937842607498168945e-01,1.223343610763549805e+00,-3.515117168426513672e-01,-4.935494437813758850e-02,-8.619897812604904175e-02,-2.969228662550449371e-02,5.208937525749206543e-01,-1.307936191558837891e+00,5.424430966377258301e-01,-1.576791554689407349e-01,1.198754310607910156e+00,-8.995541930198669434e-01,-3.289940655231475830e-01,-2.832248806953430176e-02,-1.226955175399780273e+00,-5.400581955909729004e-01,-1.643823646008968353e-02,1.094646692276000977e+00,9.844205975532531738e-01,-2.463451474905014038e-01,-4.820979200303554535e-03
2.110858201980590820e+00,1.480098962783813477e-01,6.405651569366455078e-01,9.714654088020324707e-01,1.893774233758449554e-02,2.270233780145645142e-01,6.600517034530639648e-02,-1.257354140281677246e+00,2.862420976161956787e-01,2.235924303531646729e-01,1.180140376091003418e+00,-3.062890470027923584e-01,-8.120448142290115356e-02,-1.324160814285278320e+00,-5.235422253608703613e-01,-2.728357315063476562e-01,1.283182263374328613e+00,-3.714091181755065918e-01,-4.772084951400756836e-02,-8.736976236104965210e-02,-2.831890992820262909e-02,5.213196873664855957e-01,-1.313850641250610352e+00,5.416950583457946777e-01,-1.597862243652343750e-01,1.204448580741882324e+00,-9.097777605056762695e-01,-3.279887735843658447e-01,-2.780083194375038147e-02,-1.233915567398071289e+00,-5.390333533287048340e-01,-1.008781976997852325e-02,1.102851986885070801e+00,9.897493124008178711e-01,-2.441996783018112183e-01,-2.531311474740505219e-03
2.108707666397094727e+00,1.513003706932067871e-01,6.278241276741027832e-01,9.720494747161865234e-01,1.923196017742156982e-02,2.245851904153823853e-01,6.566137820482254028e-02,-1.291362285614013672e+00,2.947635650634765625e-01,2.206942141056060791e-01,1.251135706901550293e+00,-3.352146446704864502e-01,-7.330840826034545898e-02,-1.363292098045349121e+00,-5.354913473129272461e-01,-2.499664723873138428e-01,1.343639135360717773e+00,-3.911905884742736816e-01,-4.556285217404365540e-02,-8.820994198322296143e-02,-2.679307200014591217e-02,5.213475227355957031e-01,-1.315476059913635254e+00,5.398654341697692871e-01,-1.607590764760971069e-01,1.209917426109313965e+00,-9.200010895729064941e-01,-3.260781466960906982e-01,-2.646629512310028076e-02,-1.238883256912231445e+00,-5.384223461151123047e-01,-4.626607522368431091e-03,1.110322356224060059e+00,9.953858256340026855e-01,-2.419153600931167603e-01,-2.129337372025474906e-05
2.106205701828002930e+00,1.547170877456665039e-01,6.145222187042236328e-01,9.729913473129272461e-01,1.959613896906375885e-02,2.206065803766250610e-01,6.508906930685043335e-02,-1.322778463363647461e+00,3.043935000896453857e-01,2.177032381296157837e-01,1.323417663574218750e+00,-3.651758432388305664e-01,-6.566329300403594971e-02,-1.400550246238708496e+00,-5.461142063140869141e-01,-2.249810099601745605e-01,1.404982089996337891e+00,-4.115586280822753906e-01,-4.230143129825592041e-02,-8.846089988946914673e-02,-2.532543241977691650e-02,5.211931467056274414e-01,-1.314083099365234375e+00,5.370186567306518555e-01,-1.604447811841964722e-01,1.215123295783996582e+00,-9.292678236961364746e-01,-3.244252204895019531e-01,-2.440026402473449707e-02,-1.242406368255615234e+00,-5.379865765571594238e-01,-2.000912645598873496e-04,1.117581009864807129e+00,9.987723827362060547e-01,-2.400366812944412231e-01,3.967632539570331573e-03
2.103493928909301758e+00,1.581459939479827881e-01,6.008959412574768066e-01,9.741609692573547363e-01,1.995571516454219818e-02,2.155347019433975220e-01,6.447377800941467285e-02,-1.351526498794555664e+00,3.143357932567596436e-01,2.147502601146697998e-01,1.394679188728332520e+00,-3.948496878147125244e-01,-5.830315873026847839e-02,-1.435916066169738770e+00,-5.552897453308105469e-01,-1.989254057407379150e-01,1.465883255004882812e+00,-4.319767057895660400e-01,-3.896838054060935974e-02,-8.875161409378051758e-02,-2.412305027246475220e-02,5.210122466087341309e-01,-1.310155272483825684e+00,5.336269736289978027e-01,-1.593034118413925171e-01,1.219131350517272949e+00,-9.372328519821166992e-01,-3.226711452007293701e-01,-2.094231173396110535e-02,-1.244621753692626953e+00,-5.374748706817626953e-01,4.571478348225355148e-03,1.123853325843811035e+00,1.001500010490417480e+00,-2.386019229888916016e-01,8.825516328215599060e-03
2.100917100906372070e+00,1.614070534706115723e-01,5.868701934814453125e-01,9.755422472953796387e-01,2.032783068716526031e-02,2.093458175659179688e-01,6.386312842369079590e-02,-1.378038883209228516e+00,3.242574036121368408e-01,2.111032754182815552e-01,1.465502977371215820e+00,-4.241992235183715820e-01,-5.104570090770721436e-02,-1.469574213027954102e+00,-5.628609657287597656e-01,-1.715515106916427612e-01,1.526616334915161133e+00,-4.527729451656341553e-01,-3.518743067979812622e-02,-8.897718787193298340e-02,-2.336262166500091553e-02,5.209862589836120605e-01,-1.304041862487792969e+00,5.296946763992309570e-01,-1.573688983917236328e-01,1.221864581108093262e+00,-9.430125355720520020e-01,-3.196883201599121094e-01,-1.641741022467613220e-02,-1.245138525962829590e+00,-5.366741418838500977e-01,9.186884388327598572e-03,1.129669427871704102e+00,1.003460168838500977e+00,-2.368956059217453003e-01,1.347918529063463211e-02
2.098771572113037109e+00,1.644208729267120361e-01,5.722172856330871582e-01,9.770972728729248047e-01,2.050796151161193848e-02,2.020986080169677734e-01,6.337531656026840210e-02,-1.403185725212097168e+00,3.340846300125122070e-01,2.056434899568557739e-01,1.535968303680419922e+00,-4.539298713207244873e-01,-4.466532170772552490e-02,-1.502259373664855957e+00,-5.688906908035278320e-01,-1.427234858274459839e-01,1.588057756423950195e+00,-4.738142788410186768e-01,-3.168381005525588989e-02,-8.899711817502975464e-02,-2.233760803937911987e-02,5.209546685218811035e-01,-1.296254634857177734e+00,5.250942111015319824e-01,-1.552696973085403442e-01,1.223470449447631836e+00,-9.472640752792358398e-01,-3.160162568092346191e-01,-1.237946189939975739e-02,-1.244228363037109375e+00,-5.356498956680297852e-01,1.539396587759256363e-02,1.135269522666931152e+00,1.005926370620727539e+00,-2.348115444183349609e-01,1.897907443344593048e-02
2.096978425979614258e+00,1.670389920473098755e-01,5.572055578231811523e-01,9.787585735321044922e-01,2.051864564418792725e-02,1.939540058374404907e-01,6.318568438291549683e-02,-1.427152276039123535e+00,3.435534536838531494e-01,1.983121484518051147e-01,1.604832768440246582e+00,-4.826737940311431885e-01,-3.896484896540641785e-02,-1.533217191696166992e+00,-5.738601088523864746e-01,-1.131572872400283813e-01,1.648760199546813965e+00,-4.945701658725738525e-01,-2.789709344506263733e-02,-8.900453895330429077e-02,-2.121825329959392548e-02,5.210164785385131836e-01,-1.287730216979980469e+00,5.201677083969116211e-01,-1.537821739912033081e-01,1.224469900131225586e+00,-9.496678709983825684e-01,-3.124633431434631348e-01,-8.867592550814151764e-03,-1.242456912994384766e+00,-5.346034765243530273e-01,2.332254871726036072e-02,1.141794800758361816e+00,1.008669376373291016e+00,-2.317614257335662842e-01,2.390915155410766602e-02
2.095333576202392578e+00,1.692656725645065308e-01,5.421159863471984863e-01,9.804533123970031738e-01,2.034148573875427246e-02,1.852007806301116943e-01,6.323153525590896606e-02,-1.450265645980834961e+00,3.526249229907989502e-01,1.895551979541778564e-01,1.670876741409301758e+00,-5.093042254447937012e-01,-3.389894589781761169e-02,-1.562690615653991699e+00,-5.775387883186340332e-01,-8.337073028087615967e-02,1.707716107368469238e+00,-5.140985846519470215e-01,-2.429253607988357544e-02,-8.894270658493041992e-02,-1.985139399766921997e-02,5.210120677947998047e-01,-1.278493642807006836e+00,5.149502754211425781e-01,-1.533518582582473755e-01,1.225174307823181152e+00,-9.504265189170837402e-01,-3.081848025321960449e-01,-5.658605601638555527e-03,-1.240310549736022949e+00,-5.334574580192565918e-01,3.256756812334060669e-02,1.149643421173095703e+00,1.011193394660949707e+00,-2.270745187997817993e-01,2.827280573546886444e-02
2.093750000000000000e+00,1.711229681968688965e-01,5.270152091979980469e-01,9.821663498878479004e-01,2.005529589951038361e-02,1.758048385381698608e-01,6.355901062488555908e-02,-1.472605705261230469e+00,3.609825372695922852e-01,1.794291138648986816e-01,1.734044432640075684e+00,-5.334635376930236816e-01,-2.910254709422588348e-02,-1.590904235839843750e+00,-5.803390145301818848e-01,-5.362673103809356689e-02,1.764876723289489746e+00,-5.321518182754516602e-01,-2.070516906678676605e-02,-8.884715288877487183e-02,-1.812953874468803406e-02,5.210956931114196777e-01,-1.268589377403259277e+00,5.093358159065246582e-01,-1.539709866046905518e-01,1.226077437400817871e+00,-9.481996893882751465e-01,-3.040424287319183350e-01,-1.383587718009948730e-03,-1.237968087196350098e+00,-5.322023034095764160e-01,4.253831878304481506e-02,1.159112215042114258e+00,1.013862848281860352e+00,-2.209472358226776123e-01,3.206121921539306641e-02
2.092036485671997070e+00,1.725819408893585205e-01,5.122410655021667480e-01,9.838761687278747559e-01,1.996025815606117249e-02,1.657966226339340210e-01,6.403680145740509033e-02,-1.492154598236083984e+00,3.688105344772338867e-01,1.699651926755905151e-01,1.793249964714050293e+00,-5.557624697685241699e-01,-2.462607808411121368e-02,-1.617521524429321289e+00,-5.822535753250122070e-01,-2.384758181869983673e-02,1.819447636604309082e+00,-5.489172339439392090e-01,-1.696325466036796570e-02,-8.855353295803070068e-02,-1.655567064881324768e-02,5.214477181434631348e-01,-1.257721543312072754e+00,5.032566785812377930e-01,-1.555076986551284790e-01,1.227858185768127441e+00,-9.430094957351684570e-01,-3.002568781375885010e-01,3.951600287109613419e-03,-1.235786437988281250e+00,-5.307178497314453125e-01,5.308182537555694580e-02,1.171280622482299805e+00,1.017499923706054688e+00,-2.130619734525680542e-01,3.634000197052955627e-02
2.090090751647949219e+00,1.737647503614425659e-01,4.978400170803070068e-01,9.855251312255859375e-01,1.995485834777355194e-02,1.554871052503585815e-01,6.454183906316757202e-02,-1.510007739067077637e+00,3.762604892253875732e-01,1.606566905975341797e-01,1.848888397216796875e+00,-5.760962367057800293e-01,-2.060694247484207153e-02,-1.642662167549133301e+00,-5.833386182785034180e-01,4.888269584625959396e-03,1.871291399002075195e+00,-5.640270113945007324e-01,-1.388485729694366455e-02,-8.819812536239624023e-02,-1.504018716514110565e-02,5.222869515419006348e-01,-1.246796250343322754e+00,4.968861043453216553e-01,-1.570507138967514038e-01,1.230413198471069336e+00,-9.352811574935913086e-01,-2.963617742061614990e-01,1.147623825818300247e-02,-1.233713507652282715e+00,-5.290395021438598633e-01,6.425352394580841064e-02,1.186174273490905762e+00,1.024588227272033691e+00,-2.048327028751373291e-01,4.114777594804763794e-02
2.088027000427246094e+00,1.746456474065780640e-01,4.838528633117675781e-01,9.871160984039306641e-01,2.002630941569805145e-02,1.448850929737091064e-01,6.487767398357391357e-02,-1.526449918746948242e+00,3.834604918956756592e-01,1.504824012517929077e-01,1.901508569717407227e+00,-5.947371721267700195e-01,-1.722062379121780396e-02,-1.665741562843322754e+00,-5.826056003570556641e-01,3.271957859396934509e-02,1.920369505882263184e+00,-5.776571035385131836e-01,-1.122976094484329224e-02,-8.771399408578872681e-02,-1.357262860983610153e-02,5.234618186950683594e-01,-1.235408782958984375e+00,4.903372824192047119e-01,-1.579558998346328735e-01,1.233505129814147949e+00,-9.251924157142639160e-01,-2.919929921627044678e-01,1.977424509823322296e-02,-1.231426954269409180e+00,-5.273194313049316406e-01,7.662638276815414429e-02,1.202122092247009277e+00,1.034064173698425293e+00,-1.970284581184387207e-01,4.561807587742805481e-02
2.086008071899414062e+00,1.751649975776672363e-01,4.708538055419921875e-01,9.885678291320800781e-01,2.015792205929756165e-02,1.345999091863632202e-01,6.488566845655441284e-02,-1.542424201965332031e+00,3.895590007305145264e-01,1.386050283908843994e-01,1.948948264122009277e+00,-6.099464297294616699e-01,-1.451522484421730042e-02,-1.685989260673522949e+00,-5.795896053314208984e-01,5.853546038269996643e-02,1.964776277542114258e+00,-5.887035727500915527e-01,-9.906483814120292664e-03,-8.679977059364318848e-02,-1.215326786041259766e-02,5.247848629951477051e-01,-1.224503397941589355e+00,4.837034344673156738e-01,-1.575024724006652832e-01,1.234959602355957031e+00,-9.132709503173828125e-01,-2.867919802665710449e-01,2.817418612539768219e-02,-1.228123188018798828e+00,-5.264579653739929199e-01,8.949832618236541748e-02,1.214649319648742676e+00,1.043099284172058105e+00,-1.912998408079147339e-01,4.745208844542503357e-02
2.084261894226074219e+00,1.753035485744476318e-01,4.598075449466705322e-01,9.898399710655212402e-01,2.052267454564571381e-02,1.247688680887222290e-01,6.502592563629150391e-02,-1.555704712867736816e+00,3.935882747173309326e-01,1.271677464246749878e-01,1.987969875335693359e+00,-6.199492812156677246e-01,-1.203712541610002518e-02,-1.702054500579833984e+00,-5.756357312202453613e-01,8.104779571294784546e-02,2.001545906066894531e+00,-5.945004820823669434e-01,-1.003897562623023987e-02,-8.543682098388671875e-02,-1.074559520930051804e-02,5.253824591636657715e-01,-1.214064955711364746e+00,4.765275120735168457e-01,-1.566677242517471313e-01,1.233645677566528320e+00,-9.013155102729797363e-01,-2.821111977100372314e-01,3.487685695290565491e-02,-1.221746087074279785e+00,-5.254154205322265625e-01,9.986438602209091187e-02,1.220587491989135742e+00,1.048944592475891113e+00,-1.875240802764892578e-01,4.606309533119201660e-02
2.082890272140502930e+00,1.750940084457397461e-01,4.511437714099884033e-01,9.909151792526245117e-01,2.119756862521171570e-02,1.153988689184188843e-01,6.573306769132614136e-02,-1.564380645751953125e+00,3.948443233966827393e-01,1.172643527388572693e-01,2.017887353897094727e+00,-6.250937581062316895e-01,-9.043548256158828735e-03,-1.712208151817321777e+00,-5.729466080665588379e-01,9.945114701986312866e-02,2.029847383499145508e+00,-5.966129302978515625e-01,-1.133757177740335464e-02,-8.406247198581695557e-02,-9.904637001454830170e-03,5.254055857658386230e-01,-1.202983379364013672e+00,4.686163067817687988e-01,-1.558295786380767822e-01,1.230644345283508301e+00,-8.876783251762390137e-01,-2.785686552524566650e-01,4.092379286885261536e-02,-1.211315512657165527e+00,-5.228151679039001465e-01,1.056808456778526306e-01,1.220512509346008301e+00,1.050308346748352051e+00,-1.843481808900833130e-01,4.291130229830741882e-02
2.081738710403442383e+00,1.747816801071166992e-01,4.450221955776214600e-01,9.917706251144409180e-01,2.199372090399265289e-02,1.069957241415977478e-01,6.677737087011337280e-02,-1.568628787994384766e+00,3.940970897674560547e-01,1.094243228435516357e-01,2.038851737976074219e+00,-6.265829801559448242e-01,-5.739222280681133270e-03,-1.717123985290527344e+00,-5.719086527824401855e-01,1.132317408919334412e-01,2.049860954284667969e+00,-5.965110063552856445e-01,-1.322006713598966599e-02,-8.291640877723693848e-02,-9.631407447159290314e-03,5.250573158264160156e-01,-1.191350936889648438e+00,4.609816968441009521e-01,-1.550853848457336426e-01,1.226661205291748047e+00,-8.714678883552551270e-01,-2.760418951511383057e-01,4.787185415625572205e-02,-1.197858691215515137e+00,-5.185603499412536621e-01,1.077709794044494629e-01,1.216595888137817383e+00,1.048874974250793457e+00,-1.810555607080459595e-01,3.955637663602828979e-02
2.080775976181030273e+00,1.745532155036926270e-01,4.408070445060729980e-01,9.924352169036865234e-01,2.271024696528911591e-02,9.970156103372573853e-02,6.794303655624389648e-02,-1.569567680358886719e+00,3.921470046043395996e-01,1.035616323351860046e-01,2.052710056304931641e+00,-6.266498565673828125e-01,-2.602945314720273018e-03,-1.718430638313293457e+00,-5.719946026802062988e-01,1.227471083402633667e-01,2.063777208328247070e+00,-5.954554677009582520e-01,-1.526640541851520538e-02,-8.163364976644515991e-02,-9.188883006572723389e-03,5.245869755744934082e-01,-1.180118918418884277e+00,4.548251926898956299e-01,-1.554340869188308716e-01,1.222304344177246094e+00,-8.543060421943664551e-01,-2.744087278842926025e-01,5.527161061763763428e-02,-1.182911276817321777e+00,-5.133321285247802734e-01,1.077958196401596069e-01,1.210920214653015137e+00,1.046756267547607422e+00,-1.780418455600738525e-01,3.801223635673522949e-02
2.080104589462280273e+00,1.745198071002960205e-01,4.377213120460510254e-01,9.929274916648864746e-01,2.339811064302921295e-02,9.356392174959182739e-02,6.923359632492065430e-02,-1.568956494331359863e+00,3.902276754379272461e-01,1.000469550490379333e-01,2.062132358551025391e+00,-6.263577342033386230e-01,6.720329984091222286e-04,-1.718396306037902832e+00,-5.727682113647460938e-01,1.297550797462463379e-01,2.074169158935546875e+00,-5.943609476089477539e-01,-1.714598201215267181e-02,-8.052048832178115845e-02,-8.532648906111717224e-03,5.243690013885498047e-01,-1.170913696289062500e+00,4.510035514831542969e-01,-1.563567370176315308e-01,1.218187093734741211e+00,-8.357128500938415527e-01,-2.731893062591552734e-01,6.308867037296295166e-02,-1.168728232383728027e+00,-5.084532499313354492e-01,1.074325665831565857e-01,1.205106019973754883e+00,1.045375347137451172e+00,-1.766105145215988159e-01,3.921409323811531067e-02
2.079591989517211914e+00,1.747050136327743530e-01,4.353321492671966553e-01,9.933097362518310547e-01,2.400636672973632812e-02,8.831007778644561768e-02,7.043328881263732910e-02,-1.567540407180786133e+00,3.887819647789001465e-01,9.826973825693130493e-02,2.068950653076171875e+00,-6.252618432044982910e-01,3.743473906069993973e-03,-1.717715620994567871e+00,-5.737775564193725586e-01,1.348835825920104980e-01,2.082352638244628906e+00,-5.936487913131713867e-01,-1.934692822396755219e-02,-7.935968786478042603e-02,-7.491308730095624924e-03,5.243576765060424805e-01,-1.163892745971679688e+00,4.491931200027465820e-01,-1.574997901916503906e-01,1.212988257408142090e+00,-8.164162635803222656e-01,-2.718690931797027588e-01,6.973694264888763428e-02,-1.156679272651672363e+00,-5.046704411506652832e-01,1.071926206350326538e-01,1.200676798820495605e+00,1.045613884925842285e+00,-1.770039200782775879e-01,4.182368889451026917e-02
2.079140901565551758e+00,1.750326156616210938e-01,4.334022402763366699e-01,9.936121702194213867e-01,2.449295856058597565e-02,8.394379168748855591e-02,7.133243978023529053e-02,-1.566260099411010742e+00,3.880041241645812988e-01,9.736166894435882568e-02,2.074142694473266602e+00,-6.233552694320678711e-01,6.376949604600667953e-03,-1.717111945152282715e+00,-5.747964978218078613e-01,1.383273601531982422e-01,2.088941335678100586e+00,-5.930931568145751953e-01,-2.216879837214946747e-02,-7.812078297138214111e-02,-5.844498984515666962e-03,5.244865417480468750e-01,-1.158397793769836426e+00,4.486363232135772705e-01,-1.581357419490814209e-01,1.205691218376159668e+00,-7.983595728874206543e-01,-2.698506116867065430e-01,7.499866187572479248e-02,-1.146984577178955078e+00,-5.029245615005493164e-01,1.072548627853393555e-01,1.197506666183471680e+00,1.046295046806335449e+00,-1.781699359416961670e-01,4.410651698708534241e-02
2.078654766082763672e+00,1.752599328756332397e-01,4.318680167198181152e-01,9.938609600067138672e-01,2.502523176372051239e-02,8.037763088941574097e-02,7.178755849599838257e-02,-1.564812660217285156e+00,3.879126012325286865e-01,9.705262631177902222e-02,2.078129291534423828e+00,-6.211243867874145508e-01,8.236371912062168121e-03,-1.716953635215759277e+00,-5.757269263267517090e-01,1.409711986780166626e-01,2.094003677368164062e+00,-5.927038192749023438e-01,-2.489664778113365173e-02,-7.667203992605209351e-02,-4.076712764799594879e-03,5.247314572334289551e-01,-1.153855681419372559e+00,4.487247765064239502e-01,-1.577041447162628174e-01,1.196740269660949707e+00,-7.830952405929565430e-01,-2.676315009593963623e-01,7.869711518287658691e-02,-1.139730334281921387e+00,-5.033197999000549316e-01,1.075459271669387817e-01,1.196164250373840332e+00,1.047073483467102051e+00,-1.788086891174316406e-01,4.576229676604270935e-02
2.078147411346435547e+00,1.753022372722625732e-01,4.306112229824066162e-01,9.940639138221740723e-01,2.555988915264606476e-02,7.758127152919769287e-02,7.186613231897354126e-02,-1.563821077346801758e+00,3.886734545230865479e-01,9.744664281606674194e-02,2.081247568130493164e+00,-6.192051768302917480e-01,9.434142149984836578e-03,-1.717434883117675781e+00,-5.763771533966064453e-01,1.431940048933029175e-01,2.097861051559448242e+00,-5.921179056167602539e-01,-2.738670445978641510e-02,-7.496136426925659180e-02,-2.229567151516675949e-03,5.249487161636352539e-01,-1.150013327598571777e+00,4.489181637763977051e-01,-1.562833487987518311e-01,1.187625885009765625e+00,-7.719210982322692871e-01,-2.660340964794158936e-01,8.115919679403305054e-02,-1.134276986122131348e+00,-5.051934123039245605e-01,1.077237427234649658e-01,1.196331024169921875e+00,1.049353837966918945e+00,-1.788592487573623657e-01,4.741707816720008850e-02
2.077597379684448242e+00,1.752078682184219360e-01,4.294103980064392090e-01,9.942246675491333008e-01,2.621797844767570496e-02,7.536608725786209106e-02,7.176263630390167236e-02,-1.563886761665344238e+00,3.898265361785888672e-01,9.761991351842880249e-02,2.084471464157104492e+00,-6.174114346504211426e-01,1.052090059965848923e-02,-1.718536734580993652e+00,-5.759941339492797852e-01,1.460725814104080200e-01,2.101296424865722656e+00,-5.913435220718383789e-01,-2.915376424789428711e-02,-7.314929366111755371e-02,-7.151938043534755707e-04,5.251940488815307617e-01,-1.147118806838989258e+00,4.489358961582183838e-01,-1.544241905212402344e-01,1.180685281753540039e+00,-7.648581266403198242e-01,-2.647698223590850830e-01,8.255275338888168335e-02,-1.129809737205505371e+00,-5.078556537628173828e-01,1.073465198278427124e-01,1.197698354721069336e+00,1.053542971611022949e+00,-1.778344213962554932e-01,4.929902404546737671e-02
2.076981067657470703e+00,1.751440018415451050e-01,4.283172786235809326e-01,9.943460822105407715e-01,2.683493681252002716e-02,7.372900098562240601e-02,7.155275344848632812e-02,-1.565320611000061035e+00,3.910246789455413818e-01,9.778510779142379761e-02,2.087419986724853516e+00,-6.154640913009643555e-01,1.188213843852281570e-02,-1.720427036285400391e+00,-5.749723911285400391e-01,1.487692147493362427e-01,2.103982210159301758e+00,-5.902031660079956055e-01,-3.071510605514049530e-02,-7.175571471452713013e-02,2.757966576609760523e-04,5.252857208251953125e-01,-1.144825458526611328e+00,4.488070607185363770e-01,-1.528998762369155884e-01,1.176340103149414062e+00,-7.605256438255310059e-01,-2.636481821537017822e-01,8.376398682594299316e-02,-1.125775575637817383e+00,-5.102388858795166016e-01,1.073557361960411072e-01,1.199101686477661133e+00,1.058624505996704102e+00,-1.763523072004318237e-01,5.211815237998962402e-02
2.076023578643798828e+00,1.752557456493377686e-01,4.274388253688812256e-01,9.944478273391723633e-01,2.732588537037372589e-02,7.262023538351058960e-02,7.108479738235473633e-02,-1.568199038505554199e+00,3.926139473915100098e-01,9.752109646797180176e-02,2.089570522308349609e+00,-6.129234433174133301e-01,1.374070905148983002e-02,-1.722653150558471680e+00,-5.729196071624755859e-01,1.506563574075698853e-01,2.105360746383666992e+00,-5.876317024230957031e-01,-3.183023631572723389e-02,-7.096673548221588135e-02,6.561749032698571682e-04,5.252455472946166992e-01,-1.142604827880859375e+00,4.490082263946533203e-01,-1.517903357744216919e-01,1.173849582672119141e+00,-7.583223581314086914e-01,-2.615524828433990479e-01,8.645427227020263672e-02,-1.122465491294860840e+00,-5.121040940284729004e-01,1.073620095849037170e-01,1.199064612388610840e+00,1.063249230384826660e+00,-1.748156994581222534e-01,5.420701578259468079e-02
2.074596166610717773e+00,1.754192411899566650e-01,4.269489347934722900e-01,9.945377111434936523e-01,2.781004086136817932e-02,7.188436388969421387e-02,7.038444280624389648e-02,-1.571714043617248535e+00,3.940957784652709961e-01,9.709164500236511230e-02,2.090153217315673828e+00,-6.093176007270812988e-01,1.595135405659675598e-02,-1.724868655204772949e+00,-5.702722668647766113e-01,1.519969552755355835e-01,2.104804039001464844e+00,-5.831680297851562500e-01,-3.251539170742034912e-02,-7.120367139577865601e-02,-1.351155951851978898e-04,5.249686837196350098e-01,-1.140345215797424316e+00,4.501036703586578369e-01,-1.506578475236892700e-01,1.173744678497314453e+00,-7.568239569664001465e-01,-2.580851018428802490e-01,9.047381579875946045e-02,-1.120279192924499512e+00,-5.126100778579711914e-01,1.072471737861633301e-01,1.197792530059814453e+00,1.065482735633850098e+00,-1.724875569343566895e-01,5.579523742198944092e-02
2.072856903076171875e+00,1.754103302955627441e-01,4.270128309726715088e-01,9.946224689483642578e-01,2.832610718905925751e-02,7.150713354349136353e-02,6.935738772153854370e-02,-1.574242949485778809e+00,3.960557579994201660e-01,9.776354581117630005e-02,2.088654279708862305e+00,-6.052379012107849121e-01,1.826482266187667847e-02,-1.727024912834167480e+00,-5.679622292518615723e-01,1.521072685718536377e-01,2.101861476898193359e+00,-5.773447751998901367e-01,-3.289726749062538147e-02,-7.224904000759124756e-02,-2.424458973109722137e-03,5.244718790054321289e-01,-1.138542175292968750e+00,4.522227048873901367e-01,-1.484428197145462036e-01,1.175629734992980957e+00,-7.555615305900573730e-01,-2.540632784366607666e-01,9.350838512182235718e-02,-1.120473265647888184e+00,-5.116007924079895020e-01,1.081703305244445801e-01,1.196900844573974609e+00,1.066330432891845703e+00,-1.699501425027847290e-01,5.678271874785423279e-02
2.070984125137329102e+00,1.751855313777923584e-01,4.274445474147796631e-01,9.947092533111572266e-01,2.863699011504650116e-02,7.174376398324966431e-02,6.772203743457794189e-02,-1.576815485954284668e+00,3.994413316249847412e-01,9.893202781677246094e-02,2.085575819015502930e+00,-6.014956831932067871e-01,2.060798369348049164e-02,-1.729568719863891602e+00,-5.657163858413696289e-01,1.498108953237533569e-01,2.097036600112915039e+00,-5.705564618110656738e-01,-3.349496051669120789e-02,-7.316309958696365356e-02,-5.500096827745437622e-03,5.239458680152893066e-01,-1.137613892555236816e+00,4.553264081478118896e-01,-1.458971053361892700e-01,1.179071426391601562e+00,-7.565435171127319336e-01,-2.498487085103988647e-01,9.493876248598098755e-02,-1.122697949409484863e+00,-5.095682740211486816e-01,1.106067970395088196e-01,1.196340918540954590e+00,1.068734288215637207e+00,-1.675439029932022095e-01,5.761552602052688599e-02
2.069199085235595703e+00,1.749188005924224854e-01,4.278940558433532715e-01,9.947783350944519043e-01,2.870851755142211914e-02,7.263825833797454834e-02,6.569263339042663574e-02,-1.579412102699279785e+00,4.040974974632263184e-01,1.006806120276451111e-01,2.081799507141113281e+00,-5.988150238990783691e-01,2.207105793058872223e-02,-1.732814431190490723e+00,-5.632168650627136230e-01,1.459554582834243774e-01,2.091499328613281250e+00,-5.643129944801330566e-01,-3.415879607200622559e-02,-7.400455325841903687e-02,-9.091915562748908997e-03,5.237278342247009277e-01,-1.138084650039672852e+00,4.590038955211639404e-01,-1.434333771467208862e-01,1.183405637741088867e+00,-7.605255246162414551e-01,-2.460731714963912964e-01,9.509770572185516357e-02,-1.126995563507080078e+00,-5.069889426231384277e-01,1.143027544021606445e-01,1.196472764015197754e+00,1.071975708007812500e+00,-1.662451475858688354e-01,5.818138644099235535e-02
2.067602634429931641e+00,1.747888326644897461e-01,4.282404780387878418e-01,9.948147535324096680e-01,2.848139964044094086e-02,7.418900728225708008e-02,6.346906721591949463e-02,-1.583290100097656250e+00,4.094130098819732666e-01,1.020274311304092407e-01,2.077814817428588867e+00,-5.966162681579589844e-01,2.358205989003181458e-02,-1.736891865730285645e+00,-5.599278211593627930e-01,1.410274952650070190e-01,2.085922479629516602e+00,-5.585269331932067871e-01,-3.510568663477897644e-02,-7.487446814775466919e-02,-1.245936565101146698e-02,5.238870382308959961e-01,-1.139464974403381348e+00,4.630565643310546875e-01,-1.418520212173461914e-01,1.187410473823547363e+00,-7.660372257232666016e-01,-2.429146170616149902e-01,9.530496597290039062e-02,-1.132836580276489258e+00,-5.042921900749206543e-01,1.189510524272918701e-01,1.196235656738281250e+00,1.076180696487426758e+00,-1.661377102136611938e-01,5.801694095134735107e-02
2.066203832626342773e+00,1.749010980129241943e-01,4.283262491226196289e-01,9.948174357414245605e-01,2.805342338979244232e-02,7.614357024431228638e-02,6.126550957560539246e-02,-1.588205575942993164e+00,4.150873124599456787e-01,1.031292900443077087e-01,2.074510335922241211e+00,-5.949053764343261719e-01,2.475007250905036926e-02,-1.741931915283203125e+00,-5.564459562301635742e-01,1.359234154224395752e-01,2.080921649932861328e+00,-5.539128780364990234e-01,-3.595220297574996948e-02,-7.588012516498565674e-02,-1.569488085806369781e-02,5.241814851760864258e-01,-1.141887784004211426e+00,4.672240018844604492e-01,-1.410991549491882324e-01,1.190492987632751465e+00,-7.724593877792358398e-01,-2.403926253318786621e-01,9.466540068387985229e-02,-1.139899611473083496e+00,-5.015617012977600098e-01,1.240012347698211670e-01,1.196120738983154297e+00,1.079089403152465820e+00,-1.656011044979095459e-01,5.733818933367729187e-02
2.064998149871826172e+00,1.752483844757080078e-01,4.281320273876190186e-01,9.947872161865234375e-01,2.762833237648010254e-02,7.813990861177444458e-02,5.940752103924751282e-02,-1.593616485595703125e+00,4.202907383441925049e-01,1.039195209741592407e-01,2.072504520416259766e+00,-5.936471223831176758e-01,2.528744004666805267e-02,-1.747612237930297852e+00,-5.532202124595642090e-01,1.320411860942840576e-01,2.077419281005859375e+00,-5.504695177078247070e-01,-3.588651120662689209e-02,-7.717525959014892578e-02,-1.874291524291038513e-02,5.244854092597961426e-01,-1.144596576690673828e+00,4.709118008613586426e-01,-1.414906382560729980e-01,1.192435979843139648e+00,-7.784084081649780273e-01,-2.385958284139633179e-01,9.286244213581085205e-02,-1.147177815437316895e+00,-4.988112747669219971e-01,1.284535527229309082e-01,1.196852087974548340e+00,1.080347180366516113e+00,-1.635735034942626953e-01,5.751486122608184814e-02
2.063865900039672852e+00,1.757798045873641968e-01,4.277284443378448486e-01,9.947218298912048340e-01,2.733192220330238342e-02,8.014161139726638794e-02,5.795543268322944641e-02,-1.599225878715515137e+00,4.249910414218902588e-01,1.049598827958106995e-01,2.071630001068115234e+00,-5.927528738975524902e-01,2.507606521248817444e-02,-1.753876090049743652e+00,-5.504808425903320312e-01,1.295612454414367676e-01,2.075499534606933594e+00,-5.479353666305541992e-01,-3.490536287426948547e-02,-7.919524610042572021e-02,-2.181427367031574249e-02,5.247716307640075684e-01,-1.146651744842529297e+00,4.740725755691528320e-01,-1.421537101268768311e-01,1.193042874336242676e+00,-7.830389142036437988e-01,-2.374958097934722900e-01,9.079613536596298218e-02,-1.154782533645629883e+00,-4.959704875946044922e-01,1.322644501924514771e-01,1.199027895927429199e+00,1.082211494445800781e+00,-1.600824296474456787e-01,5.912499129772186279e-02
2.062814235687255859e+00,1.764680594205856323e-01,4.271801412105560303e-01,9.946324229240417480e-01,2.708192914724349976e-02,8.209596574306488037e-02,5.686018988490104675e-02,-1.605278611183166504e+00,4.291534721851348877e-01,1.057148203253746033e-01,2.071821451187133789e+00,-5.920771956443786621e-01,2.526606433093547821e-02,-1.760273098945617676e+00,-5.479497313499450684e-01,1.288860738277435303e-01,2.074690341949462891e+00,-5.458471775054931641e-01,-3.371737152338027954e-02,-8.188331127166748047e-02,-2.427487447857856750e-02,5.249631404876708984e-01,-1.147099137306213379e+00,4.763698875904083252e-01,-1.431723386049270630e-01,1.193523287773132324e+00,-7.871750593185424805e-01,-2.365515679121017456e-01,8.924841135740280151e-02,-1.162456154823303223e+00,-4.930574893951416016e-01,1.355128288269042969e-01,1.202761769294738770e+00,1.087038636207580566e+00,-1.549593359231948853e-01,6.111802160739898682e-02
2.061993837356567383e+00,1.772034317255020142e-01,4.266682863235473633e-01,9.945350289344787598e-01,2.686701714992523193e-02,8.393758535385131836e-02,5.597103759646415710e-02,-1.611029624938964844e+00,4.322778284549713135e-01,1.065291017293930054e-01,2.072515487670898438e+00,-5.915873646736145020e-01,2.581493183970451355e-02,-1.766297817230224609e+00,-5.458456277847290039e-01,1.297208815813064575e-01,2.073968172073364258e+00,-5.433950424194335938e-01,-3.256021440029144287e-02,-8.433949202299118042e-02,-2.582604810595512390e-02,5.247814655303955078e-01,-1.146821618080139160e+00,4.775818288326263428e-01,-1.432447582483291626e-01,1.194915771484375000e+00,-7.908374071121215820e-01,-2.359582930803298950e-01,8.905573934316635132e-02,-1.169998526573181152e+00,-4.906881451606750488e-01,1.383376717567443848e-01,1.208335518836975098e+00,1.093369483947753906e+00,-1.496036350727081299e-01,6.299725174903869629e-02
2.061490774154663086e+00,1.778935641050338745e-01,4.263814389705657959e-01,9.944473505020141602e-01,2.663644216954708099e-02,8.559509366750717163e-02,5.512218549847602844e-02,-1.615689635276794434e+00,4.348536431789398193e-01,1.074540913105010986e-01,2.073363780975341797e+00,-5.915916562080383301e-01,2.664296515285968781e-02,-1.770863056182861328e+00,-5.438009500503540039e-01,1.309174001216888428e-01,2.072824478149414062e+00,-5.404388308525085449e-01,-3.116019628942012787e-02,-8.587165921926498413e-02,-2.629978395998477936e-02,5.243456959724426270e-01,-1.146293640136718750e+00,4.780082702636718750e-01,-1.434662640094757080e-01,1.198607563972473145e+00,-7.954247593879699707e-01,-2.353176176548004150e-01,8.990656584501266479e-02,-1.176933169364929199e+00,-4.893096387386322021e-01,1.407067179679870605e-01,1.215445160865783691e+00,1.100727796554565430e+00,-1.452401876449584961e-01,6.468552350997924805e-02
2.061254262924194336e+00,1.784867793321609497e-01,4.264402687549591064e-01,9.943574666976928711e-01,2.640743181109428406e-02,8.717108517885208130e-02,5.437938123941421509e-02,-1.619512915611267090e+00,4.364827275276184082e-01,1.083723679184913635e-01,2.073877096176147461e+00,-5.917773246765136719e-01,2.752947248518466949e-02,-1.774054169654846191e+00,-5.419617295265197754e-01,1.320935338735580444e-01,2.071098089218139648e+00,-5.370383858680725098e-01,-3.000306524336338043e-02,-8.660012483596801758e-02,-2.587271481752395630e-02,5.237852334976196289e-01,-1.146015763282775879e+00,4.776852428913116455e-01,-1.430930942296981812e-01,1.204666256904602051e+00,-8.006076812744140625e-01,-2.354270815849304199e-01,9.090881794691085815e-02,-1.183253407478332520e+00,-4.891728758811950684e-01,1.426618397235870361e-01,1.223304986953735352e+00,1.106634616851806641e+00,-1.428479701280593872e-01,6.603356450796127319e-02
2.061230421066284180e+00,1.791402399539947510e-01,4.269332289695739746e-01,9.942546486854553223e-01,2.638165280222892761e-02,8.867216855287551880e-02,5.384207144379615784e-02,-1.621695041656494141e+00,4.370103180408477783e-01,1.097988188266754150e-01,2.073390483856201172e+00,-5.923860073089599609e-01,2.818609029054641724e-02,-1.775746107101440430e+00,-5.405501723289489746e-01,1.333333998918533325e-01,2.068840742111206055e+00,-5.340310335159301758e-01,-2.849473431706428528e-02,-8.689545840024948120e-02,-2.516754344105720520e-02,5.232616066932678223e-01,-1.145847558975219727e+00,4.767552316188812256e-01,-1.418323218822479248e-01,1.211244344711303711e+00,-8.066191673278808594e-01,-2.369754910469055176e-01,9.157897531986236572e-02,-1.189728260040283203e+00,-4.901160001754760742e-01,1.448202729225158691e-01,1.231762051582336426e+00,1.110834836959838867e+00,-1.425201147794723511e-01,6.691602617502212524e-02
2.061313629150390625e+00,1.798820048570632935e-01,4.275957345962524414e-01,9.941476583480834961e-01,2.654074132442474365e-02,9.002424031496047974e-02,5.349496752023696899e-02,-1.622564792633056641e+00,4.369901418685913086e-01,1.116376742720603943e-01,2.072597980499267578e+00,-5.935802459716796875e-01,2.895935438573360443e-02,-1.776762604713439941e+00,-5.393188595771789551e-01,1.351483315229415894e-01,2.066737651824951172e+00,-5.316293239593505859e-01,-2.676737867295742035e-02,-8.676061034202575684e-02,-2.426375821232795715e-02,5.228331685066223145e-01,-1.145397663116455078e+00,4.755088984966278076e-01,-1.401586085557937622e-01,1.217550039291381836e+00,-8.131429553031921387e-01,-2.396911233663558960e-01,9.134398400783538818e-02,-1.196609139442443848e+00,-4.918993711471557617e-01,1.477555185556411743e-01,1.239982724189758301e+00,1.113810658454895020e+00,-1.443064361810684204e-01,6.776430457830429077e-02
2.061340093612670898e+00,1.805733591318130493e-01,4.281623661518096924e-01,9.940423965454101562e-01,2.685486897826194763e-02,9.121293574571609497e-02,5.328020825982093811e-02,-1.622687935829162598e+00,4.370554983615875244e-01,1.140171587467193604e-01,2.071885585784912109e+00,-5.951035618782043457e-01,3.017484396696090698e-02,-1.777828335762023926e+00,-5.384590029716491699e-01,1.371512115001678467e-01,2.065233230590820312e+00,-5.301901102066040039e-01,-2.456611394882202148e-02,-8.608390390872955322e-02,-2.310612052679061890e-02,5.224114656448364258e-01,-1.144652724266052246e+00,4.743424952030181885e-01,-1.384679079055786133e-01,1.222331881523132324e+00,-8.195227980613708496e-01,-2.423491030931472778e-01,9.088555723428726196e-02,-1.203812718391418457e+00,-4.941957890987396240e-01,1.519497185945510864e-01,1.247347116470336914e+00,1.116056919097900391e+00,-1.474325805902481079e-01,6.848514825105667114e-02
2.061230421066284180e+00,1.811600625514984131e-01,4.284437596797943115e-01,9.939635396003723145e-01,2.727168798446655273e-02,9.207750111818313599e-02,5.305194482207298279e-02,-1.622002601623535156e+00,4.372050166130065918e-01,1.168691217899322510e-01,2.071694374084472656e+00,-5.969586968421936035e-01,3.165394812822341919e-02,-1.778964161872863770e+00,-5.382246375083923340e-01,1.389389038085937500e-01,2.064697504043579102e+00,-5.297463536262512207e-01,-2.227994613349437714e-02,-8.473023772239685059e-02,-2.184974588453769684e-02,5.220474004745483398e-01,-1.143734693527221680e+00,4.730330109596252441e-01,-1.372498422861099243e-01,1.224412322044372559e+00,-8.260618448257446289e-01,-2.440363764762878418e-01,9.006484597921371460e-02,-1.211135268211364746e+00,-4.962395727634429932e-01,1.566774398088455200e-01,1.254382610321044922e+00,1.116509318351745605e+00,-1.509003788232803345e-01,6.952186673879623413e-02
2.061241626739501953e+00,1.816360354423522949e-01,4.282749891281127930e-01,9.939286708831787109e-01,2.764176018536090851e-02,9.251365065574645996e-02,5.275430157780647278e-02,-1.620861172676086426e+00,4.376710355281829834e-01,1.196084693074226379e-01,2.072961330413818359e+00,-5.991972684860229492e-01,3.333589807152748108e-02,-1.780414819717407227e+00,-5.384296774864196777e-01,1.407442241907119751e-01,2.065609216690063477e+00,-5.305210351943969727e-01,-2.035575360059738159e-02,-8.300493657588958740e-02,-2.044647559523582458e-02,5.219619870185852051e-01,-1.142988801002502441e+00,4.718022942543029785e-01,-1.364117562770843506e-01,1.224552750587463379e+00,-8.308858871459960938e-01,-2.444837838411331177e-01,8.923236280679702759e-02,-1.217721223831176758e+00,-4.972574412822723389e-01,1.611120402812957764e-01,1.260786652565002441e+00,1.115237355232238770e+00,-1.544378101825714111e-01,7.107816636562347412e-02
2.061584472656250000e+00,1.821116358041763306e-01,4.275800883769989014e-01,9.939485788345336914e-01,2.789584361016750336e-02,9.241466969251632690e-02,5.241742357611656189e-02,-1.619236707687377930e+00,4.386404752731323242e-01,1.217973828315734863e-01,2.076388597488403320e+00,-6.024652123451232910e-01,3.478977084159851074e-02,-1.781956791877746582e+00,-5.391004681587219238e-01,1.428217440843582153e-01,2.068513870239257812e+00,-5.331952571868896484e-01,-1.878311298787593842e-02,-8.136796206235885620e-02,-1.917053386569023132e-02,5.224409103393554688e-01,-1.142018079757690430e+00,4.709101617336273193e-01,-1.362387686967849731e-01,1.223337650299072266e+00,-8.316864967346191406e-01,-2.434663474559783936e-01,8.969338238239288330e-02,-1.222587704658508301e+00,-4.971723854541778564e-01,1.645013093948364258e-01,1.265991806983947754e+00,1.112855553627014160e+00,-1.567724645137786865e-01,7.255177944898605347e-02
2.062059640884399414e+00,1.824802458286285400e-01,4.271350800991058350e-01,9.942814111709594727e-01,2.640327252447605133e-02,9.086930006742477417e-02,4.949912801384925842e-02,-1.612899422645568848e+00,4.556671679019927979e-01,1.246638894081115723e-01,2.090094566345214844e+00,-6.142132282257080078e-01,1.684504188597202301e-02,-1.776031851768493652e+00,-5.208328366279602051e-01,1.540648937225341797e-01,2.076427221298217773e+00,-5.341422557830810547e-01,-2.875092206522822380e-03,-7.522065192461013794e-02,-1.303657516837120056e-02,5.242593288421630859e-01,-1.140145301818847656e+00,4.833876490592956543e-01,-2.250252962112426758e-01,1.207925081253051758e+00,-7.148418426513671875e-01,-2.453859448432922363e-01,2.024827450513839722e-01,-1.216565251350402832e+00,-5.124225616455078125e-01,2.269147485494613647e-01,1.227271199226379395e+00,8.429335951805114746e-01,-1.247372701764106750e-01,5.419560149312019348e-02
2.061397075653076172e+00,1.826636493206024170e-01,4.253164231777191162e-01,9.945908188819885254e-01,2.399218082427978516e-02,8.950201421976089478e-02,4.693524166941642761e-02,-1.611480712890625000e+00,4.733546972274780273e-01,1.226254105567932129e-01,2.107062816619873047e+00,-6.298482418060302734e-01,2.058862242847681046e-03,-1.771218895912170410e+00,-5.023452639579772949e-01,1.646167784929275513e-01,2.089765548706054688e+00,-5.356131792068481445e-01,1.492188405245542526e-02,-7.112179696559906006e-02,-7.171546109020709991e-03,5.253971815109252930e-01,-1.139867544174194336e+00,4.956273436546325684e-01,-3.136669099330902100e-01,1.203626990318298340e+00,-5.782258510589599609e-01,-2.342219203710556030e-01,3.179108798503875732e-01,-1.217568635940551758e+00,-5.228706598281860352e-01,2.914142012596130371e-01,1.217041730880737305e+00,4.277126491069793701e-01,-6.713099032640457153e-02,7.912624627351760864e-03
2.059544801712036133e+00,1.823202520608901978e-01,4.226490855216979980e-01,9.947357177734375000e-01,2.067578583955764771e-02,8.906694501638412476e-02,4.626478254795074463e-02,-1.615295529365539551e+00,4.883663058280944824e-01,1.174096763134002686e-01,2.124155521392822266e+00,-6.491677761077880859e-01,-1.118564791977405548e-02,-1.766539454460144043e+00,-4.870046079158782959e-01,1.749070286750793457e-01,2.107294321060180664e+00,-5.405498743057250977e-01,3.933915123343467712e-02,-7.335774600505828857e-02,-1.865120022557675838e-03,5.249033570289611816e-01,-1.142540693283081055e+00,5.042873620986938477e-01,-4.024101197719573975e-01,1.223775744438171387e+00,-4.425330460071563721e-01,-2.129781544208526611e-01,4.122259914875030518e-01,-1.229397296905517578e+00,-5.271972417831420898e-01,3.643647134304046631e-01,1.240147471427917480e+00,6.523128598928451538e-02,-1.275076530873775482e-02,-3.401633724570274353e-02
2.056723594665527344e+00,1.812230944633483887e-01,4.200217425823211670e-01,9.946334958076477051e-01,1.758307963609695435e-02,8.968525379896163940e-02,4.849311336874961853e-02,-1.620579242706298828e+00,4.991176128387451172e-01,1.149804219603538513e-01,2.138117551803588867e+00,-6.687880754470825195e-01,-2.621098421514034271e-02,-1.762485861778259277e+00,-4.784444272518157959e-01,1.887577623128890991e-01,2.127255201339721680e+00,-5.487380623817443848e-01,7.324849814176559448e-02,-8.207925409078598022e-02,9.039366850629448891e-04,5.238842964172363281e-01,-1.150693297386169434e+00,5.068573355674743652e-01,-4.903896152973175049e-01,1.269497156143188477e+00,-3.219159841537475586e-01,-1.861270666122436523e-01,4.723905324935913086e-01,-1.250007510185241699e+00,-5.303435921669006348e-01,4.489011764526367188e-01,1.284687280654907227e+00,-1.207638904452323914e-01,1.158803608268499374e-02,-5.232929810881614685e-02
2.055543899536132812e+00,1.814224720001220703e-01,4.183143973350524902e-01,9.943783283233642578e-01,1.794890686869621277e-02,8.961392939090728760e-02,5.346951633691787720e-02,-1.616458535194396973e+00,4.983848929405212402e-01,1.208502501249313354e-01,2.141945362091064453e+00,-6.763710975646972656e-01,-2.206631191074848175e-02,-1.768073081970214844e+00,-4.869439303874969482e-01,2.006502151489257812e-01,2.140478134155273438e+00,-5.565730333328247070e-01,8.565966039896011353e-02,-9.351892769336700439e-02,2.922349813161417842e-05,5.243204832077026367e-01,-1.157397270202636719e+00,4.956143498420715332e-01,-4.605404138565063477e-01,1.294260978698730469e+00,-2.926213741302490234e-01,-1.869613230228424072e-01,4.586829543113708496e-01,-1.256252884864807129e+00,-5.262803435325622559e-01,4.654684662818908691e-01,1.323456287384033203e+00,-4.958220571279525757e-02,-6.536144763231277466e-03,-3.005243837833404541e-02
2.054872274398803711e+00,1.811105608940124512e-01,4.170502424240112305e-01,9.940757155418395996e-01,2.005249261856079102e-02,8.961844444274902344e-02,5.813708901405334473e-02,-1.616969823837280273e+00,4.947200715541839600e-01,1.291031241416931152e-01,2.143664598464965820e+00,-6.747792959213256836e-01,-2.234425768256187439e-02,-1.773223638534545898e+00,-4.934088289737701416e-01,2.135649174451828003e-01,2.147723436355590820e+00,-5.618525743484497070e-01,9.091673046350479126e-02,-9.663095325231552124e-02,-4.848388780374079943e-04,5.237147808074951172e-01,-1.166958808898925781e+00,4.813199043273925781e-01,-4.526309370994567871e-01,1.300979375839233398e+00,-2.910152077674865723e-01,-1.922583281993865967e-01,4.490099847316741943e-01,-1.258518695831298828e+00,-5.301212072372436523e-01,4.722098708152770996e-01,1.337294697761535645e+00,-2.151636034250259399e-02,-2.414681576192378998e-02,-2.791302651166915894e-02
2.055027723312377930e+00,1.809954792261123657e-01,4.156892597675323486e-01,9.937244653701782227e-01,2.312816679477691650e-02,8.986926078796386719e-02,6.245270743966102600e-02,-1.615799784660339355e+00,4.926091432571411133e-01,1.387418508529663086e-01,2.144294500350952148e+00,-6.739608645439147949e-01,-2.246865257620811462e-02,-1.780261278152465820e+00,-4.997266829013824463e-01,2.250301390886306763e-01,2.154736518859863281e+00,-5.695527791976928711e-01,9.385038167238235474e-02,-9.727927297353744507e-02,-4.874785372521728277e-04,5.235518217086791992e-01,-1.177345514297485352e+00,4.699725806713104248e-01,-4.525925219058990479e-01,1.307611227035522461e+00,-2.865778207778930664e-01,-1.943445056676864624e-01,4.393474459648132324e-01,-1.257087588310241699e+00,-5.373499393463134766e-01,4.779029190540313721e-01,1.344960808753967285e+00,-7.414807099848985672e-03,-3.834635764360427856e-02,-2.728662267327308655e-02
2.055131673812866211e+00,1.810666024684906006e-01,4.143788516521453857e-01,9.933111667633056641e-01,2.664134651422500610e-02,9.052438288927078247e-02,6.654749065637588501e-02,-1.613492250442504883e+00,4.904503822326660156e-01,1.485232710838317871e-01,2.144210100173950195e+00,-6.742216944694519043e-01,-2.086515538394451141e-02,-1.789127945899963379e+00,-5.059596896171569824e-01,2.363177090883255005e-01,2.161541938781738281e+00,-5.772308111190795898e-01,9.555023163557052612e-02,-9.740506857633590698e-02,-5.156454863026738167e-04,5.237998366355895996e-01,-1.187467336654663086e+00,4.626936912536621094e-01,-4.569524824619293213e-01,1.317821383476257324e+00,-2.774040400981903076e-01,-1.933541595935821533e-01,4.292510449886322021e-01,-1.257187128067016602e+00,-5.461401343345642090e-01,4.840441048145294189e-01,1.352605819702148438e+00,-2.540441346354782581e-04,-4.791062697768211365e-02,-2.671728655695915222e-02
2.055931806564331055e+00,1.806989610195159912e-01,4.135323762893676758e-01,9.927722811698913574e-01,3.063867054879665375e-02,9.181213378906250000e-02,7.095760852098464966e-02,-1.609652280807495117e+00,4.873262345790863037e-01,1.601300984621047974e-01,2.141800165176391602e+00,-6.737242937088012695e-01,-1.639569364488124847e-02,-1.798343777656555176e+00,-5.131575465202331543e-01,2.479351013898849487e-01,2.167201757431030273e+00,-5.843886733055114746e-01,9.816070646047592163e-02,-9.893858432769775391e-02,-1.596924383193254471e-03,5.241827964782714844e-01,-1.197007417678833008e+00,4.583343267440795898e-01,-4.619696438312530518e-01,1.332907438278198242e+00,-2.671966254711151123e-01,-1.905430257320404053e-01,4.163401126861572266e-01,-1.259085297584533691e+00,-5.535734891891479492e-01,4.905636608600616455e-01,1.363349437713623047e+00,7.663815747946500778e-03,-5.480821430683135986e-02,-2.501997724175453186e-02
2.056820869445800781e+00,1.800448298454284668e-01,4.134762585163116455e-01,9.921334385871887207e-01,3.455194458365440369e-02,9.401982277631759644e-02,7.508455961942672729e-02,-1.605729341506958008e+00,4.836806654930114746e-01,1.719598472118377686e-01,2.136642456054687500e+00,-6.719151139259338379e-01,-9.986415505409240723e-03,-1.806661844253540039e+00,-5.205236673355102539e-01,2.585490942001342773e-01,2.170170307159423828e+00,-5.899789929389953613e-01,1.019886061549186707e-01,-1.016340553760528564e-01,-3.204760374501347542e-03,5.245281457901000977e-01,-1.205783009529113770e+00,4.561193287372589111e-01,-4.663708806037902832e-01,1.352327227592468262e+00,-2.579304575920104980e-01,-1.867189109325408936e-01,4.002777040004730225e-01,-1.262114882469177246e+00,-5.584720969200134277e-01,4.960511922836303711e-01,1.376476168632507324e+00,1.636887714266777039e-02,-5.978421494364738464e-02,-2.178280614316463470e-02
2.057844638824462891e+00,1.792317479848861694e-01,4.143596887588500977e-01,9.914650321006774902e-01,3.776345402002334595e-02,9.701170027256011963e-02,7.848414033651351929e-02,-1.602455139160156250e+00,4.803974926471710205e-01,1.830678135156631470e-01,2.129320383071899414e+00,-6.687995195388793945e-01,-3.292793408036231995e-03,-1.812805652618408203e+00,-5.273988246917724609e-01,2.659401297569274902e-01,2.169738531112670898e+00,-5.931048393249511719e-01,1.055848374962806702e-01,-1.041614934802055359e-01,-4.298100247979164124e-03,5.244672298431396484e-01,-1.214164137840270996e+00,4.551056921482086182e-01,-4.686920046806335449e-01,1.373437881469726562e+00,-2.532213926315307617e-01,-1.821281462907791138e-01,3.815888166427612305e-01,-1.264971017837524414e+00,-5.611497163772583008e-01,4.983010590076446533e-01,1.388190031051635742e+00,2.710479870438575745e-02,-6.396177411079406738e-02,-1.697902008891105652e-02
2.058937549591064453e+00,1.782959997653961182e-01,4.161848127841949463e-01,9.908043742179870605e-01,3.998504579067230225e-02,1.007698699831962585e-01,8.095313608646392822e-02,-1.600052833557128906e+00,4.784322381019592285e-01,1.925635635852813721e-01,2.120246410369873047e+00,-6.653887033462524414e-01,4.885562229901552200e-03,-1.816242814064025879e+00,-5.331366658210754395e-01,2.693535387516021729e-01,2.165775299072265625e+00,-5.939592123031616211e-01,1.089929863810539246e-01,-1.057856306433677673e-01,-4.257641732692718506e-03,5.244735479354858398e-01,-1.222469091415405273e+00,4.556875526905059814e-01,-4.704862534999847412e-01,1.393268704414367676e+00,-2.528101503849029541e-01,-1.765929162502288818e-01,3.605013489723205566e-01,-1.267960786819458008e+00,-5.631620287895202637e-01,4.975551366806030273e-01,1.396649956703186035e+00,3.914178162813186646e-02,-6.852401047945022583e-02,-1.130857784301042557e-02
2.060012340545654297e+00,1.773477494716644287e-01,4.190169870853424072e-01,9.902255535125732422e-01,4.082169383764266968e-02,1.047404482960700989e-01,8.256105333566665649e-02,-1.598839044570922852e+00,4.770338237285614014e-01,1.988545060157775879e-01,2.109426259994506836e+00,-6.605315208435058594e-01,1.204528007656335831e-02,-1.815191268920898438e+00,-5.385137200355529785e-01,2.673558294773101807e-01,2.157709360122680664e+00,-5.935654640197753906e-01,1.107868030667304993e-01,-1.060567274689674377e-01,-2.397491130977869034e-03,5.244632363319396973e-01,-1.230880975723266602e+00,4.567951261997222900e-01,-4.736636281013488770e-01,1.409556508064270020e+00,-2.559647858142852783e-01,-1.708912700414657593e-01,3.382090926170349121e-01,-1.270990252494812012e+00,-5.648953318595886230e-01,4.952505528926849365e-01,1.401115536689758301e+00,5.186435580253601074e-02,-7.373638451099395752e-02,-5.682315211743116379e-03
2.060930490493774414e+00,1.764145046472549438e-01,4.226195216178894043e-01,9.896970391273498535e-01,4.081961512565612793e-02,1.087787598371505737e-01,8.367061614990234375e-02,-1.597884178161621094e+00,4.758197665214538574e-01,2.034648954868316650e-01,2.096964836120605469e+00,-6.547618508338928223e-01,1.897661387920379639e-02,-1.811358332633972168e+00,-5.435727238655090332e-01,2.619786262512207031e-01,2.146443367004394531e+00,-5.911293029785156250e-01,1.121673583984375000e-01,-1.061100363731384277e-01,3.328375460114330053e-04,5.243830084800720215e-01,-1.238869190216064453e+00,4.580126702785491943e-01,-4.793506860733032227e-01,1.422266244888305664e+00,-2.593948245048522949e-01,-1.651887297630310059e-01,3.155951499938964844e-01,-1.274572491645812988e+00,-5.663485527038574219e-01,4.921610057353973389e-01,1.403068542480468750e+00,6.320770829916000366e-02,-7.843368500471115112e-02,-4.916135221719741821e-04
2.061717987060546875e+00,1.756003499031066895e-01,4.266999661922454834e-01,9.892199635505676270e-01,4.019844532012939453e-02,1.127485483884811401e-01,8.435462415218353271e-02,-1.596319675445556641e+00,4.745344817638397217e-01,2.070543318986892700e-01,2.083154201507568359e+00,-6.491160988807678223e-01,2.531585469841957092e-02,-1.805061340332031250e+00,-5.491464734077453613e-01,2.538478970527648926e-01,2.132862567901611328e+00,-5.882360339164733887e-01,1.128578856587409973e-01,-1.055410802364349365e-01,3.812254173681139946e-03,5.243576765060424805e-01,-1.247269511222839355e+00,4.588620066642761230e-01,-4.888046085834503174e-01,1.431840419769287109e+00,-2.618629038333892822e-01,-1.594736725091934204e-01,2.912686467170715332e-01,-1.279304981231689453e+00,-5.675169229507446289e-01,4.905570447444915771e-01,1.403913497924804688e+00,7.365991175174713135e-02,-8.207453042268753052e-02,5.587488878518342972e-03
2.062361240386962891e+00,1.749743819236755371e-01,4.311546087265014648e-01,9.887506961822509766e-01,3.915742039680480957e-02,1.169690638780593872e-01,8.459893614053726196e-02,-1.594372153282165527e+00,4.733490049839019775e-01,2.105940282344818115e-01,2.068062782287597656e+00,-6.440972089767456055e-01,3.151948377490043640e-02,-1.798227071762084961e+00,-5.543926358222961426e-01,2.441879510879516602e-01,2.117311954498291016e+00,-5.839907526969909668e-01,1.131681352853775024e-01,-1.047063097357749939e-01,7.965918630361557007e-03,5.245370864868164062e-01,-1.256537675857543945e+00,4.596855938434600830e-01,-5.018031001091003418e-01,1.438079833984375000e+00,-2.608389258384704590e-01,-1.531167030334472656e-01,2.653512656688690186e-01,-1.286440372467041016e+00,-5.690985321998596191e-01,4.909272193908691406e-01,1.404838085174560547e+00,8.339726179838180542e-02,-8.478612452745437622e-02,1.321603916585445404e-02
2.062858581542968750e+00,1.744979470968246460e-01,4.359963238239288330e-01,9.882735013961791992e-01,3.792041167616844177e-02,1.213836446404457092e-01,8.451955020427703857e-02,-1.591344594955444336e+00,4.720594882965087891e-01,2.146822959184646606e-01,2.051596879959106445e+00,-6.396299600601196289e-01,3.809092938899993896e-02,-1.790996193885803223e+00,-5.590181350708007812e-01,2.340613901615142822e-01,2.099846363067626953e+00,-5.787438154220581055e-01,1.135842427611351013e-01,-1.034665107727050781e-01,1.307939365506172180e-02,5.249635577201843262e-01,-1.267146468162536621e+00,4.603737294673919678e-01,-5.195374488830566406e-01,1.441044807434082031e+00,-2.545710504055023193e-01,-1.458231657743453979e-01,2.379643619060516357e-01,-1.296393036842346191e+00,-5.721945166587829590e-01,4.929714202880859375e-01,1.406421184539794922e+00,9.113354980945587158e-02,-8.644752949476242065e-02,2.184744551777839661e-02
2.063260316848754883e+00,1.741848438978195190e-01,4.412614107131958008e-01,9.877756237983703613e-01,3.661072254180908203e-02,1.260203868150711060e-01,8.412978798151016235e-02,-1.586744189262390137e+00,4.708392620086669922e-01,2.200962007045745850e-01,2.033691167831420898e+00,-6.355680823326110840e-01,4.509096220135688782e-02,-1.783561229705810547e+00,-5.623165965080261230e-01,2.244597077369689941e-01,2.080289363861083984e+00,-5.719246268272399902e-01,1.148116439580917358e-01,-1.014536023139953613e-01,2.001518569886684418e-02,5.255137681961059570e-01,-1.278902888298034668e+00,4.604759216308593750e-01,-5.411816835403442383e-01,1.440449953079223633e+00,-2.433836758136749268e-01,-1.377326995134353638e-01,2.103895246982574463e-01,-1.309185981750488281e+00,-5.780078172683715820e-01,4.968777894973754883e-01,1.409166455268859863e+00,9.771049767732620239e-02,-8.750570565462112427e-02,2.994612976908683777e-02
2.063595056533813477e+00,1.741204112768173218e-01,4.467655718326568604e-01,9.872494935989379883e-01,3.538960218429565430e-02,1.308081895112991333e-01,8.351782709360122681e-02,-1.581744909286499023e+00,4.685335755348205566e-01,2.263743281364440918e-01,2.014710664749145508e+00,-6.302940845489501953e-01,5.173427611589431763e-02,-1.775839209556579590e+00,-5.648616552352905273e-01,2.153245359659194946e-01,2.058897495269775391e+00,-5.647198557853698730e-01,1.167107224464416504e-01,-9.844391047954559326e-02,2.916348911821842194e-02,5.258757472038269043e-01,-1.291345834732055664e+00,4.593001902103424072e-01,-5.648035407066345215e-01,1.435993194580078125e+00,-2.285010069608688354e-01,-1.294094920158386230e-01,1.831752061843872070e-01,-1.324029088020324707e+00,-5.866391062736511230e-01,5.025326609611511230e-01,1.413467407226562500e+00,1.029517054557800293e-01,-8.797577768564224243e-02,3.658363223075866699e-02
2.063785076141357422e+00,1.743347793817520142e-01,4.525385499000549316e-01,9.866709709167480469e-01,3.427802398800849915e-02,1.358234882354736328e-01,8.280949294567108154e-02,-1.576176166534423828e+00,4.653610885143280029e-01,2.337570339441299438e-01,1.994370460510253906e+00,-6.246975064277648926e-01,5.806323513388633728e-02,-1.768288016319274902e+00,-5.664029121398925781e-01,2.069271951913833618e-01,2.035786151885986328e+00,-5.558420419692993164e-01,1.197847425937652588e-01,-9.433194249868392944e-02,4.103397578001022339e-02,5.258739590644836426e-01,-1.304815411567687988e+00,4.564675688743591309e-01,-5.888790488243103027e-01,1.427511096000671387e+00,-2.114468514919281006e-01,-1.212761178612709045e-01,1.570607721805572510e-01,-1.339857697486877441e+00,-5.984762907028198242e-01,5.097022652626037598e-01,1.419245123863220215e+00,1.069906726479530334e-01,-8.814294636249542236e-02,4.195739328861236572e-02
2.063889265060424805e+00,1.747884154319763184e-01,4.588551819324493408e-01,9.860761165618896484e-01,3.324207291007041931e-02,1.408351212739944458e-01,8.194124698638916016e-02,-1.568878769874572754e+00,4.615019559860229492e-01,2.419446557760238647e-01,1.972197175025939941e+00,-6.187956929206848145e-01,6.378594040870666504e-02,-1.758775949478149414e+00,-5.674920082092285156e-01,1.975713372230529785e-01,2.010118007659912109e+00,-5.470412969589233398e-01,1.238757818937301636e-01,-8.766189962625503540e-02,5.653261393308639526e-02,5.258010625839233398e-01,-1.319566845893859863e+00,4.515456557273864746e-01,-6.150630116462707520e-01,1.414106130599975586e+00,-1.919264048337936401e-01,-1.131497547030448914e-01,1.293540149927139282e-01,-1.355481624603271484e+00,-6.145550012588500977e-01,5.182733535766601562e-01,1.425351023674011230e+00,1.096315607428550720e-01,-8.803008496761322021e-02,4.642884060740470886e-02
2.065118074417114258e+00,1.750354766845703125e-01,4.661225378513336182e-01,9.854159951210021973e-01,3.248492628335952759e-02,1.460426151752471924e-01,8.106541633605957031e-02,-1.558615446090698242e+00,4.564677774906158447e-01,2.524911761283874512e-01,1.946546196937561035e+00,-6.122905611991882324e-01,7.011763751506805420e-02,-1.746742963790893555e+00,-5.691924691200256348e-01,1.870671659708023071e-01,1.980729818344116211e+00,-5.377078056335449219e-01,1.290839463472366333e-01,-7.869927585124969482e-02,7.574940472841262817e-02,5.256580114364624023e-01,-1.335676193237304688e+00,4.448613822460174561e-01,-6.432998776435852051e-01,1.395654201507568359e+00,-1.704177260398864746e-01,-1.046784594655036926e-01,9.823139011859893799e-02,-1.371484637260437012e+00,-6.353302001953125000e-01,5.292488932609558105e-01,1.431102514266967773e+00,1.124323159456253052e-01,-8.833909034729003906e-02,5.190339684486389160e-02
2.065593481063842773e+00,1.761256158351898193e-01,4.743821322917938232e-01,9.847084283828735352e-01,3.199329972267150879e-02,1.514790356159210205e-01,7.987388223409652710e-02,-1.544880509376525879e+00,4.511089622974395752e-01,2.651572227478027344e-01,1.917250394821166992e+00,-6.054701805114746094e-01,7.710713148117065430e-02,-1.732625961303710938e+00,-5.706083774566650391e-01,1.758048087358474731e-01,1.947365403175354004e+00,-5.267484784126281738e-01,1.347799599170684814e-01,-6.705528497695922852e-02,9.833704680204391479e-02,5.254101157188415527e-01,-1.352585434913635254e+00,4.369390904903411865e-01,-6.714833378791809082e-01,1.374426126480102539e+00,-1.482786387205123901e-01,-9.609851986169815063e-02,6.512510776519775391e-02,-1.386970996856689453e+00,-6.605984568595886230e-01,5.413987636566162109e-01,1.433847308158874512e+00,1.151338443160057068e-01,-8.913032710552215576e-02,5.955586954951286316e-02
2.066011190414428711e+00,1.775703877210617065e-01,4.836225211620330811e-01,9.839650988578796387e-01,3.219395875930786133e-02,1.569491177797317505e-01,7.837911695241928101e-02,-1.526136636734008789e+00,4.454005062580108643e-01,2.812378406524658203e-01,1.884315252304077148e+00,-5.987907648086547852e-01,8.404794335365295410e-02,-1.716468811035156250e+00,-5.718443393707275391e-01,1.647517681121826172e-01,1.910502076148986816e+00,-5.145418643951416016e-01,1.414859443902969360e-01,-5.405559763312339783e-02,1.213994026184082031e-01,5.251902341842651367e-01,-1.368279933929443359e+00,4.292836189270019531e-01,-6.956617832183837891e-01,1.354617834091186523e+00,-1.280131787061691284e-01,-8.814101666212081909e-02,3.334219753742218018e-02,-1.401398181915283203e+00,-6.877434849739074707e-01,5.531436800956726074e-01,1.431917190551757812e+00,1.173249781131744385e-01,-9.045796841382980347e-02,6.908912956714630127e-02
2.066561937332153320e+00,1.791941076517105103e-01,4.936880469322204590e-01,9.831629991531372070e-01,3.348331153392791748e-02,1.624213159084320068e-01,7.673780620098114014e-02,-1.502291202545166016e+00,4.384133815765380859e-01,3.008426427841186523e-01,1.848089814186096191e+00,-5.918105840682983398e-01,9.037269651889801025e-02,-1.699206233024597168e+00,-5.729746818542480469e-01,1.553599685430526733e-01,1.871245026588439941e+00,-5.012253522872924805e-01,1.489986181259155273e-01,-4.214025288820266724e-02,1.419290006160736084e-01,5.248604416847229004e-01,-1.380082845687866211e+00,4.230670332908630371e-01,-7.127051949501037598e-01,1.340210318565368652e+00,-1.123284101486206055e-01,-8.119143545627593994e-02,7.025646977126598358e-03,-1.414314627647399902e+00,-7.132810354232788086e-01,5.624785423278808594e-01,1.426003098487854004e+00,1.209378018975257874e-01,-9.256111085414886475e-02,7.865125685930252075e-02
2.067596197128295898e+00,1.810791492462158203e-01,5.042022466659545898e-01,9.823682308197021484e-01,3.599606081843376160e-02,1.674593389034271240e-01,7.492876797914505005e-02,-1.473201155662536621e+00,4.297695159912109375e-01,3.228650987148284912e-01,1.809936285018920898e+00,-5.856668949127197266e-01,9.553477168083190918e-02,-1.681347608566284180e+00,-5.735882520675659180e-01,1.492456793785095215e-01,1.831543684005737305e+00,-4.876259565353393555e-01,1.569820195436477661e-01,-3.258490562438964844e-02,1.584559231996536255e-01,5.246668457984924316e-01,-1.386328220367431641e+00,4.191917777061462402e-01,-7.218239307403564453e-01,1.330377459526062012e+00,-9.906034171581268311e-02,-7.544743269681930542e-02,-1.183260045945644379e-02,-1.425379872322082520e+00,-7.352868318557739258e-01,5.687053203582763672e-01,1.417400956153869629e+00,1.258770674467086792e-01,-9.553177654743194580e-02,8.572801947593688965e-02
2.069276094436645508e+00,1.832183003425598145e-01,5.147815942764282227e-01,9.816007018089294434e-01,3.967403247952461243e-02,1.718442291021347046e-01,7.318232208490371704e-02,-1.440499901771545410e+00,4.185936152935028076e-01,3.460837900638580322e-01,1.770722866058349609e+00,-5.798833966255187988e-01,9.909170866012573242e-02,-1.663000464439392090e+00,-5.742263197898864746e-01,1.467635184526443481e-01,1.792508482933044434e+00,-4.746968150138854980e-01,1.651394367218017578e-01,-2.588608860969543457e-02,1.704192012548446655e-01,5.246482491493225098e-01,-1.387577295303344727e+00,4.175963401794433594e-01,-7.227939963340759277e-01,1.322377324104309082e+00,-8.705600351095199585e-02,-7.091605663299560547e-02,-2.255594730377197266e-02,-1.434967160224914551e+00,-7.530983686447143555e-01,5.728772878646850586e-01,1.408133029937744141e+00,1.318506300449371338e-01,-9.911285340785980225e-02,8.907717466354370117e-02
2.071636676788330078e+00,1.856275051832199097e-01,5.251750946044921875e-01,9.809233546257019043e-01,4.414939880371093750e-02,1.753380745649337769e-01,7.139035314321517944e-02,-1.404918909072875977e+00,4.057018160820007324e-01,3.694269955158233643e-01,1.731349706649780273e+00,-5.748708248138427734e-01,1.009281352162361145e-01,-1.643769741058349609e+00,-5.741549134254455566e-01,1.475304216146469116e-01,1.754738926887512207e+00,-4.624308645725250244e-01,1.737864911556243896e-01,-2.132693491876125336e-02,1.788836419582366943e-01,5.249499678611755371e-01,-1.383992433547973633e+00,4.177895784378051758e-01,-7.160189151763916016e-01,1.313876271247863770e+00,-7.604503631591796875e-02,-6.739003211259841919e-02,-2.667259238660335541e-02,-1.442846059799194336e+00,-7.678256034851074219e-01,5.752580761909484863e-01,1.398418188095092773e+00,1.373459100723266602e-01,-1.030758470296859741e-01,8.993405848741531372e-02
2.074619293212890625e+00,1.881585866212844849e-01,5.351481437683105469e-01,9.803578853607177734e-01,4.919736459851264954e-02,1.778135150671005249e-01,6.971622258424758911e-02,-1.368213176727294922e+00,3.906931579113006592e-01,3.918854594230651855e-01,1.692992687225341797e+00,-5.707935094833374023e-01,1.015960425138473511e-01,-1.624012947082519531e+00,-5.740578174591064453e-01,1.514328420162200928e-01,1.719094514846801758e+00,-4.516545236110687256e-01,1.828694045543670654e-01,-1.888199336826801300e-02,1.842588335275650024e-01,5.254120230674743652e-01,-1.377073168754577637e+00,4.194043874740600586e-01,-7.033844590187072754e-01,1.302867650985717773e+00,-6.628952175378799438e-02,-6.493189930915832520e-02,-2.411302179098129272e-02,-1.448687076568603516e+00,-7.799630165100097656e-01,5.758057832717895508e-01,1.388550758361816406e+00,1.417439132928848267e-01,-1.070074886083602905e-01,8.831589668989181519e-02
2.078015089035034180e+00,1.907633841037750244e-01,5.447590947151184082e-01,9.799178242683410645e-01,5.438132211565971375e-02,1.793072670698165894e-01,6.821024417877197266e-02,-1.331370234489440918e+00,3.735299706459045410e-01,4.126219451427459717e-01,1.655380010604858398e+00,-5.674964189529418945e-01,1.009399220347404480e-01,-1.603064537048339844e+00,-5.748062729835510254e-01,1.566870957612991333e-01,1.685088396072387695e+00,-4.421836435794830322e-01,1.919012814760208130e-01,-1.818563789129257202e-02,1.876554936170578003e-01,5.256683826446533203e-01,-1.367777824401855469e+00,4.210177659988403320e-01,-6.853470206260681152e-01,1.288451910018920898e+00,-5.982213094830513000e-02,-6.472339481115341187e-02,-1.565057784318923950e-02,-1.452569484710693359e+00,-7.896761894226074219e-01,5.742602944374084473e-01,1.377935647964477539e+00,1.466085612773895264e-01,-1.105653047561645508e-01,8.546631038188934326e-02
2.081615686416625977e+00,1.935519576072692871e-01,5.539108514785766602e-01,9.796648621559143066e-01,5.912900343537330627e-02,1.797020882368087769e-01,6.684085726737976074e-02,-1.295180678367614746e+00,3.556793332099914551e-01,4.306994676589965820e-01,1.619328022003173828e+00,-5.648885965347290039e-01,1.000121608376502991e-01,-1.580296397209167480e+00,-5.766380429267883301e-01,1.607324779033660889e-01,1.652592420578002930e+00,-4.337108731269836426e-01,2.002435624599456787e-01,-1.866503618657588959e-02,1.894430369138717651e-01,5.255889296531677246e-01,-1.356857180595397949e+00,4.214216470718383789e-01,-6.645023822784423828e-01,1.271049499511718750e+00,-5.763614550232887268e-02,-6.667023897171020508e-02,-2.047949703410267830e-03,-1.453156471252441406e+00,-7.966853380203247070e-01,5.706923007965087891e-01,1.365384697914123535e+00,1.507867425680160522e-01,-1.134569048881530762e-01,8.176275342702865601e-02
2.085317850112915039e+00,1.963563412427902222e-01,5.630457401275634766e-01,9.795745015144348145e-01,6.309407204389572144e-02,1.793374717235565186e-01,6.550564616918563843e-02,-1.259784698486328125e+00,3.379839658737182617e-01,4.458509683609008789e-01,1.583153367042541504e+00,-5.617666840553283691e-01,9.883186221122741699e-02,-1.554583072662353516e+00,-5.792574882507324219e-01,1.615580916404724121e-01,1.619488835334777832e+00,-4.251945316791534424e-01,2.072027921676635742e-01,-1.963989436626434326e-02,1.908012926578521729e-01,5.250382423400878906e-01,-1.344895958900451660e+00,4.196809828281402588e-01,-6.424882411956787109e-01,1.251217484474182129e+00,-5.910681560635566711e-02,-7.062687724828720093e-02,1.506072282791137695e-02,-1.451024293899536133e+00,-8.015266656875610352e-01,5.658805966377258301e-01,1.349701642990112305e+00,1.544220298528671265e-01,-1.162934154272079468e-01,7.739201933145523071e-02
2.089087963104248047e+00,1.989780515432357788e-01,5.725806951522827148e-01,9.795883893966674805e-01,6.635339558124542236e-02,1.786725521087646484e-01,6.387425959110260010e-02,-1.224449992179870605e+00,3.210643529891967773e-01,4.588565230369567871e-01,1.544676423072814941e+00,-5.570828318595886230e-01,9.783969074487686157e-02,-1.525778174400329590e+00,-5.813773870468139648e-01,1.594971865415573120e-01,1.584032893180847168e+00,-4.145403504371643066e-01,2.135887891054153442e-01,-1.998468860983848572e-02,1.920864284038543701e-01,5.242633819580078125e-01,-1.332793235778808594e+00,4.154659211635589600e-01,-6.206652522087097168e-01,1.230390906333923340e+00,-6.111468002200126648e-02,-7.556195557117462158e-02,3.359432891011238098e-02,-1.446244478225708008e+00,-8.053106069564819336e-01,5.613816380500793457e-01,1.330046176910400391e+00,1.573093384504318237e-01,-1.200326755642890930e-01,7.270538061857223511e-02
2.092867851257324219e+00,2.015218138694763184e-01,5.827463865280151367e-01,9.796079397201538086e-01,6.927039474248886108e-02,1.782172620296478271e-01,6.171328574419021606e-02,-1.188745975494384766e+00,3.043991923332214355e-01,4.705561101436614990e-01,1.502431035041809082e+00,-5.496509075164794922e-01,9.769290685653686523e-02,-1.494808912277221680e+00,-5.821826457977294922e-01,1.552639156579971313e-01,1.544903397560119629e+00,-4.006920754909515381e-01,2.199250310659408569e-01,-1.956333592534065247e-02,1.927223205566406250e-01,5.237480401992797852e-01,-1.320706963539123535e+00,4.099044799804687500e-01,-5.985345244407653809e-01,1.209559679031372070e+00,-6.152420863509178162e-02,-8.063271641731262207e-02,5.282530933618545532e-02,-1.438513994216918945e+00,-8.086350560188293457e-01,5.590803027153015137e-01,1.306549668312072754e+00,1.579256951808929443e-01,-1.244774460792541504e-01,6.691034138202667236e-02
2.096577167510986328e+00,2.040408402681350708e-01,5.935860872268676758e-01,9.796292781829833984e-01,7.184792309999465942e-02,1.780427247285842896e-01,5.886501073837280273e-02,-1.152103066444396973e+00,2.883022725582122803e-01,4.816295802593231201e-01,1.455666184425354004e+00,-5.394561886787414551e-01,9.756402671337127686e-02,-1.461168527603149414e+00,-5.815356373786926270e-01,1.483859866857528687e-01,1.501373767852783203e+00,-3.846090734004974365e-01,2.258142679929733276e-01,-1.883899234235286713e-02,1.924075782299041748e-01,5.235729217529296875e-01,-1.307327866554260254e+00,4.033073484897613525e-01,-5.761641860008239746e-01,1.189103245735168457e+00,-6.036923080682754517e-02,-8.593166619539260864e-02,7.116095721721649170e-02,-1.428293347358703613e+00,-8.106991052627563477e-01,5.591613054275512695e-01,1.280113935470581055e+00,1.553822159767150879e-01,-1.297012418508529663e-01,6.037136167287826538e-02
2.100054025650024414e+00,2.063164710998535156e-01,6.049325466156005859e-01,9.796605110168457031e-01,7.417272776365280151e-02,1.780519634485244751e-01,5.532814562320709229e-02,-1.114564657211303711e+00,2.726204991340637207e-01,4.920929968357086182e-01,1.404729843139648438e+00,-5.265414118766784668e-01,9.719640016555786133e-02,-1.425296187400817871e+00,-5.789085030555725098e-01,1.397325098514556885e-01,1.453983187675476074e+00,-3.665797412395477295e-01,2.311179488897323608e-01,-1.758144050836563110e-02,1.914622187614440918e-01,5.239563584327697754e-01,-1.293060660362243652e+00,3.963868021965026855e-01,-5.548300743103027344e-01,1.168973326683044434e+00,-5.891904607415199280e-02,-9.134352207183837891e-02,8.824460953474044800e-02,-1.415999770164489746e+00,-8.124241232872009277e-01,5.610277652740478516e-01,1.250979661941528320e+00,1.496993005275726318e-01,-1.355261802673339844e-01,5.295747891068458557e-02
2.103286743164062500e+00,2.082686573266983032e-01,6.165198087692260742e-01,9.797605276107788086e-01,7.610416412353515625e-02,1.779146343469619751e-01,5.122350901365280151e-02,-1.076026916503906250e+00,2.580557465553283691e-01,5.018028020858764648e-01,1.350938200950622559e+00,-5.118706822395324707e-01,9.619436413049697876e-02,-1.387849450111389160e+00,-5.745311379432678223e-01,1.298643201589584351e-01,1.404251933097839355e+00,-3.471994996070861816e-01,2.351140975952148438e-01,-1.637064106762409210e-02,1.903457641601562500e-01,5.244710445404052734e-01,-1.277772188186645508e+00,3.896206617355346680e-01,-5.362819433212280273e-01,1.149235963821411133e+00,-5.778786540031433105e-02,-9.645038098096847534e-02,1.040006130933761597e-01,-1.402099967002868652e+00,-8.131932616233825684e-01,5.636576414108276367e-01,1.220180392265319824e+00,1.407154947519302368e-01,-1.411459594964981079e-01,4.551935940980911255e-02
2.106405973434448242e+00,2.099048048257827759e-01,6.279926896095275879e-01,9.799461364746093750e-01,7.777751237154006958e-02,1.773608177900314331e-01,4.689814522862434387e-02,-1.036342501640319824e+00,2.443857192993164062e-01,5.107643604278564453e-01,1.295731186866760254e+00,-4.958897531032562256e-01,9.404222667217254639e-02,-1.348445296287536621e+00,-5.693739056587219238e-01,1.194220036268234253e-01,1.353333711624145508e+00,-3.289092779159545898e-01,2.381118685007095337e-01,-1.520406547933816910e-02,1.889597922563552856e-01,5.249097347259521484e-01,-1.261571168899536133e+00,3.837372362613677979e-01,-5.203448534011840820e-01,1.129858016967773438e+00,-5.749464035034179688e-02,-1.012991517782211304e-01,1.185137405991554260e-01,-1.386822819709777832e+00,-8.132572174072265625e-01,5.648677349090576172e-01,1.188430070877075195e+00,1.304337233304977417e-01,-1.463489383459091187e-01,3.874913975596427917e-02
2.109414577484130859e+00,2.109952718019485474e-01,6.390763521194458008e-01,9.802224636077880859e-01,7.914745807647705078e-02,1.763271838426589966e-01,4.252422973513603210e-02,-9.963231086730957031e-01,2.317842394113540649e-01,5.189763307571411133e-01,1.240566372871398926e+00,-4.788705706596374512e-01,9.097982197999954224e-02,-1.308687686920166016e+00,-5.631222128868103027e-01,1.095225885510444641e-01,1.303331017494201660e+00,-3.104447424411773682e-01,2.400096356868743896e-01,-1.414755173027515411e-02,1.878522485494613647e-01,5.250942111015319824e-01,-1.244821190834045410e+00,3.790819048881530762e-01,-5.069687366485595703e-01,1.110546350479125977e+00,-5.728040263056755066e-02,-1.055366918444633484e-01,1.316505968570709229e-01,-1.369854331016540527e+00,-8.130500316619873047e-01,5.649268627166748047e-01,1.156092524528503418e+00,1.200256571173667908e-01,-1.507952958345413208e-01,3.237136080861091614e-02
2.112268924713134766e+00,2.114978581666946411e-01,6.495653390884399414e-01,9.805880784988403320e-01,8.005339652299880981e-02,1.748433858156204224e-01,3.831706941127777100e-02,-9.575769305229187012e-01,2.205378711223602295e-01,5.256674289703369141e-01,1.186901092529296875e+00,-4.613108932971954346e-01,8.668370544910430908e-02,-1.269325852394104004e+00,-5.555433034896850586e-01,1.000319868326187134e-01,1.255454897880554199e+00,-2.922551035881042480e-01,2.407959252595901489e-01,-1.336235553026199341e-02,1.875293403863906860e-01,5.249384641647338867e-01,-1.226172447204589844e+00,3.762593567371368408e-01,-4.952453672885894775e-01,1.090726137161254883e+00,-5.596807971596717834e-02,-1.090199202299118042e-01,1.436516642570495605e-01,-1.350787281990051270e+00,-8.128172159194946289e-01,5.633810758590698242e-01,1.122558951377868652e+00,1.091176643967628479e-01,-1.539382338523864746e-01,2.618981525301933289e-02
2.115052938461303711e+00,2.114364802837371826e-01,6.593908667564392090e-01,9.810763597488403320e-01,8.063834905624389648e-02,1.726332455873489380e-01,3.441593050956726074e-02,-9.196049571037292480e-01,2.108534872531890869e-01,5.312854051589965820e-01,1.135491251945495605e+00,-4.434986710548400879e-01,8.106349408626556396e-02,-1.229810237884521484e+00,-5.471846461296081543e-01,9.094341844320297241e-02,1.210388660430908203e+00,-2.754154205322265625e-01,2.411003261804580688e-01,-1.284832973033189774e-02,1.877461224794387817e-01,5.246605277061462402e-01,-1.205057740211486816e+00,3.749074935913085938e-01,-4.851001203060150146e-01,1.069298624992370605e+00,-5.215305089950561523e-02,-1.123891472816467285e-01,1.539719402790069580e-01,-1.329775810241699219e+00,-8.123515844345092773e-01,5.602087378501892090e-01,1.086679100990295410e+00,9.701403975486755371e-02,-1.560037434101104736e-01,1.984799280762672424e-02
2.117840051651000977e+00,2.109517157077789307e-01,6.683924198150634766e-01,9.817239046096801758e-01,8.069718629121780396e-02,1.695948392152786255e-01,3.072069957852363586e-02,-8.827775120735168457e-01,2.038825005292892456e-01,5.359570980072021484e-01,1.088026404380798340e+00,-4.265376627445220947e-01,7.424535602331161499e-02,-1.190613508224487305e+00,-5.376318693161010742e-01,8.204959332942962646e-02,1.169227600097656250e+00,-2.601899504661560059e-01,2.408692389726638794e-01,-1.232451945543289185e-02,1.888474971055984497e-01,5.244293808937072754e-01,-1.181130051612854004e+00,3.751407563686370850e-01,-4.763385951519012451e-01,1.046636343002319336e+00,-4.732368141412734985e-02,-1.158915609121322632e-01,1.619042456150054932e-01,-1.306136250495910645e+00,-8.111649751663208008e-01,5.548641681671142578e-01,1.049371719360351562e+00,8.351255953311920166e-02,-1.574593186378479004e-01,1.437093131244182587e-02
2.120630979537963867e+00,2.101027071475982666e-01,6.767094731330871582e-01,9.824916720390319824e-01,8.050297200679779053e-02,1.658009886741638184e-01,2.719170600175857544e-02,-8.468936681747436523e-01,1.986469328403472900e-01,5.395298600196838379e-01,1.044148087501525879e+00,-4.096221625804901123e-01,6.674978882074356079e-02,-1.151277899742126465e+00,-5.278406739234924316e-01,7.341084629297256470e-02,1.130934715270996094e+00,-2.478970885276794434e-01,2.410854101181030273e-01,-1.194803323596715927e-02,1.901072263717651367e-01,5.243031978607177734e-01,-1.154355049133300781e+00,3.772922754287719727e-01,-4.697253704071044922e-01,1.022699356079101562e+00,-4.072974249720573425e-02,-1.191456094384193420e-01,1.665672808885574341e-01,-1.279417037963867188e+00,-8.089091181755065918e-01,5.479558110237121582e-01,1.010745286941528320e+00,6.970445066690444946e-02,-1.588964313268661499e-01,9.619150310754776001e-03
2.123310565948486328e+00,2.091309577226638794e-01,6.843130588531494141e-01,9.833416342735290527e-01,7.986383885145187378e-02,1.615759581327438354e-01,2.354036085307598114e-02,-8.129011988639831543e-01,1.958161890506744385e-01,5.421378612518310547e-01,1.004818558692932129e+00,-3.930900096893310547e-01,5.875475332140922546e-02,-1.113940358161926270e+00,-5.169694423675537109e-01,6.500771641731262207e-02,1.096650838851928711e+00,-2.366841882467269897e-01,2.402994036674499512e-01,-1.160317938774824142e-02,1.920122355222702026e-01,5.241207480430603027e-01,-1.124958038330078125e+00,3.809843957424163818e-01,-4.655009806156158447e-01,9.988166093826293945e-01,-3.416203707456588745e-02,-1.213331297039985657e-01,1.674252599477767944e-01,-1.249916434288024902e+00,-8.048078417778015137e-01,5.404196977615356445e-01,9.734445810317993164e-01,5.747143551707267761e-02,-1.606051623821258545e-01,5.316944792866706848e-03
2.125701427459716797e+00,2.080381214618682861e-01,6.912170052528381348e-01,9.842135906219482422e-01,7.888232916593551636e-02,1.572142690420150757e-01,1.961891539394855499e-02,-7.812716960906982422e-01,1.951627284288406372e-01,5.438508391380310059e-01,9.706659317016601562e-01,-3.771801590919494629e-01,5.064792931079864502e-02,-1.079274535179138184e+00,-5.049431920051574707e-01,5.740502476692199707e-02,1.065533161163330078e+00,-2.268152236938476562e-01,2.395968139171600342e-01,-1.165736466646194458e-02,1.940717846155166626e-01,5.240015387535095215e-01,-1.093161582946777344e+00,3.861574828624725342e-01,-4.638850688934326172e-01,9.764472246170043945e-01,-2.718535065650939941e-02,-1.215759664773941040e-01,1.653969287872314453e-01,-1.219118475914001465e+00,-7.985991835594177246e-01,5.339086055755615234e-01,9.395054578781127930e-01,4.614889994263648987e-02,-1.623305231332778931e-01,1.119636930525302887e-03
2.127674102783203125e+00,2.065180540084838867e-01,6.976658701896667480e-01,9.850863218307495117e-01,7.756013423204421997e-02,1.528309285640716553e-01,1.523665245622396469e-02,-7.523849606513977051e-01,1.967998147010803223e-01,5.447316765785217285e-01,9.408466815948486328e-01,-3.614513874053955078e-01,4.208932816982269287e-02,-1.046756029129028320e+00,-4.915436804294586182e-01,5.049508810043334961e-02,1.036079168319702148e+00,-2.168667018413543701e-01,2.382992058992385864e-01,-1.237483508884906769e-02,1.962539851665496826e-01,5.236273407936096191e-01,-1.058681368827819824e+00,3.924859762191772461e-01,-4.647880792617797852e-01,9.568173885345458984e-01,-2.092204615473747253e-02,-1.203301697969436646e-01,1.621753871440887451e-01,-1.187293887138366699e+00,-7.895968556404113770e-01,5.286072492599487305e-01,9.077899456024169922e-01,3.501440584659576416e-02,-1.633638739585876465e-01,-3.494154196232557297e-03
2.128939628601074219e+00,2.045438736677169800e-01,7.037706971168518066e-01,9.858781695365905762e-01,7.590638101100921631e-02,1.489224135875701904e-01,1.022959500551223755e-02,-7.278777956962585449e-01,2.019196152687072754e-01,5.459032058715820312e-01,9.160764813423156738e-01,-3.442500829696655273e-01,3.368502482771873474e-02,-1.018018722534179688e+00,-4.758060276508331299e-01,4.484330117702484131e-02,1.007237434387207031e+00,-2.038933634757995605e-01,2.365627437829971313e-01,-1.367658749222755432e-02,1.986910849809646606e-01,5.229119062423706055e-01,-1.020503997802734375e+00,3.999498188495635986e-01,-4.668801128864288330e-01,9.407651424407958984e-01,-1.531562767922878265e-02,-1.180335879325866699e-01,1.588810831308364868e-01,-1.154544591903686523e+00,-7.779735922813415527e-01,5.247600674629211426e-01,8.774503469467163086e-01,2.191898785531520844e-02,-1.630913019180297852e-01,-8.037158288061618805e-03
2.129246473312377930e+00,2.023792266845703125e-01,7.092319726943969727e-01,9.864823222160339355e-01,7.411500811576843262e-02,1.460759192705154419e-01,4.628372378647327423e-03,-7.114550471305847168e-01,2.113227546215057373e-01,5.462400913238525391e-01,8.995007872581481934e-01,-3.237776160240173340e-01,2.482294104993343353e-02,-9.954579472541809082e-01,-4.573348462581634521e-01,4.172280430793762207e-02,9.792960286140441895e-01,-1.876474618911743164e-01,2.348830997943878174e-01,-1.465640030801296234e-02,2.004366815090179443e-01,5.218575596809387207e-01,-9.805123209953308105e-01,4.077798426151275635e-01,-4.688682556152343750e-01,9.294846057891845703e-01,-7.923114113509654999e-03,-1.155573800206184387e-01,1.545903980731964111e-01,-1.122569203376770020e+00,-7.633105516433715820e-01,5.209636688232421875e-01,8.487936258316040039e-01,6.347192917019128799e-03,-1.605098545551300049e-01,-1.123921293765306473e-02
2.128597021102905273e+00,2.000135630369186401e-01,7.137002348899841309e-01,9.868186116218566895e-01,7.242602109909057617e-02,1.447080820798873901e-01,-1.723123830743134022e-03,-7.055892348289489746e-01,2.240685373544692993e-01,5.455416440963745117e-01,8.930813670158386230e-01,-3.021404147148132324e-01,1.571073755621910095e-02,-9.818096756935119629e-01,-4.369820952415466309e-01,4.223610088229179382e-02,9.527767896652221680e-01,-1.675654947757720947e-01,2.329771071672439575e-01,-1.646138727664947510e-02,1.999546140432357788e-01,5.221065282821655273e-01,-9.432203769683837891e-01,4.169471859931945801e-01,-4.722295403480529785e-01,9.234271049499511719e-01,4.579989705234766006e-03,-1.127174720168113708e-01,1.471734195947647095e-01,-1.097634792327880859e+00,-7.446424365043640137e-01,5.165699720382690430e-01,8.236283063888549805e-01,-9.087967686355113983e-03,-1.578116714954376221e-01,-1.166342757642269135e-02
2.126844644546508789e+00,1.978148818016052246e-01,7.168765068054199219e-01,9.869000315666198730e-01,7.145075500011444092e-02,1.444033682346343994e-01,-8.413673378527164459e-03,-7.094149589538574219e-01,2.352130711078643799e-01,5.333944559097290039e-01,8.971860408782958984e-01,-2.794601023197174072e-01,1.419858308508992195e-03,-9.733658432960510254e-01,-4.178557395935058594e-01,4.396607354283332825e-02,9.302787184715270996e-01,-1.524023860692977905e-01,2.296754717826843262e-01,-1.740048266947269440e-02,1.967173963785171509e-01,5.228635072708129883e-01,-9.049097895622253418e-01,4.256065189838409424e-01,-4.713545143604278564e-01,9.196904897689819336e-01,1.617321185767650604e-02,-1.101934760808944702e-01,1.353087574243545532e-01,-1.070000290870666504e+00,-7.248357534408569336e-01,5.135072469711303711e-01,8.001758456230163574e-01,-2.546841651201248169e-02,-1.538198143243789673e-01,-1.366056501865386963e-02
2.124587297439575195e+00,1.960556358098983765e-01,7.184785008430480957e-01,9.868563413619995117e-01,7.098934799432754517e-02,1.443546116352081299e-01,-1.539064198732376099e-02,-7.190608382225036621e-01,2.390365898609161377e-01,5.045280456542968750e-01,9.096569418907165527e-01,-2.659025788307189941e-01,-2.132774889469146729e-02,-9.691488146781921387e-01,-4.010195434093475342e-01,4.738771542906761169e-02,9.112953543663024902e-01,-1.437728554010391235e-01,2.256964594125747681e-01,-1.860565133392810822e-02,1.905287802219390869e-01,5.238777995109558105e-01,-8.686436414718627930e-01,4.336328804492950439e-01,-4.716414809226989746e-01,9.180878996849060059e-01,3.179749101400375366e-02,-1.080701276659965515e-01,1.215528994798660278e-01,-1.042418718338012695e+00,-7.038736939430236816e-01,5.132123827934265137e-01,7.801661491394042969e-01,-4.042476415634155273e-02,-1.501582264900207520e-01,-1.582193933427333832e-02
2.122490644454956055e+00,1.950117200613021851e-01,7.186192870140075684e-01,9.868032932281494141e-01,7.019764930009841919e-02,1.439032256603240967e-01,-2.415465563535690308e-02,-7.271305918693542480e-01,2.294661402702331543e-01,4.467967748641967773e-01,9.265852570533752441e-01,-2.732530832290649414e-01,-6.146265566349029541e-02,-9.674729108810424805e-01,-3.813687860965728760e-01,5.235431715846061707e-02,8.972699046134948730e-01,-1.446983814239501953e-01,2.178256064653396606e-01,-1.985397003591060638e-02,1.837048381567001343e-01,5.249639749526977539e-01,-8.344789147377014160e-01,4.395680129528045654e-01,-4.802140891551971436e-01,9.214452505111694336e-01,5.018267780542373657e-02,-1.073205843567848206e-01,1.136187389492988586e-01,-1.009729623794555664e+00,-6.817311048507690430e-01,5.199261307716369629e-01,7.671188116073608398e-01,-5.709019303321838379e-02,-1.501644849777221680e-01,-1.969978958368301392e-02
2.120610237121582031e+00,1.958847790956497192e-01,7.174912095069885254e-01,9.868047833442687988e-01,6.889247894287109375e-02,1.425723433494567871e-01,-3.381244465708732605e-02,-7.215157151222229004e-01,2.047993689775466919e-01,3.903914988040924072e-01,9.463847279548645020e-01,-3.080042302608489990e-01,-1.057700067758560181e-01,-9.673031568527221680e-01,-3.621732294559478760e-01,6.177498772740364075e-02,8.902803659439086914e-01,-1.491280496120452881e-01,2.132359296083450317e-01,-1.966474205255508423e-02,1.768297553062438965e-01,5.251408219337463379e-01,-7.985308766365051270e-01,4.439250230789184570e-01,-4.922119677066802979e-01,9.268962144851684570e-01,7.076466083526611328e-02,-1.017749533057212830e-01,9.800782799720764160e-02,-9.762633442878723145e-01,-6.599621772766113281e-01,5.269258022308349609e-01,7.620054483413696289e-01,-6.891013681888580322e-02,-1.502199620008468628e-01,-2.580287121236324310e-02
2.119155645370483398e+00,1.987216323614120483e-01,7.155528068542480469e-01,9.869294762611389160e-01,6.695539504289627075e-02,1.396563500165939331e-01,-4.453508555889129639e-02,-6.911327242851257324e-01,1.842547804117202759e-01,3.643413186073303223e-01,9.561656117439270020e-01,-3.621203303337097168e-01,-1.343601047992706299e-01,-9.665685892105102539e-01,-3.429771959781646729e-01,7.337564975023269653e-02,8.863808512687683105e-01,-1.547421365976333618e-01,2.090600878000259399e-01,-2.019882388412952423e-02,1.708268672227859497e-01,5.256602168083190918e-01,-7.594012618064880371e-01,4.462635815143585205e-01,-5.096429586410522461e-01,9.299364686012268066e-01,9.319201111793518066e-02,-9.329213201999664307e-02,8.116175234317779541e-02,-9.409739971160888672e-01,-6.365869045257568359e-01,5.330647826194763184e-01,7.716789245605468750e-01,-7.896137237548828125e-02,-1.497328728437423706e-01,-3.475287556648254395e-02
2.118190050125122070e+00,2.038381397724151611e-01,7.138881087303161621e-01,9.869655966758728027e-01,6.462335586547851562e-02,1.359041929244995117e-01,-5.703334510326385498e-02,-6.370449662208557129e-01,1.674077808856964111e-01,3.667531609535217285e-01,9.162232875823974609e-01,-4.316734373569488525e-01,-1.440988928079605103e-01,-9.638411998748779297e-01,-3.233643174171447754e-01,8.715001493692398071e-02,8.788278102874755859e-01,-1.555075049400329590e-01,2.107335478067398071e-01,-1.835560612380504608e-02,1.647605895996093750e-01,5.258837938308715820e-01,-7.202663421630859375e-01,4.459703564643859863e-01,-5.294306874275207520e-01,9.268862009048461914e-01,1.129816323518753052e-01,-8.536225557327270508e-02,6.166739016771316528e-02,-9.115231633186340332e-01,-6.120464205741882324e-01,5.398716330528259277e-01,7.946332097053527832e-01,-8.076675981283187866e-02,-1.441910266876220703e-01,-3.961972147226333618e-02
2.117233991622924805e+00,2.099792063236236572e-01,7.128608822822570801e-01,9.868400096893310547e-01,6.174068897962570190e-02,1.319888532161712646e-01,-7.009866088628768921e-02,-5.818647146224975586e-01,1.620866060256958008e-01,3.857202827930450439e-01,8.480322360992431641e-01,-4.878244698047637939e-01,-1.349983513355255127e-01,-9.535956978797912598e-01,-3.034493029117584229e-01,9.710023552179336548e-02,8.617802262306213379e-01,-1.542022377252578735e-01,2.062168568372726440e-01,-1.608955301344394684e-02,1.584339439868927002e-01,5.258373618125915527e-01,-6.788862347602844238e-01,4.443140029907226562e-01,-5.611208677291870117e-01,9.181472659111022949e-01,1.148022785782814026e-01,-7.918866723775863647e-02,4.960691183805465698e-02,-8.782981634140014648e-01,-5.887371301651000977e-01,5.546196103096008301e-01,8.230035305023193359e-01,-7.800394296646118164e-02,-1.417925506830215454e-01,-3.830214962363243103e-02
2.114001512527465820e+00,2.159430533647537231e-01,7.143206596374511719e-01,9.867737293243408203e-01,6.302130967378616333e-02,1.289143264293670654e-01,-7.541275769472122192e-02,-5.737730264663696289e-01,1.519092768430709839e-01,3.922623097896575928e-01,8.330475687980651855e-01,-4.857244789600372314e-01,-1.100500673055648804e-01,-9.430111050605773926e-01,-3.039182424545288086e-01,1.068835482001304626e-01,8.322399854660034180e-01,-1.408882290124893188e-01,2.047856301069259644e-01,-2.669002301990985870e-02,1.399623006582260132e-01,5.248521566390991211e-01,-6.448127031326293945e-01,4.461230039596557617e-01,-5.972508192062377930e-01,9.108685851097106934e-01,1.180403158068656921e-01,-8.079829812049865723e-02,4.596180841326713562e-02,-8.576187491416931152e-01,-5.660799741744995117e-01,5.588252544403076172e-01,8.598180413246154785e-01,-8.297140896320343018e-02,-1.391437202692031860e-01,-3.395969793200492859e-02
2.111262083053588867e+00,2.218866348266601562e-01,7.179938554763793945e-01,9.871584773063659668e-01,6.133390590548515320e-02,1.249302104115486145e-01,-7.841444760560989380e-02,-5.637741684913635254e-01,1.465039402246475220e-01,3.940424919128417969e-01,8.166574835777282715e-01,-4.726056754589080811e-01,-9.243125468492507935e-02,-9.184154868125915527e-01,-3.030154109001159668e-01,1.076741144061088562e-01,7.871625423431396484e-01,-1.159210056066513062e-01,2.027873545885086060e-01,-3.724677488207817078e-02,1.260772943496704102e-01,5.242381095886230469e-01,-6.139833331108093262e-01,4.434176981449127197e-01,-6.381313204765319824e-01,9.140132069587707520e-01,1.222688928246498108e-01,-7.820200175046920776e-02,3.288984671235084534e-02,-8.298867940902709961e-01,-5.411058664321899414e-01,5.650539994239807129e-01,9.053239822387695312e-01,-9.107787162065505981e-02,-1.252899765968322754e-01,-2.436851710081100464e-02
2.108817100524902344e+00,2.277350872755050659e-01,7.224705815315246582e-01,9.877305626869201660e-01,5.788462609052658081e-02,1.199477091431617737e-01,-8.154884725809097290e-02,-5.472611188888549805e-01,1.419772505760192871e-01,3.952046930789947510e-01,7.949290871620178223e-01,-4.601165354251861572e-01,-7.804141193628311157e-02,-8.847609162330627441e-01,-2.992835640907287598e-01,1.053373441100120544e-01,7.343254685401916504e-01,-8.679039031267166138e-02,2.029196768999099731e-01,-4.336763173341751099e-02,1.165581345558166504e-01,5.245310664176940918e-01,-5.870431661605834961e-01,4.353431761264801025e-01,-6.765923500061035156e-01,9.247231483459472656e-01,1.301866769790649414e-01,-7.056082785129547119e-02,1.449641771614551544e-02,-7.945117950439453125e-01,-5.192741155624389648e-01,5.762663483619689941e-01,9.499245285987854004e-01,-1.068639010190963745e-01,-1.064806431531906128e-01,-4.648092668503522873e-03
2.106903076171875000e+00,2.334016114473342896e-01,7.271134257316589355e-01,9.884516596794128418e-01,5.449425056576728821e-02,1.134263351559638977e-01,-8.442863821983337402e-02,-5.244466662406921387e-01,1.349279433488845825e-01,3.967295885086059570e-01,7.687098979949951172e-01,-4.481600224971771240e-01,-6.584249436855316162e-02,-8.450139760971069336e-01,-2.963755726814270020e-01,1.031065732240676880e-01,6.802899837493896484e-01,-5.892836675047874451e-02,2.053111046552658081e-01,-4.761480167508125305e-02,1.058259755373001099e-01,5.249903202056884766e-01,-5.605763792991638184e-01,4.250970482826232910e-01,-7.046644687652587891e-01,9.376583099365234375e-01,1.369240731000900269e-01,-6.171074882149696350e-02,-2.436108887195587158e-03,-7.537928819656372070e-01,-4.989750385284423828e-01,5.895698666572570801e-01,9.837366938591003418e-01,-1.291785687208175659e-01,-8.929382264614105225e-02,2.030494809150695801e-02
2.105540752410888672e+00,2.390755861997604370e-01,7.313937544822692871e-01,9.893920421600341797e-01,5.168101191520690918e-02,1.047806665301322937e-01,-8.633416146039962769e-02,-4.967067837715148926e-01,1.249569058418273926e-01,3.976908922195434570e-01,7.419543862342834473e-01,-4.360819160938262939e-01,-5.482166633009910583e-02,-8.007173538208007812e-01,-2.969306707382202148e-01,9.999090433120727539e-02,6.286332011222839355e-01,-3.452703356742858887e-02,2.092218250036239624e-01,-5.215568467974662781e-02,9.166387468576431274e-02,5.250725150108337402e-01,-5.330308675765991211e-01,4.147295653820037842e-01,-7.194002270698547363e-01,9.492024779319763184e-01,1.394291818141937256e-01,-5.266888439655303955e-02,-1.463719550520181656e-02,-7.075048685073852539e-01,-4.790038466453552246e-01,5.968991518020629883e-01,1.000537395477294922e+00,-1.511353999376296997e-01,-7.695868611335754395e-02,4.447960853576660156e-02
2.104780435562133789e+00,2.447189390659332275e-01,7.348462343215942383e-01,9.905618429183959961e-01,4.890783131122589111e-02,9.385166317224502563e-02,-8.710405975580215454e-02,-4.650106728076934814e-01,1.140897423028945923e-01,3.967691361904144287e-01,7.183793187141418457e-01,-4.271624088287353516e-01,-4.642847180366516113e-02,-7.528504729270935059e-01,-3.005929291248321533e-01,9.483220428228378296e-02,5.822259783744812012e-01,-1.523558888584375381e-02,2.142297625541687012e-01,-5.709424614906311035e-02,7.529470324516296387e-02,5.248237252235412598e-01,-5.034062266349792480e-01,4.053578078746795654e-01,-7.200677990913391113e-01,9.554488062858581543e-01,1.344442218542098999e-01,-4.408851638436317444e-02,-2.158688008785247803e-02,-6.547905802726745605e-01,-4.593153595924377441e-01,5.907945632934570312e-01,9.986040592193603516e-01,-1.639964580535888672e-01,-7.080348581075668335e-02,6.356752663850784302e-02
2.104526758193969727e+00,2.502251565456390381e-01,7.372661232948303223e-01,9.918184280395507812e-01,4.584552347660064697e-02,8.114566653966903687e-02,-8.723369240760803223e-02,-4.310616552829742432e-01,1.042610853910446167e-01,3.939749896526336670e-01,7.007544040679931641e-01,-4.236275851726531982e-01,-4.035073518753051758e-02,-7.043864727020263672e-01,-3.057660758495330811e-01,8.799963444471359253e-02,5.426529645919799805e-01,-9.666118421591818333e-04,2.201213240623474121e-01,-6.092545017600059509e-02,5.847231298685073853e-02,5.243381261825561523e-01,-4.724848270416259766e-01,3.984985053539276123e-01,-7.106653451919555664e-01,9.540687203407287598e-01,1.225258782505989075e-01,-3.702655062079429626e-02,-2.316908724606037140e-02,-5.976517796516418457e-01,-4.404742419719696045e-01,5.722282528877258301e-01,9.844943881034851074e-01,-1.639675498008728027e-01,-6.985846161842346191e-02,7.462200522422790527e-02
2.104464054107666016e+00,2.555133700370788574e-01,7.388703823089599609e-01,9.929406642913818359e-01,4.219914972782135010e-02,6.734377890825271606e-02,-8.805018663406372070e-02,-3.963101506233215332e-01,9.725442528724670410e-02,3.914142549037933350e-01,6.899238228797912598e-01,-4.253960251808166504e-01,-3.495963662862777710e-02,-6.566188335418701172e-01,-3.093814551830291748e-01,8.144468814134597778e-02,5.078963041305541992e-01,1.084978971630334854e-02,2.261798977851867676e-01,-6.142366677522659302e-02,4.319060221314430237e-02,5.234103202819824219e-01,-4.404084980487823486e-01,3.950662612915039062e-01,-6.976537704467773438e-01,9.454776644706726074e-01,1.078858152031898499e-01,-3.116415813565254211e-02,-2.136364951729774475e-02,-5.408983230590820312e-01,-4.231886565685272217e-01,5.497317314147949219e-01,9.701863527297973633e-01,-1.556845158338546753e-01,-7.065127789974212646e-02,7.845614850521087646e-02
2.104304075241088867e+00,2.607254683971405029e-01,7.401415705680847168e-01,9.936968684196472168e-01,3.830217942595481873e-02,5.352598801255226135e-02,-9.074371308088302612e-02,-3.622168600559234619e-01,9.310759603977203369e-02,3.913100957870483398e-01,6.838688850402832031e-01,-4.294387698173522949e-01,-2.853570692241191864e-02,-6.109838485717773438e-01,-3.097044825553894043e-01,7.783160358667373657e-02,4.748584330081939697e-01,2.228412404656410217e-02,2.319957017898559570e-01,-5.774654075503349304e-02,3.008780814707279205e-02,5.218343138694763184e-01,-4.078962206840515137e-01,3.946153223514556885e-01,-6.844071149826049805e-01,9.328520298004150391e-01,9.509299695491790771e-02,-2.611227333545684814e-02,-1.913071982562541962e-02,-4.909305870532989502e-01,-4.088106453418731689e-01,5.335573554039001465e-01,9.639053344726562500e-01,-1.477817147970199585e-01,-6.967786699533462524e-02,7.951386272907257080e-02
2.104094505310058594e+00,2.660409808158874512e-01,7.414219379425048828e-01,9.940206408500671387e-01,3.464448079466819763e-02,4.025387763977050781e-02,-9.540662914514541626e-02,-3.282162845134735107e-01,8.990798890590667725e-02,3.947450518608093262e-01,6.768139600753784180e-01,-4.325930178165435791e-01,-2.168499492108821869e-02,-5.674470663070678711e-01,-3.075250089168548584e-01,7.815839350223541260e-02,4.405691623687744141e-01,3.426851704716682434e-02,2.377117425203323364e-01,-5.150241032242774963e-02,1.790889725089073181e-02,5.186666250228881836e-01,-3.747838139533996582e-01,3.956667184829711914e-01,-6.707241535186767578e-01,9.202824831008911133e-01,8.513995260000228882e-02,-2.154457196593284607e-02,-1.832749322056770325e-02,-4.491674005985260010e-01,-3.969489336013793945e-01,5.271739363670349121e-01,9.670590162277221680e-01,-1.453792750835418701e-01,-6.582964211702346802e-02,8.196757733821868896e-02
2.103880405426025391e+00,2.714567780494689941e-01,7.427347302436828613e-01,9.939721822738647461e-01,3.180076926946640015e-02,2.802841737866401672e-02,-1.011058464646339417e-01,-2.949184775352478027e-01,8.595653623342514038e-02,4.017167091369628906e-01,6.665614247322082520e-01,-4.334136843681335449e-01,-1.460890192538499832e-02,-5.260973572731018066e-01,-3.058594763278961182e-01,8.028829097747802734e-02,4.034502804279327393e-01,4.590306803584098816e-02,2.439547926187515259e-01,-4.540577903389930725e-02,5.053067579865455627e-03,5.133499503135681152e-01,-3.430373668670654297e-01,3.970053195953369141e-01,-6.586021780967712402e-01,9.116059541702270508e-01,7.680186629295349121e-02,-1.680989935994148254e-02,-1.806780323386192322e-02,-4.152728617191314697e-01,-3.870064616203308105e-01,5.296367406845092773e-01,9.775129556655883789e-01,-1.504388600587844849e-01,-5.997274816036224365e-02,8.603373914957046509e-02
2.103795528411865234e+00,2.771156728267669678e-01,7.440211176872253418e-01,9.936507940292358398e-01,2.963401935994625092e-02,1.630038954317569733e-02,-1.073042303323745728e-01,-2.617406845092773438e-01,8.084280043840408325e-02,4.107688367366790771e-01,6.533699631690979004e-01,-4.326083064079284668e-01,-6.409299559891223907e-03,-4.897665977478027344e-01,-3.049024045467376709e-01,8.234734088182449341e-02,3.709175884723663330e-01,5.500829964876174927e-02,2.500630319118499756e-01,-4.036244377493858337e-02,-9.107881225645542145e-03,5.059507489204406738e-01,-3.141520917415618896e-01,3.979558944702148438e-01,-6.487957835197448730e-01,9.106898307800292969e-01,7.250690460205078125e-02,-1.163624413311481476e-02,-2.050024829804897308e-02,-3.867386281490325928e-01,-3.779875636100769043e-01,5.354177951812744141e-01,9.914559721946716309e-01,-1.618763357400894165e-01,-5.398017540574073792e-02,9.181759506464004517e-02
2.103851795196533203e+00,2.824261784553527832e-01,7.455966472625732422e-01,9.930580258369445801e-01,2.676652185618877411e-02,6.108738947659730911e-03,-1.143763214349746704e-01,-2.298453748226165771e-01,7.859575003385543823e-02,4.225258827209472656e-01,6.385993957519531250e-01,-4.306808412075042725e-01,-2.311487682163715363e-03,-4.559122622013092041e-01,-3.018264770507812500e-01,8.219151943922042847e-02,3.395009338855743408e-01,6.634254008531570435e-02,2.512809634208679199e-01,-3.644515946507453918e-02,-2.032298780977725983e-02,4.973772764205932617e-01,-2.870349586009979248e-01,4.001127779483795166e-01,-6.461498737335205078e-01,9.122091531753540039e-01,5.890603736042976379e-02,-5.817042198032140732e-03,-2.234353870153427124e-02,-3.620532453060150146e-01,-3.695192337036132812e-01,5.444442629814147949e-01,1.005328893661499023e+00,-1.695649325847625732e-01,-4.764008149504661560e-02,9.741241484880447388e-02
2.103723049163818359e+00,2.868013978004455566e-01,7.474922537803649902e-01,9.926105141639709473e-01,2.298625372350215912e-02,-2.949462272226810455e-03,-1.191105842590332031e-01,-2.020082473754882812e-01,7.664223760366439819e-02,4.297155141830444336e-01,6.273693442344665527e-01,-4.230043888092041016e-01,3.579334123060107231e-03,-4.252718091011047363e-01,-2.945589125156402588e-01,8.775239437818527222e-02,3.129595816135406494e-01,5.934565514326095581e-02,2.540816068649291992e-01,-3.066750243306159973e-02,-2.443222329020500183e-02,4.886050224304199219e-01,-2.839167714118957520e-01,3.988011479377746582e-01,-6.962116360664367676e-01,9.417893886566162109e-01,8.579245209693908691e-02,-3.193913027644157410e-02,6.263601128011941910e-03,-3.289703726768493652e-01,-3.674740195274353027e-01,5.526146888732910156e-01,9.838280677795410156e-01,-1.513442248106002808e-01,-2.062521688640117645e-02,7.955460995435714722e-02
2.103305578231811523e+00,2.892709374427795410e-01,7.497558593750000000e-01,9.921249151229858398e-01,1.811251789331436157e-02,-1.037992443889379501e-02,-1.235002949833869934e-01,-1.750696450471878052e-01,7.606841623783111572e-02,4.318438768386840820e-01,6.100744009017944336e-01,-4.110749065876007080e-01,6.449625361710786819e-03,-4.016134440898895264e-01,-2.779173254966735840e-01,9.576749056577682495e-02,3.020293116569519043e-01,4.156655445694923401e-02,2.531827986240386963e-01,-2.574280276894569397e-02,-2.443940006196498871e-02,4.743069708347320557e-01,-2.842332124710083008e-01,3.944827914237976074e-01,-7.561877369880676270e-01,9.798633456230163574e-01,1.028860062360763550e-01,-6.420183181762695312e-02,4.111054912209510803e-02,-2.935480177402496338e-01,-3.624462187290191650e-01,5.581713914871215820e-01,9.616130590438842773e-01,-1.396934688091278076e-01,6.091695278882980347e-03,5.353536829352378845e-02
2.101891756057739258e+00,2.897275984287261963e-01,7.526664733886718750e-01,9.919410943984985352e-01,1.256313640624284744e-02,-1.675244234502315521e-02,-1.249574869871139526e-01,-1.513767987489700317e-01,7.232841104269027710e-02,4.206401109695434570e-01,5.872457623481750488e-01,-3.971606791019439697e-01,8.614031597971916199e-03,-3.915489912033081055e-01,-2.510504424571990967e-01,1.078811958432197571e-01,3.334470093250274658e-01,8.605722337961196899e-03,2.568180859088897705e-01,-2.653145231306552887e-02,-2.490438334643840790e-02,4.544501602649688721e-01,-2.887890338897705078e-01,3.902812004089355469e-01,-8.320216536521911621e-01,1.031202316284179688e+00,1.161673739552497864e-01,-9.890802949666976929e-02,7.985640317201614380e-02,-2.523316740989685059e-01,-3.531643152236938477e-01,5.609649419784545898e-01,9.366376996040344238e-01,-1.327695548534393311e-01,3.482904285192489624e-02,2.699481137096881866e-02
2.099597454071044922e+00,2.878626585006713867e-01,7.552292346954345703e-01,9.922807812690734863e-01,9.057770483195781708e-03,-2.119393274188041687e-02,-1.218507289886474609e-01,-1.352520585060119629e-01,6.182140856981277466e-02,3.948109447956085205e-01,5.627878904342651367e-01,-3.749967217445373535e-01,7.936173118650913239e-03,-3.823073804378509521e-01,-2.291578203439712524e-01,1.071816459298133850e-01,3.893772363662719727e-01,-2.890951372683048248e-02,2.679395973682403564e-01,-3.257809951901435852e-02,-3.285456821322441101e-02,4.346787333488464355e-01,-3.052011132240295410e-01,3.917914330959320068e-01,-9.238465428352355957e-01,1.091996550559997559e+00,1.309375464916229248e-01,-1.294988244771957397e-01,1.194480806589126587e-01,-2.146195322275161743e-01,-3.399878144264221191e-01,5.604317188262939453e-01,9.147519469261169434e-01,-1.221337318420410156e-01,5.936441570520401001e-02,-6.625584326684474945e-03
2.100146770477294922e+00,2.885710000991821289e-01,7.567643523216247559e-01,9.929160475730895996e-01,7.370716892182826996e-03,-2.502246387302875519e-02,-1.159192919731140137e-01,-1.234122142195701599e-01,5.130840092897415161e-02,3.804482817649841309e-01,5.361162424087524414e-01,-3.606815636157989502e-01,5.688247270882129669e-03,-3.657936155796051025e-01,-2.349391430616378784e-01,4.773440957069396973e-02,4.546938538551330566e-01,-7.951103150844573975e-02,2.731327116489410400e-01,-4.615060985088348389e-02,-4.819079115986824036e-02,4.175269007682800293e-01,-3.073868751525878906e-01,4.068022966384887695e-01,-9.650149345397949219e-01,1.108354330062866211e+00,1.395687311887741089e-01,-1.261740624904632568e-01,1.148436591029167175e-01,-1.800692826509475708e-01,-3.175279498100280762e-01,5.314738154411315918e-01,9.155335426330566406e-01,-1.021816059947013855e-01,5.790154263377189636e-02,-3.093049675226211548e-02
2.099160432815551758e+00,2.891585528850555420e-01,7.587433457374572754e-01,9.932395815849304199e-01,7.108782418072223663e-03,-2.934436313807964325e-02,-1.120873391628265381e-01,-1.090231910347938538e-01,4.059691727161407471e-02,3.670863211154937744e-01,5.146615505218505859e-01,-3.451383411884307861e-01,5.624811630696058273e-03,-3.497914671897888184e-01,-2.440076023340225220e-01,-2.774587599560618401e-03,5.168514251708984375e-01,-1.288615316152572632e-01,2.629984021186828613e-01,-5.508637800812721252e-02,-6.859299540519714355e-02,4.021668732166290283e-01,-3.087115883827209473e-01,4.221852719783782959e-01,-9.897128343582153320e-01,1.123146772384643555e+00,1.248270794749259949e-01,-1.198912709951400757e-01,1.079062670469284058e-01,-1.612035781145095825e-01,-3.021047413349151611e-01,5.251275897026062012e-01,9.268537759780883789e-01,-1.110896468162536621e-01,6.002585217356681824e-02,-4.386393725872039795e-02
2.098021030426025391e+00,2.897091209888458252e-01,7.601300477981567383e-01,9.933951497077941895e-01,7.030615117400884628e-03,-3.236834704875946045e-02,-1.098588630557060242e-01,-1.019341051578521729e-01,3.110143914818763733e-02,3.562488853931427002e-01,4.991277158260345459e-01,-3.322324454784393311e-01,4.377604462206363678e-03,-3.336338400840759277e-01,-2.541424334049224854e-01,-5.088371410965919495e-02,5.588223338127136230e-01,-1.672868281602859497e-01,2.493210434913635254e-01,-6.079702079296112061e-02,-8.619576692581176758e-02,3.890693485736846924e-01,-3.071524202823638916e-01,4.405167400836944580e-01,-1.011342644691467285e+00,1.127132296562194824e+00,1.028861999511718750e-01,-1.115331947803497314e-01,9.752016514539718628e-02,-1.513722091913223267e-01,-2.929791510105133057e-01,5.294266939163208008e-01,9.448447823524475098e-01,-1.386542469263076782e-01,6.426921486854553223e-02,-5.194280296564102173e-02
2.096346855163574219e+00,2.907679378986358643e-01,7.609431743621826172e-01,9.935550093650817871e-01,6.425862200558185577e-03,-3.427535668015480042e-02,-1.078532859683036804e-01,-9.908248484134674072e-02,2.443184144794940948e-02,3.462551534175872803e-01,4.885128140449523926e-01,-3.235479295253753662e-01,8.802674128673970699e-04,-3.166076540946960449e-01,-2.638088166713714600e-01,-9.944833070039749146e-02,5.875148177146911621e-01,-2.011002451181411743e-01,2.350922226905822754e-01,-6.594286113977432251e-02,-9.936892241239547729e-02,3.776314854621887207e-01,-3.044058680534362793e-01,4.585816562175750732e-01,-1.026127099990844727e+00,1.123085498809814453e+00,8.614070713520050049e-02,-1.020582988858222961e-01,8.627738803625106812e-02,-1.453189253807067871e-01,-2.912518978118896484e-01,5.412778258323669434e-01,9.666136503219604492e-01,-1.725036948919296265e-01,7.171878218650817871e-02,-5.470630154013633728e-02
2.094526290893554688e+00,2.917913794517517090e-01,7.614092826843261719e-01,9.937285184860229492e-01,5.385602358728647232e-03,-3.577805310487747192e-02,-1.058044433593750000e-01,-9.656188637018203735e-02,2.011514455080032349e-02,3.376574516296386719e-01,4.802183806896209717e-01,-3.183222115039825439e-01,-3.715677419677376747e-03,-2.980694174766540527e-01,-2.701096832752227783e-01,-1.424991488456726074e-01,6.107260584831237793e-01,-2.348321974277496338e-01,2.215182632207870483e-01,-6.993740051984786987e-02,-1.082265451550483704e-01,3.680469095706939697e-01,-3.014941215515136719e-01,4.727815687656402588e-01,-1.032861709594726562e+00,1.116708517074584961e+00,8.169344067573547363e-02,-9.216877073049545288e-02,7.444954663515090942e-02,-1.408532112836837769e-01,-2.947367727756500244e-01,5.542025566101074219e-01,9.870961904525756836e-01,-1.987577676773071289e-01,8.052075654268264771e-02,-5.189674347639083862e-02
2.092782497406005859e+00,2.929068207740783691e-01,7.617213129997253418e-01,9.939463138580322266e-01,4.739195574074983597e-03,-3.697684407234191895e-02,-1.033485829830169678e-01,-9.297899156808853149e-02,1.542969513684511185e-02,3.301119208335876465e-01,4.709735810756683350e-01,-3.141267001628875732e-01,-7.846444845199584961e-03,-2.780776321887969971e-01,-2.751098573207855225e-01,-1.800190508365631104e-01,6.308861374855041504e-01,-2.667861282825469971e-01,2.106359153985977173e-01,-7.244159281253814697e-02,-1.146445274353027344e-01,3.596042692661285400e-01,-2.997744381427764893e-01,4.816603958606719971e-01,-1.033889174461364746e+00,1.110523581504821777e+00,8.477449417114257812e-02,-8.280187845230102539e-02,6.340997666120529175e-02,-1.358299553394317627e-01,-2.995762825012207031e-01,5.619078874588012695e-01,1.002544164657592773e+00,-2.113802284002304077e-01,8.772688359022140503e-02,-4.678364470601081848e-02
2.091389894485473633e+00,2.939063310623168945e-01,7.620235085487365723e-01,9.942150115966796875e-01,4.745928104966878891e-03,-3.781006857752799988e-02,-1.004209816455841064e-01,-8.892792463302612305e-02,9.569586254656314850e-03,3.234461843967437744e-01,4.601208567619323730e-01,-3.094094693660736084e-01,-1.107752788811922073e-02,-2.580142021179199219e-01,-2.796781957149505615e-01,-2.094630151987075806e-01,6.491844058036804199e-01,-2.958735227584838867e-01,2.009655386209487915e-01,-7.358042895793914795e-02,-1.196937188506126404e-01,3.508119881153106689e-01,-2.988610267639160156e-01,4.858267903327941895e-01,-1.031535863876342773e+00,1.104772448539733887e+00,9.085894376039505005e-02,-7.455899566411972046e-02,5.471280589699745178e-02,-1.294151246547698975e-01,-3.039835393428802490e-01,5.642375946044921875e-01,1.011798143386840820e+00,-2.155103832483291626e-01,9.220439940690994263e-02,-4.111519083380699158e-02
2.090426683425903320e+00,2.944732308387756348e-01,7.624368071556091309e-01,9.944871664047241211e-01,5.095108412206172943e-03,-3.820253908634185791e-02,-9.751876443624496460e-02,-8.543425798416137695e-02,3.318129340186715126e-03,3.167975544929504395e-01,4.488110840320587158e-01,-3.041777610778808594e-01,-1.327260769903659821e-02,-2.373546361923217773e-01,-2.841488420963287354e-01,-2.345555871725082397e-01,6.607336997985839844e-01,-3.182853758335113525e-01,1.937049031257629395e-01,-7.318940013647079468e-02,-1.236239522695541382e-01,3.412376344203948975e-01,-2.973662018775939941e-01,4.867018759250640869e-01,-1.026543021202087402e+00,1.099677205085754395e+00,9.591640532016754150e-02,-6.740580499172210693e-02,4.984650388360023499e-02,-1.226760447025299072e-01,-3.067030906677246094e-01,5.631439685821533203e-01,1.016899347305297852e+00,-2.161357700824737549e-01,9.432344138622283936e-02,-3.622986748814582825e-02
2.089720964431762695e+00,2.945854663848876953e-01,7.629204988479614258e-01,9.947758913040161133e-01,5.523286294192075729e-03,-3.816844895482063293e-02,-9.451743215322494507e-02,-8.227184414863586426e-02,-2.608497859910130501e-03,3.096120655536651611e-01,4.370071887969970703e-01,-2.989340424537658691e-01,-1.540744304656982422e-02,-2.152876853942871094e-01,-2.906770706176757812e-01,-2.627605497837066650e-01,6.672660708427429199e-01,-3.381841480731964111e-01,1.832169890403747559e-01,-7.184746861457824707e-02,-1.267693340778350830e-01,3.305628299713134766e-01,-2.948645949363708496e-01,4.851422905921936035e-01,-1.020853400230407715e+00,1.095168232917785645e+00,1.008226722478866577e-01,-6.084753572940826416e-02,4.688954725861549377e-02,-1.161801144480705261e-01,-3.077434003353118896e-01,5.605519413948059082e-01,1.020107269287109375e+00,-2.164306789636611938e-01,9.529086947441101074e-02,-3.172158822417259216e-02
2.089234113693237305e+00,2.942760884761810303e-01,7.633211016654968262e-01,9.951148629188537598e-01,6.129824090749025345e-03,-3.775980323553085327e-02,-9.101130068302154541e-02,-7.997293025255203247e-02,-8.302534930408000946e-03,3.016991019248962402e-01,4.252507686614990234e-01,-2.935538887977600098e-01,-1.736219599843025208e-02,-1.910060048103332520e-01,-2.984649538993835449e-01,-2.953566312789916992e-01,6.664839386940002441e-01,-3.563529253005981445e-01,1.686113774776458740e-01,-7.001914829015731812e-02,-1.297444701194763184e-01,3.192429244518280029e-01,-2.927649915218353271e-01,4.811821579933166504e-01,-1.016511440277099609e+00,1.091551661491394043e+00,1.073565036058425903e-01,-5.460387840867042542e-02,4.371269419789314270e-02,-1.094372719526290894e-01,-3.074282705783843994e-01,5.583409070968627930e-01,1.021249890327453613e+00,-2.138189077377319336e-01,9.468124806880950928e-02,-2.726663090288639069e-02
2.089140653610229492e+00,2.935004234313964844e-01,7.639238238334655762e-01,9.955217242240905762e-01,6.903524510562419891e-03,-3.676882758736610413e-02,-8.681557327508926392e-02,-7.893037796020507812e-02,-1.435627229511737823e-02,2.919680774211883545e-01,4.129478037357330322e-01,-2.896094918251037598e-01,-2.173140458762645721e-02,-1.641549617052078247e-01,-3.036943376064300537e-01,-3.247166872024536133e-01,6.519257426261901855e-01,-3.712580502033233643e-01,1.543287783861160278e-01,-7.035499811172485352e-02,-1.314422786235809326e-01,3.064026832580566406e-01,-2.897385358810424805e-01,4.754099249839782715e-01,-1.012242197990417480e+00,1.087855100631713867e+00,1.143049374222755432e-01,-4.831736907362937927e-02,4.368766769766807556e-02,-9.986465424299240112e-02,-3.047379851341247559e-01,5.551257729530334473e-01,1.021160125732421875e+00,-2.105299830436706543e-01,8.587797731161117554e-02,-2.301002666354179382e-02
2.088796377182006836e+00,2.923450469970703125e-01,7.641841173171997070e-01,9.958671331405639648e-01,7.344141136854887009e-03,-3.587354347109794617e-02,-8.311336487531661987e-02,-7.876499742269515991e-02,-1.739753223955631256e-02,2.836576104164123535e-01,4.056442081928253174e-01,-2.869682908058166504e-01,-2.565778605639934540e-02,-1.459094285964965820e-01,-3.020620942115783691e-01,-3.408019542694091797e-01,6.272708773612976074e-01,-3.765229284763336182e-01,1.466640233993530273e-01,-6.766443699598312378e-02,-1.329711228609085083e-01,2.923657000064849854e-01,-2.854903340339660645e-01,4.688206315040588379e-01,-1.007310867309570312e+00,1.084530472755432129e+00,1.219799444079399109e-01,-4.351386427879333496e-02,4.283460974693298340e-02,-9.501270949840545654e-02,-3.016470372676849365e-01,5.531175732612609863e-01,1.022082924842834473e+00,-2.083291262388229370e-01,8.290653675794601440e-02,-1.822565309703350067e-02
2.088392972946166992e+00,2.906920313835144043e-01,7.644532918930053711e-01,9.961683750152587891e-01,7.039789110422134399e-03,-3.511039912700653076e-02,-7.978843897581100464e-02,-7.982657104730606079e-02,-1.731902547180652618e-02,2.756706774234771729e-01,4.024032950401306152e-01,-2.861379683017730713e-01,-3.036205470561981201e-02,-1.308285593986511230e-01,-2.970874309539794922e-01,-3.543382287025451660e-01,6.014125347137451172e-01,-3.754369914531707764e-01,1.425180882215499878e-01,-6.316087394952774048e-02,-1.327427029609680176e-01,2.796984910964965820e-01,-2.803096473217010498e-01,4.615247547626495361e-01,-1.002350330352783203e+00,1.081073284149169922e+00,1.277211457490921021e-01,-4.002359136939048767e-02,4.535117372870445251e-02,-9.290443360805511475e-02,-2.985328435897827148e-01,5.534633994102478027e-01,1.024218916893005371e+00,-2.082448005676269531e-01,8.144266158342361450e-02,-1.351892482489347458e-02
2.087965250015258789e+00,2.886633872985839844e-01,7.647412419319152832e-01,9.964321851730346680e-01,6.345313508063554764e-03,-3.455768898129463196e-02,-7.673561573028564453e-02,-8.153950423002243042e-02,-1.550384052097797394e-02,2.677260339260101318e-01,4.018404185771942139e-01,-2.858675122261047363e-01,-3.422590717673301697e-02,-1.181710958480834961e-01,-2.915623486042022705e-01,-3.675647079944610596e-01,5.795076489448547363e-01,-3.725952804088592529e-01,1.399228572845458984e-01,-5.751294270157814026e-02,-1.316197365522384644e-01,2.689850628376007080e-01,-2.736099660396575928e-01,4.543517827987670898e-01,-9.961985945701599121e-01,1.076299548149108887e+00,1.323886662721633911e-01,-3.690693899989128113e-02,4.816650226712226868e-02,-9.337014704942703247e-02,-2.962917387485504150e-01,5.565898418426513672e-01,1.027455449104309082e+00,-2.111086547374725342e-01,8.137758821249008179e-02,-9.998117573559284210e-03
2.087488651275634766e+00,2.864971458911895752e-01,7.650480270385742188e-01,9.966682791709899902e-01,5.523195490241050720e-03,-3.409160673618316650e-02,-7.388909161090850830e-02,-8.362009376287460327e-02,-1.318308711051940918e-02,2.591448724269866943e-01,4.024340808391571045e-01,-2.853301763534545898e-01,-3.669097274541854858e-02,-1.087853163480758667e-01,-2.866173386573791504e-01,-3.798731565475463867e-01,5.641630291938781738e-01,-3.697858452796936035e-01,1.366623938083648682e-01,-5.146916955709457397e-02,-1.297981590032577515e-01,2.600111663341522217e-01,-2.654567360877990723e-01,4.482395052909851074e-01,-9.894112944602966309e-01,1.070138573646545410e+00,1.357283890247344971e-01,-3.474257513880729675e-02,4.956331849098205566e-02,-9.613230079412460327e-02,-2.951343953609466553e-01,5.612862110137939453e-01,1.031168699264526367e+00,-2.141269147396087646e-01,8.161944150924682617e-02,-8.326755836606025696e-03
2.086957454681396484e+00,2.841269671916961670e-01,7.653478384017944336e-01,9.969012141227722168e-01,4.792053718119859695e-03,-3.369386866688728333e-02,-7.092026621103286743e-02,-8.597085624933242798e-02,-1.091582328081130981e-02,2.498810291290283203e-01,4.036300182342529297e-01,-2.844287157058715820e-01,-3.788697719573974609e-02,-1.015687584877014160e-01,-2.820498049259185791e-01,-3.903478384017944336e-01,5.528557896614074707e-01,-3.669856190681457520e-01,1.330902874469757080e-01,-4.579012840986251831e-02,-1.276747435331344604e-01,2.522939741611480713e-01,-2.558495700359344482e-01,4.433737993240356445e-01,-9.825829863548278809e-01,1.064779162406921387e+00,1.374637633562088013e-01,-3.326022624969482422e-02,5.039085075259208679e-02,-1.002301573753356934e-01,-2.949177324771881104e-01,5.655173063278198242e-01,1.034919619560241699e+00,-2.162082195281982422e-01,8.219802379608154297e-02,-8.049945347011089325e-03
2.086435079574584961e+00,2.816280424594879150e-01,7.656592130661010742e-01,9.971343874931335449e-01,4.273247439414262772e-03,-3.334017470479011536e-02,-6.777341663837432861e-02,-8.833909034729003906e-02,-9.028669446706771851e-03,2.401815205812454224e-01,4.046436548233032227e-01,-2.828017175197601318e-01,-3.844991698861122131e-02,-9.588558971881866455e-02,-2.779610455036163330e-01,-3.991395831108093262e-01,5.445425510406494141e-01,-3.649223446846008301e-01,1.290774792432785034e-01,-4.054196923971176147e-02,-1.254968643188476562e-01,2.456921041011810303e-01,-2.456333041191101074e-01,4.396818578243255615e-01,-9.764721393585205078e-01,1.061839699745178223e+00,1.363269835710525513e-01,-3.230605646967887878e-02,5.149169638752937317e-02,-1.047115996479988098e-01,-2.956474125385284424e-01,5.686307549476623535e-01,1.037968754768371582e+00,-2.170053124427795410e-01,8.298693597316741943e-02,-9.082393720746040344e-03
2.086342811584472656e+00,2.783656716346740723e-01,7.659546732902526855e-01,9.973728060722351074e-01,4.056635778397321701e-03,-3.295840322971343994e-02,-6.438010185956954956e-02,-9.097605943679809570e-02,-7.572713308036327362e-03,2.305542081594467163e-01,4.059085249900817871e-01,-2.807707786560058594e-01,-3.829176351428031921e-02,-9.120810031890869141e-02,-2.747387588024139404e-01,-4.070938825607299805e-01,5.384210944175720215e-01,-3.638104498386383057e-01,1.255466789007186890e-01,-3.596969693899154663e-02,-1.233619228005409241e-01,2.404795885086059570e-01,-2.356120496988296509e-01,4.371205866336822510e-01,-9.714110493659973145e-01,1.061707377433776855e+00,1.326367855072021484e-01,-3.143351897597312927e-02,5.348544567823410034e-02,-1.086613163352012634e-01,-2.969602346420288086e-01,5.706143379211425781e-01,1.039805650711059570e+00,-2.148722410202026367e-01,8.366592228412628174e-02,-1.134045422077178955e-02
2.085775613784790039e+00,2.757346630096435547e-01,7.662329077720642090e-01,9.976187944412231445e-01,3.989445045590400696e-03,-3.243928030133247375e-02,-6.073355302214622498e-02,-9.396062791347503662e-02,-6.208511069416999817e-03,2.208148390054702759e-01,4.069630503654479980e-01,-2.780528068542480469e-01,-3.770515322685241699e-02,-8.735163509845733643e-02,-2.719878256320953369e-01,-4.150345325469970703e-01,5.336162447929382324e-01,-3.625358045101165771e-01,1.217851489782333374e-01,-3.182514011859893799e-02,-1.210773065686225891e-01,2.363116592168807983e-01,-2.259169518947601318e-01,4.353291988372802734e-01,-9.663873314857482910e-01,1.064654588699340820e+00,1.264529973268508911e-01,-3.055017441511154175e-02,5.609345436096191406e-02,-1.116364821791648865e-01,-2.980906367301940918e-01,5.715588927268981934e-01,1.040640830993652344e+00,-2.122774124145507812e-01,8.415925502777099609e-02,-1.363531500101089478e-02
2.085046529769897461e+00,2.730692625045776367e-01,7.665838599205017090e-01,9.978585839271545410e-01,4.022527020424604416e-03,-3.176398947834968567e-02,-5.703589320182800293e-02,-9.671904146671295166e-02,-4.976480267941951752e-03,2.110256850719451904e-01,4.065039753913879395e-01,-2.744390666484832764e-01,-3.741222247481346130e-02,-8.386103808879852295e-02,-2.692468166351318359e-01,-4.229980111122131348e-01,5.289274454116821289e-01,-3.602148890495300293e-01,1.180238127708435059e-01,-2.791001647710800171e-02,-1.185237616300582886e-01,2.328483164310455322e-01,-2.162012159824371338e-01,4.340591430664062500e-01,-9.613375663757324219e-01,1.070571660995483398e+00,1.193053871393203735e-01,-2.988785877823829651e-02,5.808881670236587524e-02,-1.138914898037910461e-01,-2.984695434570312500e-01,5.720503926277160645e-01,1.040671348571777344e+00,-2.089295387268066406e-01,8.392270654439926147e-02,-1.565538533031940460e-02
2.084244728088378906e+00,2.703456282615661621e-01,7.670304775238037109e-01,9.980862736701965332e-01,4.350858740508556366e-03,-3.103718906641006470e-02,-5.330552160739898682e-02,-9.852003306150436401e-02,-4.539214540272951126e-03,2.014969885349273682e-01,4.034459590911865234e-01,-2.695309817790985107e-01,-3.770959004759788513e-02,-8.064507693052291870e-02,-2.669828236103057861e-01,-4.307123124599456787e-01,5.243611931800842285e-01,-3.574971854686737061e-01,1.145844608545303345e-01,-2.434550225734710693e-02,-1.160079538822174072e-01,2.299810200929641724e-01,-2.068331539630889893e-01,4.331970810890197754e-01,-9.573589563369750977e-01,1.078786134719848633e+00,1.127207428216934204e-01,-2.900774218142032623e-02,5.849647521972656250e-02,-1.155859157443046570e-01,-2.983357012271881104e-01,5.732908844947814941e-01,1.040084958076477051e+00,-2.060626000165939331e-01,8.302038908004760742e-02,-1.657598838210105896e-02
2.083399295806884766e+00,2.675888240337371826e-01,7.675484418869018555e-01,9.983021616935729980e-01,5.109293386340141296e-03,-3.011296875774860382e-02,-4.959717020392417908e-02,-9.981817752122879028e-02,-5.283383186906576157e-03,1.926077902317047119e-01,3.976105451583862305e-01,-2.627241313457489014e-01,-3.839065507054328918e-02,-7.848401367664337158e-02,-2.657383084297180176e-01,-4.379001855850219727e-01,5.207795500755310059e-01,-3.550505340099334717e-01,1.114991456270217896e-01,-2.121156081557273865e-02,-1.136353388428688049e-01,2.275485843420028687e-01,-1.982971131801605225e-01,4.328394830226898193e-01,-9.541178941726684570e-01,1.087538599967956543e+00,1.083823069930076599e-01,-2.757225185632705688e-02,5.773115530610084534e-02,-1.174730062484741211e-01,-2.979671359062194824e-01,5.761520862579345703e-01,1.039308071136474609e+00,-2.036371231079101562e-01,8.206351101398468018e-02,-1.675016619265079498e-02
2.082476854324340820e+00,2.648866772651672363e-01,7.680838704109191895e-01,9.985001087188720703e-01,6.146669387817382812e-03,-2.900994755327701569e-02,-4.602298885583877563e-02,-1.007754579186439514e-01,-6.825678516179323196e-03,1.842373162508010864e-01,3.896211683750152588e-01,-2.546356916427612305e-01,-3.971086069941520691e-02,-7.742014527320861816e-02,-2.651429176330566406e-01,-4.444441199302673340e-01,5.178432464599609375e-01,-3.530395627021789551e-01,1.089055389165878296e-01,-1.867737621068954468e-02,-1.110285222530364990e-01,2.251809388399124146e-01,-1.905513405799865723e-01,4.330954551696777344e-01,-9.519612789154052734e-01,1.094990372657775879e+00,1.065106838941574097e-01,-2.618866786360740662e-02,5.630149692296981812e-02,-1.192927956581115723e-01,-2.976157069206237793e-01,5.800213813781738281e-01,1.038063049316406250e+00,-2.010365277528762817e-01,8.095463365316390991e-02,-1.673003286123275757e-02
2.081429481506347656e+00,2.621532380580902100e-01,7.686080932617187500e-01,9.986851811408996582e-01,7.367105688899755478e-03,-2.771742455661296844e-02,-4.248938709497451782e-02,-1.018929481506347656e-01,-8.800662122666835785e-03,1.764450073242187500e-01,3.803790807723999023e-01,-2.456913441419601440e-01,-4.141817241907119751e-02,-7.746250182390213013e-02,-2.650371193885803223e-01,-4.507586658000946045e-01,5.155698657035827637e-01,-3.512825667858123779e-01,1.066115200519561768e-01,-1.675392128527164459e-02,-1.080272793769836426e-01,2.227932959794998169e-01,-1.834300160408020020e-01,4.337930083274841309e-01,-9.507062435150146484e-01,1.101016283035278320e+00,1.059703677892684937e-01,-2.524680830538272858e-02,5.496084317564964294e-02,-1.210403740406036377e-01,-2.976500093936920166e-01,5.852256417274475098e-01,1.036732673645019531e+00,-1.984949558973312378e-01,7.938443869352340698e-02,-1.707508228719234467e-02
2.080253839492797852e+00,2.594281136989593506e-01,7.691114544868469238e-01,9.988468885421752930e-01,8.729831315577030182e-03,-2.636631391942501068e-02,-3.915968537330627441e-02,-1.029493883252143860e-01,-1.093532424420118332e-02,1.693829149007797241e-01,3.702619671821594238e-01,-2.361319661140441895e-01,-4.348965361714363098e-02,-7.833796739578247070e-02,-2.654033601284027100e-01,-4.567887783050537109e-01,5.141213536262512207e-01,-3.499347269535064697e-01,1.041508242487907410e-01,-1.546645164489746094e-02,-1.046967804431915283e-01,2.207215726375579834e-01,-1.773553490638732910e-01,4.342055320739746094e-01,-9.493129849433898926e-01,1.105544924736022949e+00,1.066280752420425415e-01,-2.458641119301319122e-02,5.396112799644470215e-02,-1.219257116317749023e-01,-2.979763150215148926e-01,5.911173224449157715e-01,1.035757064819335938e+00,-1.951648443937301636e-01,7.719095796346664429e-02,-1.740214414894580841e-02
2.078955650329589844e+00,2.566866874694824219e-01,7.695831060409545898e-01,9.989818930625915527e-01,1.015208289027214050e-02,-2.507962472736835480e-02,-3.609884530305862427e-02,-1.037725955247879028e-01,-1.262343861162662506e-02,1.631564348936080933e-01,3.602271080017089844e-01,-2.265140861272811890e-01,-4.614803567528724670e-02,-7.903436571359634399e-02,-2.656512558460235596e-01,-4.624586999416351318e-01,5.126208662986755371e-01,-3.491608500480651855e-01,1.017687991261482239e-01,-1.434347499161958694e-02,-1.008800864219665527e-01,2.190279662609100342e-01,-1.720845699310302734e-01,4.341367185115814209e-01,-9.466384053230285645e-01,1.108129978179931641e+00,1.071220114827156067e-01,-2.380414679646492004e-02,5.362357944250106812e-02,-1.221259683370590210e-01,-2.990254759788513184e-01,5.978192687034606934e-01,1.035342931747436523e+00,-1.916619092226028442e-01,7.514784485101699829e-02,-1.737833768129348755e-02
2.077629089355468750e+00,2.540960609912872314e-01,7.699903845787048340e-01,9.990834593772888184e-01,1.156440470367670059e-02,-2.395187318325042725e-02,-3.353879600763320923e-02,-1.040238961577415466e-01,-1.385580655187368393e-02,1.578871309757232666e-01,3.509167730808258057e-01,-2.176007032394409180e-01,-4.900373145937919617e-02,-7.989609241485595703e-02,-2.658028006553649902e-01,-4.668892621994018555e-01,5.118798017501831055e-01,-3.487297296524047852e-01,9.904753416776657104e-02,-1.336430106312036514e-02,-9.670785814523696899e-02,2.174506187438964844e-01,-1.673569530248641968e-01,4.332650303840637207e-01,-9.415632486343383789e-01,1.108648419380187988e+00,1.065334677696228027e-01,-2.288231067359447479e-02,5.360146611928939819e-02,-1.221657246351242065e-01,-3.010570704936981201e-01,6.050950288772583008e-01,1.036297440528869629e+00,-1.891298145055770874e-01,7.346206158399581909e-02,-1.703777909278869629e-02
2.076390027999877930e+00,2.516140043735504150e-01,7.703399062156677246e-01,9.991526007652282715e-01,1.294030994176864624e-02,-2.307344414293766022e-02,-3.153024613857269287e-02,-1.034947410225868225e-01,-1.462554000318050385e-02,1.536272466182708740e-01,3.420751690864562988e-01,-2.094019949436187744e-01,-5.182130262255668640e-02,-8.048477768898010254e-02,-2.655984163284301758e-01,-4.700590670108795166e-01,5.111193656921386719e-01,-3.486864566802978516e-01,9.653152525424957275e-02,-1.237181387841701508e-02,-9.237933158874511719e-02,2.157734036445617676e-01,-1.626923233270645142e-01,4.312820434570312500e-01,-9.351021051406860352e-01,1.107305288314819336e+00,1.045709401369094849e-01,-2.183507755398750305e-02,5.411709472537040710e-02,-1.223354935646057129e-01,-3.038655221462249756e-01,6.119803786277770996e-01,1.039490222930908203e+00,-1.866880655288696289e-01,7.244440913200378418e-02,-1.637544296681880951e-02
2.075298547744750977e+00,2.491571158170700073e-01,7.706240415573120117e-01,9.991945028305053711e-01,1.415895111858844757e-02,-2.248425222933292389e-02,-3.007277660071849823e-02,-1.025553643703460693e-01,-1.480597630143165588e-02,1.498920321464538574e-01,3.343843817710876465e-01,-2.026283293962478638e-01,-5.468591302633285522e-02,-8.034535497426986694e-02,-2.646133303642272949e-01,-4.723617434501647949e-01,5.093899965286254883e-01,-3.487091362476348877e-01,9.457836300134658813e-02,-1.168386917561292648e-02,-8.799057453870773315e-02,2.141171097755432129e-01,-1.579516977071762085e-01,4.281499981880187988e-01,-9.276303052902221680e-01,1.104820728302001953e+00,1.019541099667549133e-01,-2.094282396137714386e-02,5.522766336798667908e-02,-1.225514635443687439e-01,-3.072408139705657959e-01,6.177769899368286133e-01,1.044553279876708984e+00,-1.846302300691604614e-01,7.262583076953887939e-02,-1.526908576488494873e-02
2.074381589889526367e+00,2.467043101787567139e-01,7.709109783172607422e-01,9.992111921310424805e-01,1.511090528219938278e-02,-2.207680232822895050e-02,-2.934642881155014038e-02,-1.011229529976844788e-01,-1.393454149365425110e-02,1.471595913171768188e-01,3.273926973342895508e-01,-1.969712525606155396e-01,-5.799096450209617615e-02,-8.001176267862319946e-02,-2.624801993370056152e-01,-4.738613367080688477e-01,5.066410303115844727e-01,-3.482649028301239014e-01,9.290377050638198853e-02,-1.117653492838144302e-02,-8.326267451047897339e-02,2.122164815664291382e-01,-1.527377814054489136e-01,4.237385094165802002e-01,-9.187317490577697754e-01,1.101593017578125000e+00,9.970582276582717896e-02,-1.989424973726272583e-02,5.642704665660858154e-02,-1.229441016912460327e-01,-3.113407790660858154e-01,6.229417324066162109e-01,1.051105976104736328e+00,-1.830026358366012573e-01,7.368931919336318970e-02,-1.357731316238641739e-02
2.073590755462646484e+00,2.443370819091796875e-01,7.711979150772094727e-01,9.992056488990783691e-01,1.576559059321880341e-02,-2.191475778818130493e-02,-2.931405790150165558e-02,-9.907747805118560791e-02,-1.208261586725711823e-02,1.457350552082061768e-01,3.213101625442504883e-01,-1.924626529216766357e-01,-6.153448298573493958e-02,-7.912362366914749146e-02,-2.591716647148132324e-01,-4.745913147926330566e-01,5.029247999191284180e-01,-3.475078642368316650e-01,9.129289537668228149e-02,-1.095700170844793320e-02,-7.822562009096145630e-02,2.100753039121627808e-01,-1.470946967601776123e-01,4.182710647583007812e-01,-9.089908003807067871e-01,1.097719550132751465e+00,9.817512333393096924e-02,-1.909392513334751129e-02,5.735858902335166931e-02,-1.238638162612915039e-01,-3.161018192768096924e-01,6.269256472587585449e-01,1.058488845825195312e+00,-1.821763813495635986e-01,7.560034841299057007e-02,-1.183241512626409531e-02
2.072886228561401367e+00,2.421249151229858398e-01,7.714277505874633789e-01,9.991719722747802734e-01,1.626735366880893707e-02,-2.195334248244762421e-02,-3.014608472585678101e-02,-9.607257694005966187e-02,-9.560354053974151611e-03,1.463134139776229858e-01,3.152643144130706787e-01,-1.886569112539291382e-01,-6.513806432485580444e-02,-7.798729836940765381e-02,-2.551949918270111084e-01,-4.738611280918121338e-01,4.988254308700561523e-01,-3.467897176742553711e-01,8.993831276893615723e-02,-1.067530829459428787e-02,-7.327297329902648926e-02,2.078374773263931274e-01,-1.416557133197784424e-01,4.117802977561950684e-01,-8.999460339546203613e-01,1.093153238296508789e+00,9.755141288042068481e-02,-1.807057484984397888e-02,5.773653462529182434e-02,-1.252976953983306885e-01,-3.214237391948699951e-01,6.298624277114868164e-01,1.065871477127075195e+00,-1.817379742860794067e-01,7.737416028976440430e-02,-1.079808175563812256e-02
2.072280168533325195e+00,2.402268797159194946e-01,7.716324329376220703e-01,9.991010427474975586e-01,1.658367924392223358e-02,-2.222893014550209045e-02,-3.206090256571769714e-02,-9.206034243106842041e-02,-6.325876340270042419e-03,1.486801654100418091e-01,3.095887303352355957e-01,-1.859064996242523193e-01,-6.842949241399765015e-02,-7.648848742246627808e-02,-2.504058778285980225e-01,-4.716441333293914795e-01,4.941455721855163574e-01,-3.461045622825622559e-01,8.860738575458526611e-02,-1.024569943547248840e-02,-6.839357316493988037e-02,2.054830044507980347e-01,-1.363725066184997559e-01,4.043637514114379883e-01,-8.921395540237426758e-01,1.087624788284301758e+00,9.594187140464782715e-02,-1.680330000817775726e-02,5.843164771795272827e-02,-1.271811127662658691e-01,-3.267757594585418701e-01,6.309340000152587891e-01,1.072079062461853027e+00,-1.810912638902664185e-01,7.906825095415115356e-02,-9.938273578882217407e-03
2.071805477142333984e+00,2.386902123689651489e-01,7.718454003334045410e-01,9.989889264106750488e-01,1.683626137673854828e-02,-2.273734658956527710e-02,-3.493817150592803955e-02,-8.691996335983276367e-02,-2.797694178298115730e-03,1.527229249477386475e-01,3.039526641368865967e-01,-1.840755045413970947e-01,-7.146468013525009155e-02,-7.476457953453063965e-02,-2.453673481941223145e-01,-4.677962660789489746e-01,4.894943535327911377e-01,-3.455863595008850098e-01,8.726073056459426880e-02,-9.979568421840667725e-03,-6.394685804843902588e-02,2.030508071184158325e-01,-1.312569528818130493e-01,3.963354527950286865e-01,-8.859825134277343750e-01,1.081035137176513672e+00,9.336239099502563477e-02,-1.554904598742723465e-02,5.922687798738479614e-02,-1.296258568763732910e-01,-3.318627774715423584e-01,6.300274729728698730e-01,1.076308727264404297e+00,-1.793551743030548096e-01,8.043202757835388184e-02,-9.077118709683418274e-03
2.071486473083496094e+00,2.374009490013122559e-01,7.720333933830261230e-01,9.988279342651367188e-01,1.706062816083431244e-02,-2.347776666283607483e-02,-3.873503580689430237e-02,-8.022366464138031006e-02,8.847610442899167538e-04,1.582827717065811157e-01,2.977045178413391113e-01,-1.830933839082717896e-01,-7.433276623487472534e-02,-7.301794737577438354e-02,-2.401968687772750854e-01,-4.623472392559051514e-01,4.848990142345428467e-01,-3.449741303920745850e-01,8.572605252265930176e-02,-1.000547874718904495e-02,-5.983969196677207947e-02,2.005366832017898560e-01,-1.260198205709457397e-01,3.877592384815216064e-01,-8.814650177955627441e-01,1.073670148849487305e+00,9.048911184072494507e-02,-1.440450083464384079e-02,5.989491939544677734e-02,-1.325995326042175293e-01,-3.364852368831634521e-01,6.256092190742492676e-01,1.078414797782897949e+00,-1.753991097211837769e-01,8.107301592826843262e-02,-8.803395554423332214e-03
2.071268081665039062e+00,2.362907826900482178e-01,7.721816301345825195e-01,9.986292719841003418e-01,1.726811751723289490e-02,-2.433419600129127502e-02,-4.300265386700630188e-02,-7.270302623510360718e-02,4.271584562957286835e-03,1.646444797515869141e-01,2.913680374622344971e-01,-1.824568063020706177e-01,-7.662819325923919678e-02,-7.136084139347076416e-02,-2.352945953607559204e-01,-4.562852084636688232e-01,4.804103672504425049e-01,-3.444988727569580078e-01,8.433426916599273682e-02,-1.077532023191452026e-02,-5.628773570060729980e-02,1.980686038732528687e-01,-1.217209398746490479e-01,3.792085945606231689e-01,-8.798151612281799316e-01,1.066454887390136719e+00,8.821453899145126343e-02,-1.331621501594781876e-02,6.012703850865364075e-02,-1.354774832725524902e-01,-3.401350975036621094e-01,6.170886158943176270e-01,1.077581286430358887e+00,-1.698219925165176392e-01,8.108048886060714722e-02,-1.047537662088871002e-02
2.071103096008300781e+00,2.353225499391555786e-01,7.722965478897094727e-01,9.984112977981567383e-01,1.738017797470092773e-02,-2.513596601784229279e-02,-4.733948409557342529e-02,-6.558496505022048950e-02,7.708475925028324127e-03,1.714483350515365601e-01,2.858362793922424316e-01,-1.822760403156280518e-01,-7.828782498836517334e-02,-6.998085975646972656e-02,-2.306111305952072144e-01,-4.501825273036956787e-01,4.761925935745239258e-01,-3.441173732280731201e-01,8.292193710803985596e-02,-1.242233347147703171e-02,-5.310185998678207397e-02,1.955480575561523438e-01,-1.190951913595199585e-01,3.710644245147705078e-01,-8.810667395591735840e-01,1.059562921524047852e+00,8.723755925893783569e-02,-1.217831764370203018e-02,5.983769148588180542e-02,-1.373900920152664185e-01,-3.423790335655212402e-01,6.049382090568542480e-01,1.074220061302185059e+00,-1.629687994718551636e-01,8.006943762302398682e-02,-1.432740967720746994e-02
2.070948123931884766e+00,2.344766408205032349e-01,7.723939418792724609e-01,9.981909990310668945e-01,1.737427338957786560e-02,-2.584657445549964905e-02,-5.142860114574432373e-02,-5.963380262255668640e-02,1.118741929531097412e-02,1.780251860618591309e-01,2.820495367050170898e-01,-1.828780621290206909e-01,-7.925685495138168335e-02,-6.865431368350982666e-02,-2.261835038661956787e-01,-4.447857439517974854e-01,4.724094867706298828e-01,-3.440493345260620117e-01,8.200790733098983765e-02,-1.463603693991899490e-02,-5.009086430072784424e-02,1.929451376199722290e-01,-1.191528961062431335e-01,3.638049066066741943e-01,-8.845716118812561035e-01,1.053385972976684570e+00,8.760076761245727539e-02,-1.121365744620561600e-02,5.981061607599258423e-02,-1.380298733711242676e-01,-3.429585397243499756e-01,5.915361642837524414e-01,1.070215702056884766e+00,-1.571648269891738892e-01,7.898239791393280029e-02,-1.900560595095157623e-02
2.070800304412841797e+00,2.337824106216430664e-01,7.724643945693969727e-01,9.979777932167053223e-01,1.727755367755889893e-02,-2.649535052478313446e-02,-5.513418093323707581e-02,-5.485709011554718018e-02,1.448908727616071701e-02,1.838168948888778687e-01,2.802872061729431152e-01,-1.840819120407104492e-01,-7.969421148300170898e-02,-6.714981794357299805e-02,-2.222296446561813354e-01,-4.403777420520782471e-01,4.692711234092712402e-01,-3.442338109016418457e-01,8.152461796998977661e-02,-1.717002503573894501e-02,-4.727653414011001587e-02,1.904546469449996948e-01,-1.218287199735641479e-01,3.576030731201171875e-01,-8.886819481849670410e-01,1.048171639442443848e+00,8.922702074050903320e-02,-1.024868153035640717e-02,6.032577157020568848e-02,-1.372645646333694458e-01,-3.418571949005126953e-01,5.796315073966979980e-01,1.066979169845581055e+00,-1.532254070043563843e-01,7.827828824520111084e-02,-2.319588512182235718e-02
2.070673465728759766e+00,2.332554310560226440e-01,7.724877595901489258e-01,9.977690577507019043e-01,1.713933423161506653e-02,-2.713484317064285278e-02,-5.853933095932006836e-02,-5.056126415729522705e-02,1.738581992685794830e-02,1.888092309236526489e-01,2.795726656913757324e-01,-1.855987161397933960e-01,-7.999024540185928345e-02,-6.570982187986373901e-02,-2.187952846288681030e-01,-4.361895918846130371e-01,4.670988917350769043e-01,-3.446759581565856934e-01,8.099340647459030151e-02,-1.953189447522163391e-02,-4.470136761665344238e-02,1.882569193840026855e-01,-1.265662759542465210e-01,3.524881303310394287e-01,-8.912783861160278320e-01,1.043800592422485352e+00,9.047264605760574341e-02,-9.531829506158828735e-03,6.139323115348815918e-02,-1.353026628494262695e-01,-3.391661345958709717e-01,5.705421566963195801e-01,1.065497398376464844e+00,-1.510496586561203003e-01,7.800116389989852905e-02,-2.633807249367237091e-02
2.070552587509155273e+00,2.329258620738983154e-01,7.724789381027221680e-01,9.975615739822387695e-01,1.703765615820884705e-02,-2.779409103095531464e-02,-6.171035021543502808e-02,-4.625352844595909119e-02,1.970072276890277863e-02,1.934191584587097168e-01,2.787453532218933105e-01,-1.871760785579681396e-01,-8.037362247705459595e-02,-6.447816640138626099e-02,-2.160959839820861816e-01,-4.320486187934875488e-01,4.658128321170806885e-01,-3.453857898712158203e-01,8.039987832307815552e-02,-2.175731770694255829e-02,-4.235354065895080566e-02,1.862328499555587769e-01,-1.325251460075378418e-01,3.480482995510101318e-01,-8.917791843414306641e-01,1.040220260620117188e+00,8.990091085433959961e-02,-8.907483890652656555e-03,6.271944195032119751e-02,-1.325014680624008179e-01,-3.351654410362243652e-01,5.641478896141052246e-01,1.065794944763183594e+00,-1.506953388452529907e-01,7.769414782524108887e-02,-2.813625335693359375e-02
2.070400714874267578e+00,2.327565103769302368e-01,7.724625468254089355e-01,9.973630905151367188e-01,1.703346334397792816e-02,-2.850766852498054504e-02,-6.452899426221847534e-02,-4.183096811175346375e-02,2.116186544299125671e-02,1.975621134042739868e-01,2.775466740131378174e-01,-1.886363327503204346e-01,-8.067001402378082275e-02,-6.326886266469955444e-02,-2.142101824283599854e-01,-4.281199276447296143e-01,4.652119874954223633e-01,-3.459536731243133545e-01,7.987387478351593018e-02,-2.408237382769584656e-02,-4.031166806817054749e-02,1.844287216663360596e-01,-1.392339915037155151e-01,3.444083034992218018e-01,-8.905986547470092773e-01,1.037296891212463379e+00,8.813823759555816650e-02,-8.060632273554801941e-03,6.407469511032104492e-02,-1.289400756359100342e-01,-3.301100134849548340e-01,5.603764653205871582e-01,1.067526578903198242e+00,-1.527311801910400391e-01,7.754730433225631714e-02,-2.869558520615100861e-02
2.070208311080932617e+00,2.327565550804138184e-01,7.724519371986389160e-01,9.971810579299926758e-01,1.715717464685440063e-02,-2.922281250357627869e-02,-6.694461405277252197e-02,-3.777765482664108276e-02,2.179849147796630859e-02,2.010689377784729004e-01,2.763097286224365234e-01,-1.896469742059707642e-01,-8.058730512857437134e-02,-6.226100772619247437e-02,-2.131426781415939331e-01,-4.246150851249694824e-01,4.652684032917022705e-01,-3.465313017368316650e-01,7.950966805219650269e-02,-2.649762108922004700e-02,-3.849224373698234558e-02,1.829340308904647827e-01,-1.462482810020446777e-01,3.414189517498016357e-01,-8.880486488342285156e-01,1.034500598907470703e+00,8.544956892728805542e-02,-7.355305366218090057e-03,6.604641675949096680e-02,-1.250963062047958374e-01,-3.245844244956970215e-01,5.584271550178527832e-01,1.070151329040527344e+00,-1.559214890003204346e-01,7.770645618438720703e-02,-2.815199643373489380e-02
2.070030212402343750e+00,2.329242825508117676e-01,7.724355459213256836e-01,9.970049858093261719e-01,1.743602566421031952e-02,-2.989406883716583252e-02,-6.916278600692749023e-02,-3.396232798695564270e-02,2.179551497101783752e-02,2.044591754674911499e-01,2.747434973716735840e-01,-1.901097595691680908e-01,-8.038536459207534790e-02,-6.183901056647300720e-02,-2.128468155860900879e-01,-4.208153486251831055e-01,4.660265445709228516e-01,-3.470979630947113037e-01,7.923895120620727539e-02,-2.893625944852828979e-02,-3.683212026953697205e-02,1.814791709184646606e-01,-1.534876376390457153e-01,3.387426435947418213e-01,-8.849538564682006836e-01,1.031353592872619629e+00,8.240881562232971191e-02,-6.715090479701757431e-03,6.789420545101165771e-02,-1.210505142807960510e-01,-3.192843198776245117e-01,5.589970946311950684e-01,1.073605775833129883e+00,-1.603830456733703613e-01,7.757452875375747681e-02,-2.660386264324188232e-02
2.069901704788208008e+00,2.332245409488677979e-01,7.723927497863769531e-01,9.968324899673461914e-01,1.780149713158607483e-02,-3.050960041582584381e-02,-7.125454396009445190e-02,-3.045291267335414886e-02,2.126283012330532074e-02,2.076354473829269409e-01,2.731028199195861816e-01,-1.901950836181640625e-01,-7.965550571680068970e-02,-6.205704435706138611e-02,-2.131801396608352661e-01,-4.171680808067321777e-01,4.673190712928771973e-01,-3.473447263240814209e-01,7.908647507429122925e-02,-3.115765377879142761e-02,-3.524525091052055359e-02,1.801130622625350952e-01,-1.606411337852478027e-01,3.365702629089355469e-01,-8.818452358245849609e-01,1.028006553649902344e+00,7.970742881298065186e-02,-6.470098625868558884e-03,6.930423527956008911e-02,-1.169933304190635681e-01,-3.148169219493865967e-01,5.611607432365417480e-01,1.077380061149597168e+00,-1.637236177921295166e-01,7.699267566204071045e-02,-2.501687407493591309e-02
2.069784164428710938e+00,2.336686849594116211e-01,7.723348736763000488e-01,9.966562986373901367e-01,1.821262575685977936e-02,-3.106525912880897522e-02,-7.334465533494949341e-02,-2.698014490306377411e-02,2.040521241724491119e-02,2.110550701618194580e-01,2.709574401378631592e-01,-1.899655461311340332e-01,-7.890179008245468140e-02,-6.282375007867813110e-02,-2.138498723506927490e-01,-4.133468568325042725e-01,4.690791070461273193e-01,-3.475454747676849365e-01,7.887562364339828491e-02,-3.326393291354179382e-02,-3.366069123148918152e-02,1.789440661668777466e-01,-1.673802435398101807e-01,3.348749577999114990e-01,-8.799229860305786133e-01,1.024852395057678223e+00,7.807892560958862305e-02,-6.218167953193187714e-03,6.997801363468170166e-02,-1.131728738546371460e-01,-3.113050758838653564e-01,5.646790862083435059e-01,1.081211686134338379e+00,-1.664019674062728882e-01,7.621376216411590576e-02,-2.360237389802932739e-02
2.069652080535888672e+00,2.342286258935928345e-01,7.722634673118591309e-01,9.964838027954101562e-01,1.863080263137817383e-02,-3.150447458028793335e-02,-7.536781579256057739e-02,-2.379386872053146362e-02,1.933893375098705292e-02,2.142674624919891357e-01,2.684079706668853760e-01,-1.894365996122360229e-01,-7.810619473457336426e-02,-6.415044516324996948e-02,-2.146026492118835449e-01,-4.094306826591491699e-01,4.711264371871948242e-01,-3.476482033729553223e-01,7.874150574207305908e-02,-3.512941673398017883e-02,-3.208281472325325012e-02,1.779989749193191528e-01,-1.736464649438858032e-01,3.336151540279388428e-01,-8.794702291488647461e-01,1.022550940513610840e+00,7.804855704307556152e-02,-5.810052622109651566e-03,7.055273652076721191e-02,-1.099098324775695801e-01,-3.086602389812469482e-01,5.684703588485717773e-01,1.084798336029052734e+00,-1.682135462760925293e-01,7.589995861053466797e-02,-2.252535708248615265e-02
2.069486141204833984e+00,2.348445951938629150e-01,7.721841335296630859e-01,9.963300228118896484e-01,1.906041614711284637e-02,-3.182423859834671021e-02,-7.713957875967025757e-02,-2.119641937315464020e-02,1.814734004437923431e-02,2.173347324132919312e-01,2.658956944942474365e-01,-1.888015717267990112e-01,-7.719778269529342651e-02,-6.549112498760223389e-02,-2.154383808374404907e-01,-4.057546555995941162e-01,4.729517400264739990e-01,-3.475844860076904297e-01,7.882597297430038452e-02,-3.664422407746315002e-02,-3.069889359176158905e-02,1.773453056812286377e-01,-1.791348308324813843e-01,3.327256143093109131e-01,-8.810651898384094238e-01,1.021607756614685059e+00,7.930398732423782349e-02,-5.207356996834278107e-03,7.090416550636291504e-02,-1.074953153729438782e-01,-3.067928552627563477e-01,5.728287100791931152e-01,1.087781667709350586e+00,-1.694070696830749512e-01,7.587739825248718262e-02,-2.187612466514110565e-02
2.069275379180908203e+00,2.354595065116882324e-01,7.721319198608398438e-01,9.961970448493957520e-01,1.941270381212234497e-02,-3.204747661948204041e-02,-7.866065204143524170e-02,-1.911299489438533783e-02,1.701428182423114777e-02,2.199297845363616943e-01,2.636782526969909668e-01,-1.882223486900329590e-01,-7.604788243770599365e-02,-6.651070713996887207e-02,-2.161359637975692749e-01,-4.027173519134521484e-01,4.738835096359252930e-01,-3.472855091094970703e-01,7.896356284618377686e-02,-3.784464299678802490e-02,-2.939165383577346802e-02,1.769836992025375366e-01,-1.838959753513336182e-01,3.320484161376953125e-01,-8.837918639183044434e-01,1.022065281867980957e+00,8.151381462812423706e-02,-4.645465873181819916e-03,7.018983364105224609e-02,-1.058461293578147888e-01,-3.054740726947784424e-01,5.773149728775024414e-01,1.090190887451171875e+00,-1.690947860479354858e-01,7.541530579328536987e-02,-2.118503674864768982e-02
2.068970203399658203e+00,2.360392659902572632e-01,7.721435427665710449e-01,9.960778355598449707e-01,1.964585669338703156e-02,-3.213947266340255737e-02,-8.006341010332107544e-02,-1.746246591210365295e-02,1.611773669719696045e-02,2.221235036849975586e-01,2.614241838455200195e-01,-1.875550746917724609e-01,-7.515174895524978638e-02,-6.760941445827484131e-02,-2.165151387453079224e-01,-4.001484215259552002e-01,4.738578796386718750e-01,-3.463855385780334473e-01,7.882621139287948608e-02,-3.876333311200141907e-02,-2.810789272189140320e-02,1.766082793474197388e-01,-1.875975430011749268e-01,3.314523994922637939e-01,-8.867400884628295898e-01,1.023688077926635742e+00,8.405569195747375488e-02,-4.203116986900568008e-03,6.850395351648330688e-02,-1.047108396887779236e-01,-3.043197393417358398e-01,5.818358063697814941e-01,1.092336058616638184e+00,-1.673951894044876099e-01,7.468856871128082275e-02,-2.013356797397136688e-02
2.068554878234863281e+00,2.365925610065460205e-01,7.721870541572570801e-01,9.959829449653625488e-01,1.972905918955802917e-02,-3.206656128168106079e-02,-8.124344050884246826e-02,-1.665417663753032684e-02,1.562731713056564331e-02,2.237388193607330322e-01,2.592584192752838135e-01,-1.866292059421539307e-01,-7.436203956604003906e-02,-6.886050105094909668e-02,-2.165420055389404297e-01,-3.983772695064544678e-01,4.730216264724731445e-01,-3.452005386352539062e-01,7.861441373825073242e-02,-3.948624432086944580e-02,-2.696528472006320953e-02,1.762797981500625610e-01,-1.901685893535614014e-01,3.312256932258605957e-01,-8.901078104972839355e-01,1.025816202163696289e+00,8.628155291080474854e-02,-3.573761321604251862e-03,6.603255867958068848e-02,-1.038794368505477905e-01,-3.033170700073242188e-01,5.863041281700134277e-01,1.093791723251342773e+00,-1.641931384801864624e-01,7.377438247203826904e-02,-1.880889385938644409e-02
2.068027019500732422e+00,2.371162772178649902e-01,7.722571492195129395e-01,9.959200024604797363e-01,1.964757032692432404e-02,-3.175928071141242981e-02,-8.215023577213287354e-02,-1.702644303441047668e-02,1.569554023444652557e-02,2.247559279203414917e-01,2.577121853828430176e-01,-1.854852735996246338e-01,-7.382071763277053833e-02,-7.039288431406021118e-02,-2.160305976867675781e-01,-3.972275853157043457e-01,4.716512262821197510e-01,-3.438283801078796387e-01,7.829307019710540771e-02,-3.981396928429603577e-02,-2.588932029902935028e-02,1.759183704853057861e-01,-1.915633082389831543e-01,3.316413760185241699e-01,-8.932970166206359863e-01,1.028029441833496094e+00,8.753336966037750244e-02,-2.892322605475783348e-03,6.361445039510726929e-02,-1.031577512621879578e-01,-3.023904860019683838e-01,5.911266207695007324e-01,1.094097137451171875e+00,-1.600687354803085327e-01,7.269430160522460938e-02,-1.744659058749675751e-02
2.067366838455200195e+00,2.375642359256744385e-01,7.723598480224609375e-01,9.958925247192382812e-01,1.940261200070381165e-02,-3.124940581619739532e-02,-8.273467421531677246e-02,-1.849760301411151886e-02,1.625320501625537872e-02,2.249502539634704590e-01,2.570993304252624512e-01,-1.842075884342193604e-01,-7.354962825775146484e-02,-7.191009074449539185e-02,-2.149539142847061157e-01,-3.968481719493865967e-01,4.696445167064666748e-01,-3.419808149337768555e-01,7.792155444622039795e-02,-3.978427127003669739e-02,-2.489273622632026672e-02,1.757286638021469116e-01,-1.922452002763748169e-01,3.328430652618408203e-01,-8.968788981437683105e-01,1.030524373054504395e+00,8.895151317119598389e-02,-2.416800940409302711e-03,6.130829825997352600e-02,-1.026513949036598206e-01,-3.012875914573669434e-01,5.964191555976867676e-01,1.093317031860351562e+00,-1.559579819440841675e-01,7.158275693655014038e-02,-1.668492890894412994e-02
2.066604137420654297e+00,2.378958165645599365e-01,7.724736928939819336e-01,9.958892464637756348e-01,1.903587765991687775e-02,-3.066712804138660431e-02,-8.307588845491409302e-02,-2.084872126579284668e-02,1.739083789288997650e-02,2.249426990747451782e-01,2.577132284641265869e-01,-1.834093779325485229e-01,-7.345689088106155396e-02,-7.354168593883514404e-02,-2.135724723339080811e-01,-3.969904184341430664e-01,4.678381979465484619e-01,-3.402373194694519043e-01,7.725914567708969116e-02,-3.938262909650802612e-02,-2.417452819645404816e-02,1.758698374032974243e-01,-1.922509819269180298e-01,3.344672322273254395e-01,-9.000151753425598145e-01,1.033111214637756348e+00,8.987572044134140015e-02,-2.244528383016586304e-03,6.003264337778091431e-02,-1.023444458842277527e-01,-2.998874485492706299e-01,6.023313403129577637e-01,1.091549515724182129e+00,-1.535918265581130981e-01,7.032059133052825928e-02,-1.615876890718936920e-02
2.065693616867065430e+00,2.381790280342102051e-01,7.725597620010375977e-01,9.959092736244201660e-01,1.855732314288616180e-02,-2.996595390141010284e-02,-8.320084214210510254e-02,-2.431943826377391815e-02,1.913090981543064117e-02,2.246022969484329224e-01,2.595012784004211426e-01,-1.830649971961975098e-01,-7.383351773023605347e-02,-7.548426091670989990e-02,-2.118633836507797241e-01,-3.975172340869903564e-01,4.661628305912017822e-01,-3.385480940341949463e-01,7.645354419946670532e-02,-3.873592987656593323e-02,-2.365670166909694672e-02,1.759681552648544312e-01,-1.914723217487335205e-01,3.364820778369903564e-01,-9.032850861549377441e-01,1.035824060440063477e+00,9.008788317441940308e-02,-2.081995597109198570e-03,5.906151980161666870e-02,-1.023690477013587952e-01,-2.980253398418426514e-01,6.086233854293823242e-01,1.089064836502075195e+00,-1.513009220361709595e-01,6.916671246290206909e-02,-1.587536558508872986e-02
2.064780712127685547e+00,2.383542507886886597e-01,7.726143598556518555e-01,9.959567785263061523e-01,1.802439987659454346e-02,-2.926671318709850311e-02,-8.299788087606430054e-02,-2.834894508123397827e-02,2.113889902830123901e-02,2.236866652965545654e-01,2.620911896228790283e-01,-1.829325109720230103e-01,-7.438433915376663208e-02,-7.708609104156494141e-02,-2.099746167659759521e-01,-3.986491560935974121e-01,4.642579853534698486e-01,-3.368153572082519531e-01,7.582238316535949707e-02,-3.801750391721725464e-02,-2.340117469429969788e-02,1.761382222175598145e-01,-1.899026781320571899e-01,3.385389447212219238e-01,-9.065575003623962402e-01,1.038979887962341309e+00,9.020844846963882446e-02,-1.844462123699486256e-03,5.788149684667587280e-02,-1.021704897284507751e-01,-2.958096563816070557e-01,6.147195696830749512e-01,1.086083292961120605e+00,-1.495271772146224976e-01,6.811732798814773560e-02,-1.533311977982521057e-02
2.063901185989379883e+00,2.383625209331512451e-01,7.726612091064453125e-01,9.960381984710693359e-01,1.744190789759159088e-02,-2.858066186308860779e-02,-8.238248527050018311e-02,-3.306982293725013733e-02,2.333059348165988922e-02,2.219547033309936523e-01,2.655568718910217285e-01,-1.829574555158615112e-01,-7.461673766374588013e-02,-7.820508629083633423e-02,-2.079032510519027710e-01,-4.004055261611938477e-01,4.619146883487701416e-01,-3.348530828952789307e-01,7.534971088171005249e-02,-3.727665543556213379e-02,-2.340509369969367981e-02,1.763652414083480835e-01,-1.875948756933212280e-01,3.404120206832885742e-01,-9.093566536903381348e-01,1.042781114578247070e+00,9.042803198099136353e-02,-1.520562916994094849e-03,5.642159283161163330e-02,-1.014256626367568970e-01,-2.930839061737060547e-01,6.202962398529052734e-01,1.082728385925292969e+00,-1.472090184688568115e-01,6.703130900859832764e-02,-1.371999736875295639e-02
2.063122272491455078e+00,2.382842898368835449e-01,7.726985216140747070e-01,9.961476325988769531e-01,1.682409457862377167e-02,-2.789740264415740967e-02,-8.141618221998214722e-02,-3.811149671673774719e-02,2.549764513969421387e-02,2.193929404020309448e-01,2.693377435207366943e-01,-1.831540316343307495e-01,-7.477459311485290527e-02,-7.900559157133102417e-02,-2.056702971458435059e-01,-4.024247527122497559e-01,4.593594074249267578e-01,-3.327013552188873291e-01,7.465829700231552124e-02,-3.651699051260948181e-02,-2.352913282811641693e-02,1.765330135822296143e-01,-1.847098022699356079e-01,3.419873416423797607e-01,-9.110273122787475586e-01,1.046875238418579102e+00,9.149304032325744629e-02,-1.266402425244450569e-03,5.478741228580474854e-02,-1.004077419638633728e-01,-2.898029088973999023e-01,6.248059272766113281e-01,1.079746484756469727e+00,-1.447401493787765503e-01,6.612862646579742432e-02,-1.110025495290756226e-02
2.062434673309326172e+00,2.381576746702194214e-01,7.727340459823608398e-01,9.962797760963439941e-01,1.623146608471870422e-02,-2.715663798153400421e-02,-8.015989512205123901e-02,-4.309131950139999390e-02,2.759256772696971893e-02,2.167923897504806519e-01,2.728359103202819824e-01,-1.832562237977981567e-01,-7.516910135746002197e-02,-7.976832985877990723e-02,-2.035228163003921509e-01,-4.048427939414978027e-01,4.568268358707427979e-01,-3.306495547294616699e-01,7.407689094543457031e-02,-3.578652068972587585e-02,-2.368671633303165436e-02,1.765760779380798340e-01,-1.809124648571014404e-01,3.432140946388244629e-01,-9.115217328071594238e-01,1.050765514373779297e+00,9.247679263353347778e-02,-1.151911681517958641e-03,5.393519252538681030e-02,-9.907303750514984131e-02,-2.860664129257202148e-01,6.286289095878601074e-01,1.077195644378662109e+00,-1.421925425529479980e-01,6.520339846611022949e-02,-8.432557806372642517e-03
2.061772346496582031e+00,2.379865944385528564e-01,7.727516293525695801e-01,9.964119791984558105e-01,1.573454588651657104e-02,-2.633997239172458649e-02,-7.887828350067138672e-02,-4.758499562740325928e-02,2.937780693173408508e-02,2.143863439559936523e-01,2.753529548645019531e-01,-1.830393224954605103e-01,-7.580445706844329834e-02,-8.073939383029937744e-02,-2.014425545930862427e-01,-4.069993495941162109e-01,4.543156325817108154e-01,-3.288222551345825195e-01,7.364033907651901245e-02,-3.465298563241958618e-02,-2.385586313903331757e-02,1.763805449008941650e-01,-1.768275499343872070e-01,3.443066179752349854e-01,-9.113230109214782715e-01,1.054268598556518555e+00,9.292197972536087036e-02,-1.276703784242272377e-03,5.375652387738227844e-02,-9.725414961576461792e-02,-2.823424935340881348e-01,6.319655179977416992e-01,1.074977636337280273e+00,-1.398891061544418335e-01,6.427865475416183472e-02,-6.056485697627067566e-03
2.061147928237915039e+00,2.377796024084091187e-01,7.727708816528320312e-01,9.965180754661560059e-01,1.538015063852071762e-02,-2.551088668406009674e-02,-7.787396013736724854e-02,-5.112754553556442261e-02,3.071697428822517395e-02,2.126305997371673584e-01,2.765526175498962402e-01,-1.821802109479904175e-01,-7.659345120191574097e-02,-8.176999539136886597e-02,-1.995926648378372192e-01,-4.087757170200347900e-01,4.519944489002227783e-01,-3.273049890995025635e-01,7.349574565887451172e-02,-3.307550027966499329e-02,-2.405355125665664673e-02,1.758765429258346558e-01,-1.726371198892593384e-01,3.452995419502258301e-01,-9.102647900581359863e-01,1.057102680206298828e+00,9.363217651844024658e-02,-1.366428681649267673e-03,5.370597541332244873e-02,-9.516548365354537964e-02,-2.790490686893463135e-01,6.342536807060241699e-01,1.073206424713134766e+00,-1.377745717763900757e-01,6.319968402385711670e-02,-4.350187722593545914e-03
2.060521602630615234e+00,2.375885397195816040e-01,7.727999091148376465e-01,9.966040849685668945e-01,1.511060819029808044e-02,-2.467885240912437439e-02,-7.709052413702011108e-02,-5.424511805176734924e-02,3.179170936346054077e-02,2.113607823848724365e-01,2.772350013256072998e-01,-1.813197582960128784e-01,-7.724802196025848389e-02,-8.288145810365676880e-02,-1.979799419641494751e-01,-4.105692207813262939e-01,4.499072134494781494e-01,-3.262605369091033936e-01,7.324986904859542847e-02,-3.115969710052013397e-02,-2.434669807553291321e-02,1.752140074968338013e-01,-1.676382422447204590e-01,3.465796411037445068e-01,-9.077841043472290039e-01,1.059492945671081543e+00,9.426862746477127075e-02,-1.912277773953974247e-03,5.278537422418594360e-02,-9.277925640344619751e-02,-2.761771678924560547e-01,6.354055404663085938e-01,1.071966528892517090e+00,-1.358702629804611206e-01,6.192274764180183411e-02,-3.214349038898944855e-03
2.060019254684448242e+00,2.373457700014114380e-01,7.728157639503479004e-01,9.966802597045898438e-01,1.490473281592130661e-02,-2.391607873141765594e-02,-7.638360559940338135e-02,-5.720310285687446594e-02,3.256532922387123108e-02,2.103359401226043701e-01,2.777775228023529053e-01,-1.806686520576477051e-01,-7.787173241376876831e-02,-8.413670957088470459e-02,-1.969496756792068481e-01,-4.124491810798645020e-01,4.486656785011291504e-01,-3.261544704437255859e-01,7.295489311218261719e-02,-2.941702120006084442e-02,-2.470447681844234467e-02,1.746822297573089600e-01,-1.625252664089202881e-01,3.484620451927185059e-01,-9.048098921775817871e-01,1.061369061470031738e+00,9.448043256998062134e-02,-2.385334810242056847e-03,5.131898820400238037e-02,-9.041438996791839600e-02,-2.741849422454833984e-01,6.358473300933837891e-01,1.071311116218566895e+00,-1.345634609460830688e-01,6.039987131953239441e-02,-3.046615747734904289e-03
2.059650897979736328e+00,2.369876503944396973e-01,7.728225588798522949e-01,9.967348575592041016e-01,1.472943369299173355e-02,-2.336720377206802368e-02,-7.587328553199768066e-02,-5.972728133201599121e-02,3.311122581362724304e-02,2.098674476146697998e-01,2.784515917301177979e-01,-1.803033649921417236e-01,-7.812269777059555054e-02,-8.559221029281616211e-02,-1.964792758226394653e-01,-4.139789342880249023e-01,4.487335085868835449e-01,-3.270219266414642334e-01,7.260429114103317261e-02,-2.767317369580268860e-02,-2.500879764556884766e-02,1.747788041830062866e-01,-1.580461710691452026e-01,3.506782054901123047e-01,-9.017985463142395020e-01,1.062973380088806152e+00,9.483420848846435547e-02,-2.480780938640236855e-03,5.017813295125961304e-02,-8.857536315917968750e-02,-2.734784781932830811e-01,6.367073059082031250e-01,1.070486068725585938e+00,-1.347761750221252441e-01,5.863999575376510620e-02,-3.294372465461492538e-03
2.059265851974487305e+00,2.367216497659683228e-01,7.728310823440551758e-01,9.967458248138427734e-01,1.462661381810903549e-02,-2.305730804800987244e-02,-7.584352791309356689e-02,-6.155155599117279053e-02,3.349982202053070068e-02,2.099608778953552246e-01,2.792880833148956299e-01,-1.800761669874191284e-01,-7.825793325901031494e-02,-8.740215003490447998e-02,-1.963953971862792969e-01,-4.146486818790435791e-01,4.500959217548370361e-01,-3.283563256263732910e-01,7.244374603033065796e-02,-2.585317939519882202e-02,-2.536579780280590057e-02,1.753336489200592041e-01,-1.543157696723937988e-01,3.531139194965362549e-01,-8.988065123558044434e-01,1.064364790916442871e+00,9.531867504119873047e-02,-1.853795372880995274e-03,4.973852261900901794e-02,-8.776053041219711304e-02,-2.737153470516204834e-01,6.379685401916503906e-01,1.069698214530944824e+00,-1.354442983865737915e-01,5.760772153735160828e-02,-3.880968550220131874e-03
2.058745861053466797e+00,2.366239875555038452e-01,7.729154825210571289e-01,9.967179298400878906e-01,1.469891890883445740e-02,-2.283840440213680267e-02,-7.626080513000488281e-02,-6.299081444740295410e-02,3.370626270771026611e-02,2.105581462383270264e-01,2.802838087081909180e-01,-1.799479871988296509e-01,-7.859531790018081665e-02,-8.983284980058670044e-02,-1.964962482452392578e-01,-4.137535989284515381e-01,4.522754251956939697e-01,-3.295383453369140625e-01,7.209884375333786011e-02,-2.386342920362949371e-02,-2.639356628060340881e-02,1.759513467550277710e-01,-1.514433473348617554e-01,3.553083837032318115e-01,-8.942524790763854980e-01,1.066502571105957031e+00,9.310679137706756592e-02,-5.709953838959336281e-04,4.996940866112709045e-02,-8.740286529064178467e-02,-2.747684121131896973e-01,6.383431553840637207e-01,1.068716406822204590e+00,-1.351212561130523682e-01,5.824116244912147522e-02,-5.435211583971977234e-03
