#usda 1.0
(
    defaultPrim = "MultiTerrainMap"
    doc = "Orca RL multi-terrain visual map inspired by mjlab rough terrain presets. 3x3 tiles: flat, random rough, slope, pyramid slope, stairs, waves, obstacles, stepping stones, beams."
    metersPerUnit = 1
    upAxis = "Z"
)

def Xform "MultiTerrainMap"
{
    def Scope "Looks"
    {
        def Material "FlatGreen"
        {
            token outputs:surface.connect = </MultiTerrainMap/Looks/FlatGreen/Shader.outputs:surface>
            def Shader "Shader"
            {
                uniform token info:id = "UsdPreviewSurface"
                color3f inputs:diffuseColor = (0.2200, 0.5000, 0.2800)
                color3f inputs:emissiveColor = (0.0176, 0.0400, 0.0224)
                float inputs:metallic = 0
                float inputs:opacity = 1.000
                float inputs:roughness = 0.7
                int inputs:useSpecularWorkflow = 0
                token outputs:surface
            }
        }
        def Material "RoughOlive"
        {
            token outputs:surface.connect = </MultiTerrainMap/Looks/RoughOlive/Shader.outputs:surface>
            def Shader "Shader"
            {
                uniform token info:id = "UsdPreviewSurface"
                color3f inputs:diffuseColor = (0.4200, 0.4500, 0.2500)
                color3f inputs:emissiveColor = (0.0336, 0.0360, 0.0200)
                float inputs:metallic = 0
                float inputs:opacity = 1.000
                float inputs:roughness = 0.7
                int inputs:useSpecularWorkflow = 0
                token outputs:surface
            }
        }
        def Material "SlopeBlueGray"
        {
            token outputs:surface.connect = </MultiTerrainMap/Looks/SlopeBlueGray/Shader.outputs:surface>
            def Shader "Shader"
            {
                uniform token info:id = "UsdPreviewSurface"
                color3f inputs:diffuseColor = (0.3800, 0.5000, 0.5800)
                color3f inputs:emissiveColor = (0.0304, 0.0400, 0.0464)
                float inputs:metallic = 0
                float inputs:opacity = 1.000
                float inputs:roughness = 0.7
                int inputs:useSpecularWorkflow = 0
                token outputs:surface
            }
        }
        def Material "StairStone"
        {
            token outputs:surface.connect = </MultiTerrainMap/Looks/StairStone/Shader.outputs:surface>
            def Shader "Shader"
            {
                uniform token info:id = "UsdPreviewSurface"
                color3f inputs:diffuseColor = (0.4800, 0.4800, 0.4300)
                color3f inputs:emissiveColor = (0.0384, 0.0384, 0.0344)
                float inputs:metallic = 0
                float inputs:opacity = 1.000
                float inputs:roughness = 0.7
                int inputs:useSpecularWorkflow = 0
                token outputs:surface
            }
        }
        def Material "WaveTeal"
        {
            token outputs:surface.connect = </MultiTerrainMap/Looks/WaveTeal/Shader.outputs:surface>
            def Shader "Shader"
            {
                uniform token info:id = "UsdPreviewSurface"
                color3f inputs:diffuseColor = (0.2000, 0.5500, 0.5200)
                color3f inputs:emissiveColor = (0.0160, 0.0440, 0.0416)
                float inputs:metallic = 0
                float inputs:opacity = 1.000
                float inputs:roughness = 0.7
                int inputs:useSpecularWorkflow = 0
                token outputs:surface
            }
        }
        def Material "ObstacleOchre"
        {
            token outputs:surface.connect = </MultiTerrainMap/Looks/ObstacleOchre/Shader.outputs:surface>
            def Shader "Shader"
            {
                uniform token info:id = "UsdPreviewSurface"
                color3f inputs:diffuseColor = (0.6200, 0.5000, 0.2500)
                color3f inputs:emissiveColor = (0.0496, 0.0400, 0.0200)
                float inputs:metallic = 0
                float inputs:opacity = 1.000
                float inputs:roughness = 0.7
                int inputs:useSpecularWorkflow = 0
                token outputs:surface
            }
        }
        def Material "StoneGray"
        {
            token outputs:surface.connect = </MultiTerrainMap/Looks/StoneGray/Shader.outputs:surface>
            def Shader "Shader"
            {
                uniform token info:id = "UsdPreviewSurface"
                color3f inputs:diffuseColor = (0.5500, 0.5700, 0.5500)
                color3f inputs:emissiveColor = (0.0440, 0.0456, 0.0440)
                float inputs:metallic = 0
                float inputs:opacity = 1.000
                float inputs:roughness = 0.7
                int inputs:useSpecularWorkflow = 0
                token outputs:surface
            }
        }
        def Material "PitFloorDark"
        {
            token outputs:surface.connect = </MultiTerrainMap/Looks/PitFloorDark/Shader.outputs:surface>
            def Shader "Shader"
            {
                uniform token info:id = "UsdPreviewSurface"
                color3f inputs:diffuseColor = (0.1200, 0.1600, 0.1800)
                color3f inputs:emissiveColor = (0.0096, 0.0128, 0.0144)
                float inputs:metallic = 0
                float inputs:opacity = 1.000
                float inputs:roughness = 0.7
                int inputs:useSpecularWorkflow = 0
                token outputs:surface
            }
        }
        def Material "BorderBlack"
        {
            token outputs:surface.connect = </MultiTerrainMap/Looks/BorderBlack/Shader.outputs:surface>
            def Shader "Shader"
            {
                uniform token info:id = "UsdPreviewSurface"
                color3f inputs:diffuseColor = (0.0600, 0.0700, 0.0800)
                color3f inputs:emissiveColor = (0.0048, 0.0056, 0.0064)
                float inputs:metallic = 0
                float inputs:opacity = 1.000
                float inputs:roughness = 0.7
                int inputs:useSpecularWorkflow = 0
                token outputs:surface
            }
        }
    }

    def Mesh "WorldBase" (
        apiSchemas = ["MaterialBindingAPI"]
    )
    {
        string doc = "Thin shared base plate under the terrain tiles."
        uniform token subdivisionScheme = "none"
        point3f[] points = [
            (-14.5000, -14.5000, -0.0800),
            (14.5000, -14.5000, -0.0800),
            (14.5000, 14.5000, -0.0800),
            (-14.5000, 14.5000, -0.0800),
            (-14.5000, -14.5000, 0.0000),
            (14.5000, -14.5000, 0.0000),
            (14.5000, 14.5000, 0.0000),
            (-14.5000, 14.5000, 0.0000),
        ]
        int[] faceVertexCounts = [4, 4, 4, 4, 4, 4]
        int[] faceVertexIndices = [
            0, 1, 2, 3, 4, 7, 6, 5, 0, 4, 5, 1, 1, 5, 6, 2,
            2, 6, 7, 3, 3, 7, 4, 0,
        ]
        float3[] extent = [(-14.5000, -14.5000, -0.0800), (14.5000, 14.5000, 0.0000)]
        rel material:binding = </MultiTerrainMap/Looks/BorderBlack> (
            bindMaterialAs = "weakerThanDescendants"
        )
        uniform token purpose = "default"
    }

    def Mesh "Tile_00_Flat" (
        apiSchemas = ["MaterialBindingAPI"]
    )
    {
        string doc = "Flat warmup tile."
        uniform token subdivisionScheme = "none"
        point3f[] points = [
            (-13.0000, 5.0000, 0.0000),
            (-12.0000, 5.0000, 0.0000),
            (-11.0000, 5.0000, 0.0000),
            (-10.0000, 5.0000, 0.0000),
            (-9.0000, 5.0000, 0.0000),
            (-8.0000, 5.0000, 0.0000),
            (-7.0000, 5.0000, 0.0000),
            (-6.0000, 5.0000, 0.0000),
            (-5.0000, 5.0000, 0.0000),
            (-13.0000, 6.0000, 0.0000),
            (-12.0000, 6.0000, 0.0000),
            (-11.0000, 6.0000, 0.0000),
            (-10.0000, 6.0000, 0.0000),
            (-9.0000, 6.0000, 0.0000),
            (-8.0000, 6.0000, 0.0000),
            (-7.0000, 6.0000, 0.0000),
            (-6.0000, 6.0000, 0.0000),
            (-5.0000, 6.0000, 0.0000),
            (-13.0000, 7.0000, 0.0000),
            (-12.0000, 7.0000, 0.0000),
            (-11.0000, 7.0000, 0.0000),
            (-10.0000, 7.0000, 0.0000),
            (-9.0000, 7.0000, 0.0000),
            (-8.0000, 7.0000, 0.0000),
            (-7.0000, 7.0000, 0.0000),
            (-6.0000, 7.0000, 0.0000),
            (-5.0000, 7.0000, 0.0000),
            (-13.0000, 8.0000, 0.0000),
            (-12.0000, 8.0000, 0.0000),
            (-11.0000, 8.0000, 0.0000),
            (-10.0000, 8.0000, 0.0000),
            (-9.0000, 8.0000, 0.0000),
            (-8.0000, 8.0000, 0.0000),
            (-7.0000, 8.0000, 0.0000),
            (-6.0000, 8.0000, 0.0000),
            (-5.0000, 8.0000, 0.0000),
            (-13.0000, 9.0000, 0.0000),
            (-12.0000, 9.0000, 0.0000),
            (-11.0000, 9.0000, 0.0000),
            (-10.0000, 9.0000, 0.0000),
            (-9.0000, 9.0000, 0.0000),
            (-8.0000, 9.0000, 0.0000),
            (-7.0000, 9.0000, 0.0000),
            (-6.0000, 9.0000, 0.0000),
            (-5.0000, 9.0000, 0.0000),
            (-13.0000, 10.0000, 0.0000),
            (-12.0000, 10.0000, 0.0000),
            (-11.0000, 10.0000, 0.0000),
            (-10.0000, 10.0000, 0.0000),
            (-9.0000, 10.0000, 0.0000),
            (-8.0000, 10.0000, 0.0000),
            (-7.0000, 10.0000, 0.0000),
            (-6.0000, 10.0000, 0.0000),
            (-5.0000, 10.0000, 0.0000),
            (-13.0000, 11.0000, 0.0000),
            (-12.0000, 11.0000, 0.0000),
            (-11.0000, 11.0000, 0.0000),
            (-10.0000, 11.0000, 0.0000),
            (-9.0000, 11.0000, 0.0000),
            (-8.0000, 11.0000, 0.0000),
            (-7.0000, 11.0000, 0.0000),
            (-6.0000, 11.0000, 0.0000),
            (-5.0000, 11.0000, 0.0000),
            (-13.0000, 12.0000, 0.0000),
            (-12.0000, 12.0000, 0.0000),
            (-11.0000, 12.0000, 0.0000),
            (-10.0000, 12.0000, 0.0000),
            (-9.0000, 12.0000, 0.0000),
            (-8.0000, 12.0000, 0.0000),
            (-7.0000, 12.0000, 0.0000),
            (-6.0000, 12.0000, 0.0000),
            (-5.0000, 12.0000, 0.0000),
            (-13.0000, 13.0000, 0.0000),
            (-12.0000, 13.0000, 0.0000),
            (-11.0000, 13.0000, 0.0000),
            (-10.0000, 13.0000, 0.0000),
            (-9.0000, 13.0000, 0.0000),
            (-8.0000, 13.0000, 0.0000),
            (-7.0000, 13.0000, 0.0000),
            (-6.0000, 13.0000, 0.0000),
            (-5.0000, 13.0000, 0.0000),
        ]
        int[] faceVertexCounts = [4, 4, 4, 4, 4, 4, 4, 4, 4, 4, 4, 4, 4, 4, 4, 4, 4, 4, 4, 4, 4, 4, 4, 4, 4, 4, 4, 4, 4, 4, 4, 4, 4, 4, 4, 4, 4, 4, 4, 4, 4, 4, 4, 4, 4, 4, 4, 4, 4, 4, 4, 4, 4, 4, 4, 4, 4, 4, 4, 4, 4, 4, 4, 4]
        int[] faceVertexIndices = [
            0, 1, 10, 9, 1, 2, 11, 10, 2, 3, 12, 11, 3, 4, 13, 12,
            4, 5, 14, 13, 5, 6, 15, 14, 6, 7, 16, 15, 7, 8, 17, 16,
            9, 10, 19, 18, 10, 11, 20, 19, 11, 12, 21, 20, 12, 13, 22, 21,
            13, 14, 23, 22, 14, 15, 24, 23, 15, 16, 25, 24, 16, 17, 26, 25,
            18, 19, 28, 27, 19, 20, 29, 28, 20, 21, 30, 29, 21, 22, 31, 30,
            22, 23, 32, 31, 23, 24, 33, 32, 24, 25, 34, 33, 25, 26, 35, 34,
            27, 28, 37, 36, 28, 29, 38, 37, 29, 30, 39, 38, 30, 31, 40, 39,
            31, 32, 41, 40, 32, 33, 42, 41, 33, 34, 43, 42, 34, 35, 44, 43,
            36, 37, 46, 45, 37, 38, 47, 46, 38, 39, 48, 47, 39, 40, 49, 48,
            40, 41, 50, 49, 41, 42, 51, 50, 42, 43, 52, 51, 43, 44, 53, 52,
            45, 46, 55, 54, 46, 47, 56, 55, 47, 48, 57, 56, 48, 49, 58, 57,
            49, 50, 59, 58, 50, 51, 60, 59, 51, 52, 61, 60, 52, 53, 62, 61,
            54, 55, 64, 63, 55, 56, 65, 64, 56, 57, 66, 65, 57, 58, 67, 66,
            58, 59, 68, 67, 59, 60, 69, 68, 60, 61, 70, 69, 61, 62, 71, 70,
            63, 64, 73, 72, 64, 65, 74, 73, 65, 66, 75, 74, 66, 67, 76, 75,
            67, 68, 77, 76, 68, 69, 78, 77, 69, 70, 79, 78, 70, 71, 80, 79,
        ]
        float3[] extent = [(-13.0000, 5.0000, 0.0000), (-5.0000, 13.0000, 0.0000)]
        rel material:binding = </MultiTerrainMap/Looks/FlatGreen> (
            bindMaterialAs = "weakerThanDescendants"
        )
        uniform token purpose = "default"
    }

    def Mesh "Tile_01_RandomRough" (
        apiSchemas = ["MaterialBindingAPI"]
    )
    {
        string doc = "Random uniform rough heightfield style tile."
        uniform token subdivisionScheme = "none"
        point3f[] points = [
            (-4.0000, 5.0000, -0.0158),
            (-3.6667, 5.0000, -0.0608),
            (-3.3333, 5.0000, 0.0692),
            (-3.0000, 5.0000, -0.0812),
            (-2.6667, 5.0000, 0.0393),
            (-2.3333, 5.0000, -0.0049),
            (-2.0000, 5.0000, -0.0849),
            (-1.6667, 5.0000, 0.0319),
            (-1.3333, 5.0000, -0.0903),
            (-1.0000, 5.0000, 0.0127),
            (-0.6667, 5.0000, -0.0818),
            (-0.3333, 5.0000, -0.0764),
            (0.0000, 5.0000, 0.0104),
            (0.3333, 5.0000, 0.1150),
            (0.6667, 5.0000, -0.0678),
            (1.0000, 5.0000, -0.0420),
            (1.3333, 5.0000, 0.0631),
            (1.6667, 5.0000, 0.1464),
            (2.0000, 5.0000, 0.0500),
            (2.3333, 5.0000, 0.0031),
            (2.6667, 5.0000, 0.1538),
            (3.0000, 5.0000, -0.0879),
            (3.3333, 5.0000, 0.1232),
            (3.6667, 5.0000, -0.0247),
            (4.0000, 5.0000, -0.0625),
            (-4.0000, 5.3333, -0.0694),
            (-3.6667, 5.3333, -0.0198),
            (-3.3333, 5.3333, 0.1122),
            (-3.0000, 5.3333, -0.0530),
            (-2.6667, 5.3333, 0.0512),
            (-2.3333, 5.3333, 0.0661),
            (-2.0000, 5.3333, -0.0032),
            (-1.6667, 5.3333, 0.0424),
            (-1.3333, 5.3333, -0.0837),
            (-1.0000, 5.3333, -0.0845),
            (-0.6667, 5.3333, -0.0465),
            (-0.3333, 5.3333, 0.0769),
            (0.0000, 5.3333, 0.0112),
            (0.3333, 5.3333, -0.0183),
            (0.6667, 5.3333, 0.0522),
            (1.0000, 5.3333, 0.0178),
            (1.3333, 5.3333, -0.0221),
            (1.6667, 5.3333, 0.1065),
            (2.0000, 5.3333, 0.0817),
            (2.3333, 5.3333, -0.0365),
            (2.6667, 5.3333, 0.0494),
            (3.0000, 5.3333, 0.0366),
            (3.3333, 5.3333, 0.1275),
            (3.6667, 5.3333, 0.0897),
            (4.0000, 5.3333, -0.0251),
            (-4.0000, 5.6667, 0.1548),
            (-3.6667, 5.6667, -0.0693),
            (-3.3333, 5.6667, 0.0087),
            (-3.0000, 5.6667, 0.0969),
            (-2.6667, 5.6667, -0.0605),
            (-2.3333, 5.6667, 0.0271),
            (-2.0000, 5.6667, -0.0898),
            (-1.6667, 5.6667, 0.0737),
            (-1.3333, 5.6667, 0.0988),
            (-1.0000, 5.6667, 0.0490),
            (-0.6667, 5.6667, 0.1276),
            (-0.3333, 5.6667, -0.0184),
            (0.0000, 5.6667, 0.0808),
            (0.3333, 5.6667, 0.0545),
            (0.6667, 5.6667, 0.0508),
            (1.0000, 5.6667, 0.0186),
            (1.3333, 5.6667, 0.1184),
            (1.6667, 5.6667, 0.1456),
            (2.0000, 5.6667, 0.0233),
            (2.3333, 5.6667, 0.0727),
            (2.6667, 5.6667, -0.0842),
            (3.0000, 5.6667, 0.0824),
            (3.3333, 5.6667, 0.0683),
            (3.6667, 5.6667, 0.1582),
            (4.0000, 5.6667, 0.1137),
            (-4.0000, 6.0000, -0.0260),
            (-3.6667, 6.0000, 0.0003),
            (-3.3333, 6.0000, 0.0738),
            (-3.0000, 6.0000, -0.0941),
            (-2.6667, 6.0000, 0.0200),
            (-2.3333, 6.0000, -0.0563),
            (-2.0000, 6.0000, -0.0696),
            (-1.6667, 6.0000, -0.0847),
            (-1.3333, 6.0000, 0.0997),
            (-1.0000, 6.0000, -0.0664),
            (-0.6667, 6.0000, -0.0356),
            (-0.3333, 6.0000, 0.0016),
            (0.0000, 6.0000, 0.1266),
            (0.3333, 6.0000, -0.0790),
            (0.6667, 6.0000, 0.0168),
            (1.0000, 6.0000, 0.0429),
            (1.3333, 6.0000, 0.1297),
            (1.6667, 6.0000, 0.1130),
            (2.0000, 6.0000, 0.1246),
            (2.3333, 6.0000, -0.0276),
            (2.6667, 6.0000, 0.0080),
            (3.0000, 6.0000, -0.0067),
            (3.3333, 6.0000, 0.1299),
            (3.6667, 6.0000, 0.1490),
            (4.0000, 6.0000, -0.0608),
            (-4.0000, 6.3333, -0.0542),
            (-3.6667, 6.3333, -0.0397),
            (-3.3333, 6.3333, -0.0393),
            (-3.0000, 6.3333, 0.0261),
            (-2.6667, 6.3333, 0.0532),
            (-2.3333, 6.3333, -0.0317),
            (-2.0000, 6.3333, -0.0989),
            (-1.6667, 6.3333, 0.0089),
            (-1.3333, 6.3333, -0.0040),
            (-1.0000, 6.3333, 0.0472),
            (-0.6667, 6.3333, 0.1478),
            (-0.3333, 6.3333, 0.0795),
            (0.0000, 6.3333, 0.0340),
            (0.3333, 6.3333, 0.0606),
            (0.6667, 6.3333, 0.0758),
            (1.0000, 6.3333, -0.0860),
            (1.3333, 6.3333, 0.1339),
            (1.6667, 6.3333, 0.1028),
            (2.0000, 6.3333, 0.1274),
            (2.3333, 6.3333, 0.1074),
            (2.6667, 6.3333, 0.0020),
            (3.0000, 6.3333, 0.0037),
            (3.3333, 6.3333, -0.0731),
            (3.6667, 6.3333, 0.0649),
            (4.0000, 6.3333, -0.0838),
            (-4.0000, 6.6667, -0.0825),
            (-3.6667, 6.6667, -0.0457),
            (-3.3333, 6.6667, -0.0578),
            (-3.0000, 6.6667, -0.0116),
            (-2.6667, 6.6667, -0.0863),
            (-2.3333, 6.6667, -0.0999),
            (-2.0000, 6.6667, -0.0607),
            (-1.6667, 6.6667, -0.0736),
            (-1.3333, 6.6667, -0.0055),
            (-1.0000, 6.6667, -0.0934),
            (-0.6667, 6.6667, 0.1273),
            (-0.3333, 6.6667, 0.0597),
            (0.0000, 6.6667, -0.0614),
            (0.3333, 6.6667, -0.0344),
            (0.6667, 6.6667, -0.0097),
            (1.0000, 6.6667, -0.0053),
            (1.3333, 6.6667, -0.0681),
            (1.6667, 6.6667, 0.1207),
            (2.0000, 6.6667, 0.1582),
            (2.3333, 6.6667, 0.0212),
            (2.6667, 6.6667, 0.0258),
            (3.0000, 6.6667, -0.0777),
            (3.3333, 6.6667, -0.0734),
            (3.6667, 6.6667, -0.0109),
            (4.0000, 6.6667, -0.0312),
            (-4.0000, 7.0000, 0.1155),
            (-3.6667, 7.0000, -0.0580),
            (-3.3333, 7.0000, -0.0940),
            (-3.0000, 7.0000, 0.1473),
            (-2.6667, 7.0000, 0.0373),
            (-2.3333, 7.0000, -0.0619),
            (-2.0000, 7.0000, 0.0412),
            (-1.6667, 7.0000, -0.0930),
            (-1.3333, 7.0000, 0.0373),
            (-1.0000, 7.0000, 0.1544),
            (-0.6667, 7.0000, 0.1245),
            (-0.3333, 7.0000, 0.0810),
            (0.0000, 7.0000, -0.0321),
            (0.3333, 7.0000, -0.0047),
            (0.6667, 7.0000, -0.0566),
            (1.0000, 7.0000, 0.1007),
            (1.3333, 7.0000, 0.0385),
            (1.6667, 7.0000, 0.1026),
            (2.0000, 7.0000, -0.0143),
            (2.3333, 7.0000, -0.0420),
            (2.6667, 7.0000, 0.1110),
            (3.0000, 7.0000, 0.1561),
            (3.3333, 7.0000, 0.1217),
            (3.6667, 7.0000, 0.1096),
            (4.0000, 7.0000, 0.1128),
            (-4.0000, 7.3333, 0.0924),
            (-3.6667, 7.3333, -0.0410),
            (-3.3333, 7.3333, 0.0346),
            (-3.0000, 7.3333, -0.0076),
            (-2.6667, 7.3333, -0.0925),
            (-2.3333, 7.3333, -0.0927),
            (-2.0000, 7.3333, -0.0274),
            (-1.6667, 7.3333, -0.0326),
            (-1.3333, 7.3333, 0.0801),
            (-1.0000, 7.3333, 0.1487),
            (-0.6667, 7.3333, 0.0163),
            (-0.3333, 7.3333, 0.1436),
            (0.0000, 7.3333, 0.1569),
            (0.3333, 7.3333, 0.1483),
            (0.6667, 7.3333, -0.0052),
            (1.0000, 7.3333, -0.0427),
            (1.3333, 7.3333, -0.0410),
            (1.6667, 7.3333, -0.0489),
            (2.0000, 7.3333, -0.0469),
            (2.3333, 7.3333, 0.0623),
            (2.6667, 7.3333, 0.1341),
            (3.0000, 7.3333, 0.1185),
            (3.3333, 7.3333, 0.0247),
            (3.6667, 7.3333, 0.0698),
            (4.0000, 7.3333, 0.1079),
            (-4.0000, 7.6667, -0.0780),
            (-3.6667, 7.6667, 0.0718),
            (-3.3333, 7.6667, 0.1365),
            (-3.0000, 7.6667, 0.1034),
            (-2.6667, 7.6667, 0.0950),
            (-2.3333, 7.6667, 0.0243),
            (-2.0000, 7.6667, -0.0536),
            (-1.6667, 7.6667, 0.1052),
            (-1.3333, 7.6667, -0.0135),
            (-1.0000, 7.6667, 0.1082),
            (-0.6667, 7.6667, 0.1526),
            (-0.3333, 7.6667, 0.0029),
            (0.0000, 7.6667, 0.0044),
            (0.3333, 7.6667, 0.1462),
            (0.6667, 7.6667, 0.0884),
            (1.0000, 7.6667, -0.0558),
            (1.3333, 7.6667, -0.0670),
            (1.6667, 7.6667, -0.0607),
            (2.0000, 7.6667, 0.1353),
            (2.3333, 7.6667, 0.1097),
            (2.6667, 7.6667, -0.0620),
            (3.0000, 7.6667, 0.1149),
            (3.3333, 7.6667, 0.1549),
            (3.6667, 7.6667, 0.0709),
            (4.0000, 7.6667, -0.0089),
            (-4.0000, 8.0000, 0.0427),
            (-3.6667, 8.0000, -0.0659),
            (-3.3333, 8.0000, -0.0963),
            (-3.0000, 8.0000, 0.1524),
            (-2.6667, 8.0000, 0.0689),
            (-2.3333, 8.0000, 0.0369),
            (-2.0000, 8.0000, 0.1427),
            (-1.6667, 8.0000, 0.0128),
            (-1.3333, 8.0000, 0.1267),
            (-1.0000, 8.0000, 0.1148),
            (-0.6667, 8.0000, -0.0451),
            (-0.3333, 8.0000, -0.0345),
            (0.0000, 8.0000, -0.0238),
            (0.3333, 8.0000, -0.0375),
            (0.6667, 8.0000, 0.0525),
            (1.0000, 8.0000, -0.0326),
            (1.3333, 8.0000, 0.0089),
            (1.6667, 8.0000, -0.0659),
            (2.0000, 8.0000, 0.1366),
            (2.3333, 8.0000, -0.0080),
            (2.6667, 8.0000, 0.0191),
            (3.0000, 8.0000, 0.0517),
            (3.3333, 8.0000, 0.1351),
            (3.6667, 8.0000, 0.0094),
            (4.0000, 8.0000, 0.1386),
            (-4.0000, 8.3333, 0.0304),
            (-3.6667, 8.3333, 0.0383),
            (-3.3333, 8.3333, 0.0361),
            (-3.0000, 8.3333, -0.0951),
            (-2.6667, 8.3333, 0.0144),
            (-2.3333, 8.3333, -0.0524),
            (-2.0000, 8.3333, -0.0990),
            (-1.6667, 8.3333, 0.1078),
            (-1.3333, 8.3333, -0.0552),
            (-1.0000, 8.3333, 0.0231),
            (-0.6667, 8.3333, 0.0886),
            (-0.3333, 8.3333, 0.0447),
            (0.0000, 8.3333, -0.0152),
            (0.3333, 8.3333, 0.0348),
            (0.6667, 8.3333, 0.0444),
            (1.0000, 8.3333, 0.1039),
            (1.3333, 8.3333, -0.0724),
            (1.6667, 8.3333, 0.0457),
            (2.0000, 8.3333, -0.0354),
            (2.3333, 8.3333, -0.0280),
            (2.6667, 8.3333, 0.1008),
            (3.0000, 8.3333, 0.0320),
            (3.3333, 8.3333, 0.0460),
            (3.6667, 8.3333, 0.0976),
            (4.0000, 8.3333, 0.1372),
            (-4.0000, 8.6667, 0.0152),
            (-3.6667, 8.6667, 0.0593),
            (-3.3333, 8.6667, 0.0314),
            (-3.0000, 8.6667, 0.0332),
            (-2.6667, 8.6667, 0.0801),
            (-2.3333, 8.6667, 0.0176),
            (-2.0000, 8.6667, 0.0387),
            (-1.6667, 8.6667, 0.0243),
            (-1.3333, 8.6667, 0.1448),
            (-1.0000, 8.6667, 0.0818),
            (-0.6667, 8.6667, 0.1279),
            (-0.3333, 8.6667, 0.1450),
            (0.0000, 8.6667, -0.0325),
            (0.3333, 8.6667, 0.0455),
            (0.6667, 8.6667, 0.1452),
            (1.0000, 8.6667, 0.1184),
            (1.3333, 8.6667, -0.0643),
            (1.6667, 8.6667, -0.0684),
            (2.0000, 8.6667, 0.0150),
            (2.3333, 8.6667, -0.0811),
            (2.6667, 8.6667, -0.0374),
            (3.0000, 8.6667, -0.0810),
            (3.3333, 8.6667, 0.0741),
            (3.6667, 8.6667, 0.1038),
            (4.0000, 8.6667, 0.1332),
            (-4.0000, 9.0000, -0.0598),
            (-3.6667, 9.0000, 0.0862),
            (-3.3333, 9.0000, 0.0717),
            (-3.0000, 9.0000, -0.0628),
            (-2.6667, 9.0000, 0.1295),
            (-2.3333, 9.0000, 0.1516),
            (-2.0000, 9.0000, -0.0429),
            (-1.6667, 9.0000, 0.1477),
            (-1.3333, 9.0000, 0.0035),
            (-1.0000, 9.0000, 0.0267),
            (-0.6667, 9.0000, 0.1574),
            (-0.3333, 9.0000, 0.1164),
            (0.0000, 9.0000, -0.0580),
            (0.3333, 9.0000, 0.0122),
            (0.6667, 9.0000, 0.0341),
            (1.0000, 9.0000, -0.0118),
            (1.3333, 9.0000, -0.0491),
            (1.6667, 9.0000, -0.0172),
            (2.0000, 9.0000, 0.0878),
            (2.3333, 9.0000, -0.0949),
            (2.6667, 9.0000, 0.0441),
            (3.0000, 9.0000, 0.0145),
            (3.3333, 9.0000, -0.0953),
            (3.6667, 9.0000, -0.0138),
            (4.0000, 9.0000, 0.0622),
            (-4.0000, 9.3333, 0.0332),
            (-3.6667, 9.3333, -0.0833),
            (-3.3333, 9.3333, 0.1561),
            (-3.0000, 9.3333, 0.1050),
            (-2.6667, 9.3333, 0.1526),
            (-2.3333, 9.3333, -0.0728),
            (-2.0000, 9.3333, -0.0310),
            (-1.6667, 9.3333, -0.0897),
            (-1.3333, 9.3333, 0.1025),
            (-1.0000, 9.3333, -0.0297),
            (-0.6667, 9.3333, -0.0663),
            (-0.3333, 9.3333, 0.0098),
            (0.0000, 9.3333, 0.1370),
            (0.3333, 9.3333, 0.1129),
            (0.6667, 9.3333, -0.0328),
            (1.0000, 9.3333, -0.0612),
            (1.3333, 9.3333, 0.1390),
            (1.6667, 9.3333, 0.0484),
            (2.0000, 9.3333, 0.0821),
            (2.3333, 9.3333, -0.0767),
            (2.6667, 9.3333, -0.0850),
            (3.0000, 9.3333, 0.0789),
            (3.3333, 9.3333, 0.0106),
            (3.6667, 9.3333, -0.0812),
            (4.0000, 9.3333, 0.1440),
            (-4.0000, 9.6667, 0.0650),
            (-3.6667, 9.6667, 0.1084),
            (-3.3333, 9.6667, -0.0782),
            (-3.0000, 9.6667, 0.1226),
            (-2.6667, 9.6667, -0.0827),
            (-2.3333, 9.6667, 0.1243),
            (-2.0000, 9.6667, 0.0180),
            (-1.6667, 9.6667, -0.0118),
            (-1.3333, 9.6667, 0.0438),
            (-1.0000, 9.6667, 0.1409),
            (-0.6667, 9.6667, -0.0304),
            (-0.3333, 9.6667, -0.0664),
            (0.0000, 9.6667, 0.0370),
            (0.3333, 9.6667, -0.0380),
            (0.6667, 9.6667, -0.0715),
            (1.0000, 9.6667, -0.0580),
            (1.3333, 9.6667, -0.0869),
            (1.6667, 9.6667, -0.0475),
            (2.0000, 9.6667, -0.0189),
            (2.3333, 9.6667, -0.0207),
            (2.6667, 9.6667, 0.0975),
            (3.0000, 9.6667, -0.0246),
            (3.3333, 9.6667, 0.0300),
            (3.6667, 9.6667, -0.0537),
            (4.0000, 9.6667, -0.0098),
            (-4.0000, 10.0000, -0.0953),
            (-3.6667, 10.0000, -0.0349),
            (-3.3333, 10.0000, -0.0960),
            (-3.0000, 10.0000, 0.0906),
            (-2.6667, 10.0000, 0.0433),
            (-2.3333, 10.0000, -0.0507),
            (-2.0000, 10.0000, 0.0234),
            (-1.6667, 10.0000, 0.1430),
            (-1.3333, 10.0000, -0.0724),
            (-1.0000, 10.0000, 0.1129),
            (-0.6667, 10.0000, 0.0124),
            (-0.3333, 10.0000, 0.0287),
            (0.0000, 10.0000, 0.1170),
            (0.3333, 10.0000, 0.0022),
            (0.6667, 10.0000, 0.0317),
            (1.0000, 10.0000, 0.0788),
            (1.3333, 10.0000, 0.1554),
            (1.6667, 10.0000, -0.0109),
            (2.0000, 10.0000, 0.1164),
            (2.3333, 10.0000, 0.0837),
            (2.6667, 10.0000, 0.0654),
            (3.0000, 10.0000, 0.0052),
            (3.3333, 10.0000, -0.0096),
            (3.6667, 10.0000, -0.0859),
            (4.0000, 10.0000, -0.0662),
            (-4.0000, 10.3333, -0.0816),
            (-3.6667, 10.3333, 0.0926),
            (-3.3333, 10.3333, -0.0335),
            (-3.0000, 10.3333, -0.0576),
            (-2.6667, 10.3333, -0.0780),
            (-2.3333, 10.3333, 0.1187),
            (-2.0000, 10.3333, 0.1263),
            (-1.6667, 10.3333, 0.0743),
            (-1.3333, 10.3333, -0.0267),
            (-1.0000, 10.3333, -0.0370),
            (-0.6667, 10.3333, -0.0238),
            (-0.3333, 10.3333, 0.0195),
            (0.0000, 10.3333, -0.0590),
            (0.3333, 10.3333, 0.0159),
            (0.6667, 10.3333, -0.0316),
            (1.0000, 10.3333, 0.1501),
            (1.3333, 10.3333, 0.1529),
            (1.6667, 10.3333, 0.0422),
            (2.0000, 10.3333, -0.0364),
            (2.3333, 10.3333, 0.1511),
            (2.6667, 10.3333, -0.0195),
            (3.0000, 10.3333, -0.0073),
            (3.3333, 10.3333, -0.0997),
            (3.6667, 10.3333, -0.0008),
            (4.0000, 10.3333, 0.0234),
            (-4.0000, 10.6667, 0.0307),
            (-3.6667, 10.6667, -0.0477),
            (-3.3333, 10.6667, 0.0312),
            (-3.0000, 10.6667, -0.0987),
            (-2.6667, 10.6667, -0.0313),
            (-2.3333, 10.6667, -0.0767),
            (-2.0000, 10.6667, 0.0039),
            (-1.6667, 10.6667, -0.0892),
            (-1.3333, 10.6667, -0.0942),
            (-1.0000, 10.6667, -0.0209),
            (-0.6667, 10.6667, -0.0395),
            (-0.3333, 10.6667, 0.0523),
            (0.0000, 10.6667, 0.0376),
            (0.3333, 10.6667, 0.0951),
            (0.6667, 10.6667, 0.0710),
            (1.0000, 10.6667, 0.0862),
            (1.3333, 10.6667, 0.1286),
            (1.6667, 10.6667, 0.0013),
            (2.0000, 10.6667, -0.0152),
            (2.3333, 10.6667, 0.1560),
            (2.6667, 10.6667, -0.0611),
            (3.0000, 10.6667, 0.0883),
            (3.3333, 10.6667, 0.0672),
            (3.6667, 10.6667, -0.0886),
            (4.0000, 10.6667, 0.1172),
            (-4.0000, 11.0000, 0.1319),
            (-3.6667, 11.0000, 0.0631),
            (-3.3333, 11.0000, 0.0908),
            (-3.0000, 11.0000, 0.1112),
            (-2.6667, 11.0000, -0.0638),
            (-2.3333, 11.0000, 0.0362),
            (-2.0000, 11.0000, 0.0311),
            (-1.6667, 11.0000, 0.1171),
            (-1.3333, 11.0000, 0.1092),
            (-1.0000, 11.0000, 0.1149),
            (-0.6667, 11.0000, 0.0519),
            (-0.3333, 11.0000, 0.1321),
            (0.0000, 11.0000, 0.0776),
            (0.3333, 11.0000, 0.0803),
            (0.6667, 11.0000, -0.0402),
            (1.0000, 11.0000, -0.0919),
            (1.3333, 11.0000, -0.0654),
            (1.6667, 11.0000, -0.0062),
            (2.0000, 11.0000, -0.0727),
            (2.3333, 11.0000, 0.1173),
            (2.6667, 11.0000, 0.0452),
            (3.0000, 11.0000, 0.0632),
            (3.3333, 11.0000, 0.0628),
            (3.6667, 11.0000, 0.0770),
            (4.0000, 11.0000, 0.0272),
            (-4.0000, 11.3333, -0.0991),
            (-3.6667, 11.3333, 0.1074),
            (-3.3333, 11.3333, 0.0945),
            (-3.0000, 11.3333, 0.0308),
            (-2.6667, 11.3333, 0.0392),
            (-2.3333, 11.3333, 0.0714),
            (-2.0000, 11.3333, -0.0828),
            (-1.6667, 11.3333, 0.0916),
            (-1.3333, 11.3333, -0.0344),
            (-1.0000, 11.3333, -0.0806),
            (-0.6667, 11.3333, -0.0310),
            (-0.3333, 11.3333, 0.0896),
            (0.0000, 11.3333, -0.0466),
            (0.3333, 11.3333, 0.0924),
            (0.6667, 11.3333, 0.1537),
            (1.0000, 11.3333, 0.0284),
            (1.3333, 11.3333, -0.0005),
            (1.6667, 11.3333, 0.0245),
            (2.0000, 11.3333, 0.0778),
            (2.3333, 11.3333, 0.0994),
            (2.6667, 11.3333, 0.0604),
            (3.0000, 11.3333, 0.0671),
            (3.3333, 11.3333, -0.0799),
            (3.6667, 11.3333, -0.0617),
            (4.0000, 11.3333, -0.0340),
            (-4.0000, 11.6667, 0.0932),
            (-3.6667, 11.6667, -0.0209),
            (-3.3333, 11.6667, 0.0476),
            (-3.0000, 11.6667, -0.0968),
            (-2.6667, 11.6667, -0.0842),
            (-2.3333, 11.6667, -0.0301),
            (-2.0000, 11.6667, 0.0747),
            (-1.6667, 11.6667, 0.0800),
            (-1.3333, 11.6667, 0.0757),
            (-1.0000, 11.6667, -0.0244),
            (-0.6667, 11.6667, 0.0343),
            (-0.3333, 11.6667, 0.0208),
            (0.0000, 11.6667, 0.0212),
            (0.3333, 11.6667, -0.0692),
            (0.6667, 11.6667, 0.1324),
            (1.0000, 11.6667, -0.0482),
            (1.3333, 11.6667, 0.1543),
            (1.6667, 11.6667, 0.1434),
            (2.0000, 11.6667, -0.0954),
            (2.3333, 11.6667, 0.0193),
            (2.6667, 11.6667, 0.1132),
            (3.0000, 11.6667, 0.1517),
            (3.3333, 11.6667, 0.0169),
            (3.6667, 11.6667, -0.0301),
            (4.0000, 11.6667, -0.0454),
            (-4.0000, 12.0000, 0.1459),
            (-3.6667, 12.0000, -0.0452),
            (-3.3333, 12.0000, 0.0512),
            (-3.0000, 12.0000, -0.0631),
            (-2.6667, 12.0000, 0.0363),
            (-2.3333, 12.0000, 0.1477),
            (-2.0000, 12.0000, -0.0655),
            (-1.6667, 12.0000, 0.1133),
            (-1.3333, 12.0000, 0.0323),
            (-1.0000, 12.0000, 0.1306),
            (-0.6667, 12.0000, 0.0829),
            (-0.3333, 12.0000, -0.0398),
            (0.0000, 12.0000, 0.1334),
            (0.3333, 12.0000, 0.0264),
            (0.6667, 12.0000, -0.0935),
            (1.0000, 12.0000, -0.0991),
            (1.3333, 12.0000, 0.0278),
            (1.6667, 12.0000, 0.0172),
            (2.0000, 12.0000, -0.0215),
            (2.3333, 12.0000, -0.0634),
            (2.6667, 12.0000, -0.0106),
            (3.0000, 12.0000, -0.0178),
            (3.3333, 12.0000, 0.1185),
            (3.6667, 12.0000, -0.0995),
            (4.0000, 12.0000, 0.0952),
            (-4.0000, 12.3333, 0.1182),
            (-3.6667, 12.3333, -0.0688),
            (-3.3333, 12.3333, 0.1409),
            (-3.0000, 12.3333, 0.0854),
            (-2.6667, 12.3333, 0.1344),
            (-2.3333, 12.3333, -0.0246),
            (-2.0000, 12.3333, -0.0032),
            (-1.6667, 12.3333, 0.0022),
            (-1.3333, 12.3333, 0.1597),
            (-1.0000, 12.3333, 0.0532),
            (-0.6667, 12.3333, -0.0062),
            (-0.3333, 12.3333, 0.0113),
            (0.0000, 12.3333, -0.0285),
            (0.3333, 12.3333, -0.0875),
            (0.6667, 12.3333, -0.0736),
            (1.0000, 12.3333, 0.1170),
            (1.3333, 12.3333, -0.0257),
            (1.6667, 12.3333, 0.1433),
            (2.0000, 12.3333, -0.0352),
            (2.3333, 12.3333, -0.0309),
            (2.6667, 12.3333, 0.0329),
            (3.0000, 12.3333, -0.0506),
            (3.3333, 12.3333, -0.0029),
            (3.6667, 12.3333, 0.1486),
            (4.0000, 12.3333, 0.1299),
            (-4.0000, 12.6667, 0.1111),
            (-3.6667, 12.6667, 0.0640),
            (-3.3333, 12.6667, 0.1375),
            (-3.0000, 12.6667, 0.1446),
            (-2.6667, 12.6667, 0.0428),
            (-2.3333, 12.6667, 0.0871),
            (-2.0000, 12.6667, -0.0871),
            (-1.6667, 12.6667, 0.0904),
            (-1.3333, 12.6667, 0.0172),
            (-1.0000, 12.6667, 0.0957),
            (-0.6667, 12.6667, 0.0676),
            (-0.3333, 12.6667, -0.0256),
            (0.0000, 12.6667, -0.0873),
            (0.3333, 12.6667, 0.1410),
            (0.6667, 12.6667, -0.0669),
            (1.0000, 12.6667, 0.0228),
            (1.3333, 12.6667, -0.0106),
            (1.6667, 12.6667, -0.0226),
            (2.0000, 12.6667, 0.0921),
            (2.3333, 12.6667, 0.1538),
            (2.6667, 12.6667, -0.0324),
            (3.0000, 12.6667, 0.0706),
            (3.3333, 12.6667, -0.0218),
            (3.6667, 12.6667, 0.0449),
            (4.0000, 12.6667, 0.0025),
            (-4.0000, 13.0000, -0.0565),
            (-3.6667, 13.0000, -0.0580),
            (-3.3333, 13.0000, -0.0460),
            (-3.0000, 13.0000, 0.1355),
            (-2.6667, 13.0000, 0.0292),
            (-2.3333, 13.0000, -0.0428),
            (-2.0000, 13.0000, 0.1356),
            (-1.6667, 13.0000, 0.1591),
            (-1.3333, 13.0000, 0.0170),
            (-1.0000, 13.0000, -0.0637),
            (-0.6667, 13.0000, -0.0500),
            (-0.3333, 13.0000, -0.0764),
            (0.0000, 13.0000, -0.0111),
            (0.3333, 13.0000, -0.0763),
            (0.6667, 13.0000, -0.0378),
            (1.0000, 13.0000, -0.0328),
            (1.3333, 13.0000, 0.0481),
            (1.6667, 13.0000, 0.1307),
            (2.0000, 13.0000, 0.0949),
            (2.3333, 13.0000, 0.0073),
            (2.6667, 13.0000, 0.0076),
            (3.0000, 13.0000, 0.0363),
            (3.3333, 13.0000, -0.0020),
            (3.6667, 13.0000, -0.0121),
            (4.0000, 13.0000, -0.0839),
        ]
        int[] faceVertexCounts = [4, 4, 4, 4, 4, 4, 4, 4, 4, 4, 4, 4, 4, 4, 4, 4, 4, 4, 4, 4, 4, 4, 4, 4, 4, 4, 4, 4, 4, 4, 4, 4, 4, 4, 4, 4, 4, 4, 4, 4, 4, 4, 4, 4, 4, 4, 4, 4, 4, 4, 4, 4, 4, 4, 4, 4, 4, 4, 4, 4, 4, 4, 4, 4, 4, 4, 4, 4, 4, 4, 4, 4, 4, 4, 4, 4, 4, 4, 4, 4, 4, 4, 4, 4, 4, 4, 4, 4, 4, 4, 4, 4, 4, 4, 4, 4, 4, 4, 4, 4, 4, 4, 4, 4, 4, 4, 4, 4, 4, 4, 4, 4, 4, 4, 4, 4, 4, 4, 4, 4, 4, 4, 4, 4, 4, 4, 4, 4, 4, 4, 4, 4, 4, 4, 4, 4, 4, 4, 4, 4, 4, 4, 4, 4, 4, 4, 4, 4, 4, 4, 4, 4, 4, 4, 4, 4, 4, 4, 4, 4, 4, 4, 4, 4, 4, 4, 4, 4, 4, 4, 4, 4, 4, 4, 4, 4, 4, 4, 4, 4, 4, 4, 4, 4, 4, 4, 4, 4, 4, 4, 4, 4, 4, 4, 4, 4, 4, 4, 4, 4, 4, 4, 4, 4, 4, 4, 4, 4, 4, 4, 4, 4, 4, 4, 4, 4, 4, 4, 4, 4, 4, 4, 4, 4, 4, 4, 4, 4, 4, 4, 4, 4, 4, 4, 4, 4, 4, 4, 4, 4, 4, 4, 4, 4, 4, 4, 4, 4, 4, 4, 4, 4, 4, 4, 4, 4, 4, 4, 4, 4, 4, 4, 4, 4, 4, 4, 4, 4, 4, 4, 4, 4, 4, 4, 4, 4, 4, 4, 4, 4, 4, 4, 4, 4, 4, 4, 4, 4, 4, 4, 4, 4, 4, 4, 4, 4, 4, 4, 4, 4, 4, 4, 4, 4, 4, 4, 4, 4, 4, 4, 4, 4, 4, 4, 4, 4, 4, 4, 4, 4, 4, 4, 4, 4, 4, 4, 4, 4, 4, 4, 4, 4, 4, 4, 4, 4, 4, 4, 4, 4, 4, 4, 4, 4, 4, 4, 4, 4, 4, 4, 4, 4, 4, 4, 4, 4, 4, 4, 4, 4, 4, 4, 4, 4, 4, 4, 4, 4, 4, 4, 4, 4, 4, 4, 4, 4, 4, 4, 4, 4, 4, 4, 4, 4, 4, 4, 4, 4, 4, 4, 4, 4, 4, 4, 4, 4, 4, 4, 4, 4, 4, 4, 4, 4, 4, 4, 4, 4, 4, 4, 4, 4, 4, 4, 4, 4, 4, 4, 4, 4, 4, 4, 4, 4, 4, 4, 4, 4, 4, 4, 4, 4, 4, 4, 4, 4, 4, 4, 4, 4, 4, 4, 4, 4, 4, 4, 4, 4, 4, 4, 4, 4, 4, 4, 4, 4, 4, 4, 4, 4, 4, 4, 4, 4, 4, 4, 4, 4, 4, 4, 4, 4, 4, 4, 4, 4, 4, 4, 4, 4, 4, 4, 4, 4, 4, 4, 4, 4, 4, 4, 4, 4, 4, 4, 4, 4, 4, 4, 4, 4, 4, 4, 4, 4, 4, 4, 4, 4, 4, 4, 4, 4, 4, 4, 4, 4, 4, 4, 4, 4, 4, 4, 4, 4, 4, 4, 4, 4, 4, 4, 4, 4, 4, 4, 4, 4, 4, 4, 4, 4, 4, 4, 4, 4, 4, 4, 4, 4, 4, 4, 4, 4, 4, 4, 4, 4, 4, 4, 4, 4, 4, 4, 4, 4, 4, 4, 4, 4, 4, 4, 4, 4, 4, 4, 4, 4]
        int[] faceVertexIndices = [
            0, 1, 26, 25, 1, 2, 27, 26, 2, 3, 28, 27, 3, 4, 29, 28,
            4, 5, 30, 29, 5, 6, 31, 30, 6, 7, 32, 31, 7, 8, 33, 32,
            8, 9, 34, 33, 9, 10, 35, 34, 10, 11, 36, 35, 11, 12, 37, 36,
            12, 13, 38, 37, 13, 14, 39, 38, 14, 15, 40, 39, 15, 16, 41, 40,
            16, 17, 42, 41, 17, 18, 43, 42, 18, 19, 44, 43, 19, 20, 45, 44,
            20, 21, 46, 45, 21, 22, 47, 46, 22, 23, 48, 47, 23, 24, 49, 48,
            25, 26, 51, 50, 26, 27, 52, 51, 27, 28, 53, 52, 28, 29, 54, 53,
            29, 30, 55, 54, 30, 31, 56, 55, 31, 32, 57, 56, 32, 33, 58, 57,
            33, 34, 59, 58, 34, 35, 60, 59, 35, 36, 61, 60, 36, 37, 62, 61,
            37, 38, 63, 62, 38, 39, 64, 63, 39, 40, 65, 64, 40, 41, 66, 65,
            41, 42, 67, 66, 42, 43, 68, 67, 43, 44, 69, 68, 44, 45, 70, 69,
            45, 46, 71, 70, 46, 47, 72, 71, 47, 48, 73, 72, 48, 49, 74, 73,
            50, 51, 76, 75, 51, 52, 77, 76, 52, 53, 78, 77, 53, 54, 79, 78,
            54, 55, 80, 79, 55, 56, 81, 80, 56, 57, 82, 81, 57, 58, 83, 82,
            58, 59, 84, 83, 59, 60, 85, 84, 60, 61, 86, 85, 61, 62, 87, 86,
            62, 63, 88, 87, 63, 64, 89, 88, 64, 65, 90, 89, 65, 66, 91, 90,
            66, 67, 92, 91, 67, 68, 93, 92, 68, 69, 94, 93, 69, 70, 95, 94,
            70, 71, 96, 95, 71, 72, 97, 96, 72, 73, 98, 97, 73, 74, 99, 98,
            75, 76, 101, 100, 76, 77, 102, 101, 77, 78, 103, 102, 78, 79, 104, 103,
            79, 80, 105, 104, 80, 81, 106, 105, 81, 82, 107, 106, 82, 83, 108, 107,
            83, 84, 109, 108, 84, 85, 110, 109, 85, 86, 111, 110, 86, 87, 112, 111,
            87, 88, 113, 112, 88, 89, 114, 113, 89, 90, 115, 114, 90, 91, 116, 115,
            91, 92, 117, 116, 92, 93, 118, 117, 93, 94, 119, 118, 94, 95, 120, 119,
            95, 96, 121, 120, 96, 97, 122, 121, 97, 98, 123, 122, 98, 99, 124, 123,
            100, 101, 126, 125, 101, 102, 127, 126, 102, 103, 128, 127, 103, 104, 129, 128,
            104, 105, 130, 129, 105, 106, 131, 130, 106, 107, 132, 131, 107, 108, 133, 132,
            108, 109, 134, 133, 109, 110, 135, 134, 110, 111, 136, 135, 111, 112, 137, 136,
            112, 113, 138, 137, 113, 114, 139, 138, 114, 115, 140, 139, 115, 116, 141, 140,
            116, 117, 142, 141, 117, 118, 143, 142, 118, 119, 144, 143, 119, 120, 145, 144,
            120, 121, 146, 145, 121, 122, 147, 146, 122, 123, 148, 147, 123, 124, 149, 148,
            125, 126, 151, 150, 126, 127, 152, 151, 127, 128, 153, 152, 128, 129, 154, 153,
            129, 130, 155, 154, 130, 131, 156, 155, 131, 132, 157, 156, 132, 133, 158, 157,
            133, 134, 159, 158, 134, 135, 160, 159, 135, 136, 161, 160, 136, 137, 162, 161,
            137, 138, 163, 162, 138, 139, 164, 163, 139, 140, 165, 164, 140, 141, 166, 165,
            141, 142, 167, 166, 142, 143, 168, 167, 143, 144, 169, 168, 144, 145, 170, 169,
            145, 146, 171, 170, 146, 147, 172, 171, 147, 148, 173, 172, 148, 149, 174, 173,
            150, 151, 176, 175, 151, 152, 177, 176, 152, 153, 178, 177, 153, 154, 179, 178,
            154, 155, 180, 179, 155, 156, 181, 180, 156, 157, 182, 181, 157, 158, 183, 182,
            158, 159, 184, 183, 159, 160, 185, 184, 160, 161, 186, 185, 161, 162, 187, 186,
            162, 163, 188, 187, 163, 164, 189, 188, 164, 165, 190, 189, 165, 166, 191, 190,
            166, 167, 192, 191, 167, 168, 193, 192, 168, 169, 194, 193, 169, 170, 195, 194,
            170, 171, 196, 195, 171, 172, 197, 196, 172, 173, 198, 197, 173, 174, 199, 198,
            175, 176, 201, 200, 176, 177, 202, 201, 177, 178, 203, 202, 178, 179, 204, 203,
            179, 180, 205, 204, 180, 181, 206, 205, 181, 182, 207, 206, 182, 183, 208, 207,
            183, 184, 209, 208, 184, 185, 210, 209, 185, 186, 211, 210, 186, 187, 212, 211,
            187, 188, 213, 212, 188, 189, 214, 213, 189, 190, 215, 214, 190, 191, 216, 215,
            191, 192, 217, 216, 192, 193, 218, 217, 193, 194, 219, 218, 194, 195, 220, 219,
            195, 196, 221, 220, 196, 197, 222, 221, 197, 198, 223, 222, 198, 199, 224, 223,
            200, 201, 226, 225, 201, 202, 227, 226, 202, 203, 228, 227, 203, 204, 229, 228,
            204, 205, 230, 229, 205, 206, 231, 230, 206, 207, 232, 231, 207, 208, 233, 232,
            208, 209, 234, 233, 209, 210, 235, 234, 210, 211, 236, 235, 211, 212, 237, 236,
            212, 213, 238, 237, 213, 214, 239, 238, 214, 215, 240, 239, 215, 216, 241, 240,
            216, 217, 242, 241, 217, 218, 243, 242, 218, 219, 244, 243, 219, 220, 245, 244,
            220, 221, 246, 245, 221, 222, 247, 246, 222, 223, 248, 247, 223, 224, 249, 248,
            225, 226, 251, 250, 226, 227, 252, 251, 227, 228, 253, 252, 228, 229, 254, 253,
            229, 230, 255, 254, 230, 231, 256, 255, 231, 232, 257, 256, 232, 233, 258, 257,
            233, 234, 259, 258, 234, 235, 260, 259, 235, 236, 261, 260, 236, 237, 262, 261,
            237, 238, 263, 262, 238, 239, 264, 263, 239, 240, 265, 264, 240, 241, 266, 265,
            241, 242, 267, 266, 242, 243, 268, 267, 243, 244, 269, 268, 244, 245, 270, 269,
            245, 246, 271, 270, 246, 247, 272, 271, 247, 248, 273, 272, 248, 249, 274, 273,
            250, 251, 276, 275, 251, 252, 277, 276, 252, 253, 278, 277, 253, 254, 279, 278,
            254, 255, 280, 279, 255, 256, 281, 280, 256, 257, 282, 281, 257, 258, 283, 282,
            258, 259, 284, 283, 259, 260, 285, 284, 260, 261, 286, 285, 261, 262, 287, 286,
            262, 263, 288, 287, 263, 264, 289, 288, 264, 265, 290, 289, 265, 266, 291, 290,
            266, 267, 292, 291, 267, 268, 293, 292, 268, 269, 294, 293, 269, 270, 295, 294,
            270, 271, 296, 295, 271, 272, 297, 296, 272, 273, 298, 297, 273, 274, 299, 298,
            275, 276, 301, 300, 276, 277, 302, 301, 277, 278, 303, 302, 278, 279, 304, 303,
            279, 280, 305, 304, 280, 281, 306, 305, 281, 282, 307, 306, 282, 283, 308, 307,
            283, 284, 309, 308, 284, 285, 310, 309, 285, 286, 311, 310, 286, 287, 312, 311,
            287, 288, 313, 312, 288, 289, 314, 313, 289, 290, 315, 314, 290, 291, 316, 315,
            291, 292, 317, 316, 292, 293, 318, 317, 293, 294, 319, 318, 294, 295, 320, 319,
            295, 296, 321, 320, 296, 297, 322, 321, 297, 298, 323, 322, 298, 299, 324, 323,
            300, 301, 326, 325, 301, 302, 327, 326, 302, 303, 328, 327, 303, 304, 329, 328,
            304, 305, 330, 329, 305, 306, 331, 330, 306, 307, 332, 331, 307, 308, 333, 332,
            308, 309, 334, 333, 309, 310, 335, 334, 310, 311, 336, 335, 311, 312, 337, 336,
            312, 313, 338, 337, 313, 314, 339, 338, 314, 315, 340, 339, 315, 316, 341, 340,
            316, 317, 342, 341, 317, 318, 343, 342, 318, 319, 344, 343, 319, 320, 345, 344,
            320, 321, 346, 345, 321, 322, 347, 346, 322, 323, 348, 347, 323, 324, 349, 348,
            325, 326, 351, 350, 326, 327, 352, 351, 327, 328, 353, 352, 328, 329, 354, 353,
            329, 330, 355, 354, 330, 331, 356, 355, 331, 332, 357, 356, 332, 333, 358, 357,
            333, 334, 359, 358, 334, 335, 360, 359, 335, 336, 361, 360, 336, 337, 362, 361,
            337, 338, 363, 362, 338, 339, 364, 363, 339, 340, 365, 364, 340, 341, 366, 365,
            341, 342, 367, 366, 342, 343, 368, 367, 343, 344, 369, 368, 344, 345, 370, 369,
            345, 346, 371, 370, 346, 347, 372, 371, 347, 348, 373, 372, 348, 349, 374, 373,
            350, 351, 376, 375, 351, 352, 377, 376, 352, 353, 378, 377, 353, 354, 379, 378,
            354, 355, 380, 379, 355, 356, 381, 380, 356, 357, 382, 381, 357, 358, 383, 382,
            358, 359, 384, 383, 359, 360, 385, 384, 360, 361, 386, 385, 361, 362, 387, 386,
            362, 363, 388, 387, 363, 364, 389, 388, 364, 365, 390, 389, 365, 366, 391, 390,
            366, 367, 392, 391, 367, 368, 393, 392, 368, 369, 394, 393, 369, 370, 395, 394,
            370, 371, 396, 395, 371, 372, 397, 396, 372, 373, 398, 397, 373, 374, 399, 398,
            375, 376, 401, 400, 376, 377, 402, 401, 377, 378, 403, 402, 378, 379, 404, 403,
            379, 380, 405, 404, 380, 381, 406, 405, 381, 382, 407, 406, 382, 383, 408, 407,
            383, 384, 409, 408, 384, 385, 410, 409, 385, 386, 411, 410, 386, 387, 412, 411,
            387, 388, 413, 412, 388, 389, 414, 413, 389, 390, 415, 414, 390, 391, 416, 415,
            391, 392, 417, 416, 392, 393, 418, 417, 393, 394, 419, 418, 394, 395, 420, 419,
            395, 396, 421, 420, 396, 397, 422, 421, 397, 398, 423, 422, 398, 399, 424, 423,
            400, 401, 426, 425, 401, 402, 427, 426, 402, 403, 428, 427, 403, 404, 429, 428,
            404, 405, 430, 429, 405, 406, 431, 430, 406, 407, 432, 431, 407, 408, 433, 432,
            408, 409, 434, 433, 409, 410, 435, 434, 410, 411, 436, 435, 411, 412, 437, 436,
            412, 413, 438, 437, 413, 414, 439, 438, 414, 415, 440, 439, 415, 416, 441, 440,
            416, 417, 442, 441, 417, 418, 443, 442, 418, 419, 444, 443, 419, 420, 445, 444,
            420, 421, 446, 445, 421, 422, 447, 446, 422, 423, 448, 447, 423, 424, 449, 448,
            425, 426, 451, 450, 426, 427, 452, 451, 427, 428, 453, 452, 428, 429, 454, 453,
            429, 430, 455, 454, 430, 431, 456, 455, 431, 432, 457, 456, 432, 433, 458, 457,
            433, 434, 459, 458, 434, 435, 460, 459, 435, 436, 461, 460, 436, 437, 462, 461,
            437, 438, 463, 462, 438, 439, 464, 463, 439, 440, 465, 464, 440, 441, 466, 465,
            441, 442, 467, 466, 442, 443, 468, 467, 443, 444, 469, 468, 444, 445, 470, 469,
            445, 446, 471, 470, 446, 447, 472, 471, 447, 448, 473, 472, 448, 449, 474, 473,
            450, 451, 476, 475, 451, 452, 477, 476, 452, 453, 478, 477, 453, 454, 479, 478,
            454, 455, 480, 479, 455, 456, 481, 480, 456, 457, 482, 481, 457, 458, 483, 482,
            458, 459, 484, 483, 459, 460, 485, 484, 460, 461, 486, 485, 461, 462, 487, 486,
            462, 463, 488, 487, 463, 464, 489, 488, 464, 465, 490, 489, 465, 466, 491, 490,
            466, 467, 492, 491, 467, 468, 493, 492, 468, 469, 494, 493, 469, 470, 495, 494,
            470, 471, 496, 495, 471, 472, 497, 496, 472, 473, 498, 497, 473, 474, 499, 498,
            475, 476, 501, 500, 476, 477, 502, 501, 477, 478, 503, 502, 478, 479, 504, 503,
            479, 480, 505, 504, 480, 481, 506, 505, 481, 482, 507, 506, 482, 483, 508, 507,
            483, 484, 509, 508, 484, 485, 510, 509, 485, 486, 511, 510, 486, 487, 512, 511,
            487, 488, 513, 512, 488, 489, 514, 513, 489, 490, 515, 514, 490, 491, 516, 515,
            491, 492, 517, 516, 492, 493, 518, 517, 493, 494, 519, 518, 494, 495, 520, 519,
            495, 496, 521, 520, 496, 497, 522, 521, 497, 498, 523, 522, 498, 499, 524, 523,
            500, 501, 526, 525, 501, 502, 527, 526, 502, 503, 528, 527, 503, 504, 529, 528,
            504, 505, 530, 529, 505, 506, 531, 530, 506, 507, 532, 531, 507, 508, 533, 532,
            508, 509, 534, 533, 509, 510, 535, 534, 510, 511, 536, 535, 511, 512, 537, 536,
            512, 513, 538, 537, 513, 514, 539, 538, 514, 515, 540, 539, 515, 516, 541, 540,
            516, 517, 542, 541, 517, 518, 543, 542, 518, 519, 544, 543, 519, 520, 545, 544,
            520, 521, 546, 545, 521, 522, 547, 546, 522, 523, 548, 547, 523, 524, 549, 548,
            525, 526, 551, 550, 526, 527, 552, 551, 527, 528, 553, 552, 528, 529, 554, 553,
            529, 530, 555, 554, 530, 531, 556, 555, 531, 532, 557, 556, 532, 533, 558, 557,
            533, 534, 559, 558, 534, 535, 560, 559, 535, 536, 561, 560, 536, 537, 562, 561,
            537, 538, 563, 562, 538, 539, 564, 563, 539, 540, 565, 564, 540, 541, 566, 565,
            541, 542, 567, 566, 542, 543, 568, 567, 543, 544, 569, 568, 544, 545, 570, 569,
            545, 546, 571, 570, 546, 547, 572, 571, 547, 548, 573, 572, 548, 549, 574, 573,
            550, 551, 576, 575, 551, 552, 577, 576, 552, 553, 578, 577, 553, 554, 579, 578,
            554, 555, 580, 579, 555, 556, 581, 580, 556, 557, 582, 581, 557, 558, 583, 582,
            558, 559, 584, 583, 559, 560, 585, 584, 560, 561, 586, 585, 561, 562, 587, 586,
            562, 563, 588, 587, 563, 564, 589, 588, 564, 565, 590, 589, 565, 566, 591, 590,
            566, 567, 592, 591, 567, 568, 593, 592, 568, 569, 594, 593, 569, 570, 595, 594,
            570, 571, 596, 595, 571, 572, 597, 596, 572, 573, 598, 597, 573, 574, 599, 598,
            575, 576, 601, 600, 576, 577, 602, 601, 577, 578, 603, 602, 578, 579, 604, 603,
            579, 580, 605, 604, 580, 581, 606, 605, 581, 582, 607, 606, 582, 583, 608, 607,
            583, 584, 609, 608, 584, 585, 610, 609, 585, 586, 611, 610, 586, 587, 612, 611,
            587, 588, 613, 612, 588, 589, 614, 613, 589, 590, 615, 614, 590, 591, 616, 615,
            591, 592, 617, 616, 592, 593, 618, 617, 593, 594, 619, 618, 594, 595, 620, 619,
            595, 596, 621, 620, 596, 597, 622, 621, 597, 598, 623, 622, 598, 599, 624, 623,
        ]
        float3[] extent = [(-4.0000, 5.0000, -0.0999), (4.0000, 13.0000, 0.1597)]
        rel material:binding = </MultiTerrainMap/Looks/RoughOlive> (
            bindMaterialAs = "weakerThanDescendants"
        )
        uniform token purpose = "default"
    }

    def Mesh "Tile_02_SlopeUp" (
        apiSchemas = ["MaterialBindingAPI"]
    )
    {
        string doc = "Single direction sloped heightfield tile."
        uniform token subdivisionScheme = "none"
        point3f[] points = [
            (5.0000, 5.0000, -0.2500),
            (5.6667, 5.0000, -0.2500),
            (6.3333, 5.0000, -0.2500),
            (7.0000, 5.0000, -0.2000),
            (7.6667, 5.0000, -0.1333),
            (8.3333, 5.0000, -0.0667),
            (9.0000, 5.0000, 0.0000),
            (9.6667, 5.0000, 0.0667),
            (10.3333, 5.0000, 0.1333),
            (11.0000, 5.0000, 0.2000),
            (11.6667, 5.0000, 0.2667),
            (12.3333, 5.0000, 0.3333),
            (13.0000, 5.0000, 0.4000),
            (5.0000, 5.6667, -0.2500),
            (5.6667, 5.6667, -0.2500),
            (6.3333, 5.6667, -0.2500),
            (7.0000, 5.6667, -0.2000),
            (7.6667, 5.6667, -0.1333),
            (8.3333, 5.6667, -0.0667),
            (9.0000, 5.6667, 0.0000),
            (9.6667, 5.6667, 0.0667),
            (10.3333, 5.6667, 0.1333),
            (11.0000, 5.6667, 0.2000),
            (11.6667, 5.6667, 0.2667),
            (12.3333, 5.6667, 0.3333),
            (13.0000, 5.6667, 0.4000),
            (5.0000, 6.3333, -0.2500),
            (5.6667, 6.3333, -0.2500),
            (6.3333, 6.3333, -0.2500),
            (7.0000, 6.3333, -0.2000),
            (7.6667, 6.3333, -0.1333),
            (8.3333, 6.3333, -0.0667),
            (9.0000, 6.3333, 0.0000),
            (9.6667, 6.3333, 0.0667),
            (10.3333, 6.3333, 0.1333),
            (11.0000, 6.3333, 0.2000),
            (11.6667, 6.3333, 0.2667),
            (12.3333, 6.3333, 0.3333),
            (13.0000, 6.3333, 0.4000),
            (5.0000, 7.0000, -0.2500),
            (5.6667, 7.0000, -0.2500),
            (6.3333, 7.0000, -0.2500),
            (7.0000, 7.0000, -0.2000),
            (7.6667, 7.0000, -0.1333),
            (8.3333, 7.0000, -0.0667),
            (9.0000, 7.0000, 0.0000),
            (9.6667, 7.0000, 0.0667),
            (10.3333, 7.0000, 0.1333),
            (11.0000, 7.0000, 0.2000),
            (11.6667, 7.0000, 0.2667),
            (12.3333, 7.0000, 0.3333),
            (13.0000, 7.0000, 0.4000),
            (5.0000, 7.6667, -0.2500),
            (5.6667, 7.6667, -0.2500),
            (6.3333, 7.6667, -0.2500),
            (7.0000, 7.6667, -0.2000),
            (7.6667, 7.6667, -0.1333),
            (8.3333, 7.6667, -0.0667),
            (9.0000, 7.6667, 0.0000),
            (9.6667, 7.6667, 0.0667),
            (10.3333, 7.6667, 0.1333),
            (11.0000, 7.6667, 0.2000),
            (11.6667, 7.6667, 0.2667),
            (12.3333, 7.6667, 0.3333),
            (13.0000, 7.6667, 0.4000),
            (5.0000, 8.3333, -0.2500),
            (5.6667, 8.3333, -0.2500),
            (6.3333, 8.3333, -0.2500),
            (7.0000, 8.3333, -0.2000),
            (7.6667, 8.3333, -0.1333),
            (8.3333, 8.3333, -0.0667),
            (9.0000, 8.3333, 0.0000),
            (9.6667, 8.3333, 0.0667),
            (10.3333, 8.3333, 0.1333),
            (11.0000, 8.3333, 0.2000),
            (11.6667, 8.3333, 0.2667),
            (12.3333, 8.3333, 0.3333),
            (13.0000, 8.3333, 0.4000),
            (5.0000, 9.0000, -0.2500),
            (5.6667, 9.0000, -0.2500),
            (6.3333, 9.0000, -0.2500),
            (7.0000, 9.0000, -0.2000),
            (7.6667, 9.0000, -0.1333),
            (8.3333, 9.0000, -0.0667),
            (9.0000, 9.0000, 0.0000),
            (9.6667, 9.0000, 0.0667),
            (10.3333, 9.0000, 0.1333),
            (11.0000, 9.0000, 0.2000),
            (11.6667, 9.0000, 0.2667),
            (12.3333, 9.0000, 0.3333),
            (13.0000, 9.0000, 0.4000),
            (5.0000, 9.6667, -0.2500),
            (5.6667, 9.6667, -0.2500),
            (6.3333, 9.6667, -0.2500),
            (7.0000, 9.6667, -0.2000),
            (7.6667, 9.6667, -0.1333),
            (8.3333, 9.6667, -0.0667),
            (9.0000, 9.6667, 0.0000),
            (9.6667, 9.6667, 0.0667),
            (10.3333, 9.6667, 0.1333),
            (11.0000, 9.6667, 0.2000),
            (11.6667, 9.6667, 0.2667),
            (12.3333, 9.6667, 0.3333),
            (13.0000, 9.6667, 0.4000),
            (5.0000, 10.3333, -0.2500),
            (5.6667, 10.3333, -0.2500),
            (6.3333, 10.3333, -0.2500),
            (7.0000, 10.3333, -0.2000),
            (7.6667, 10.3333, -0.1333),
            (8.3333, 10.3333, -0.0667),
            (9.0000, 10.3333, 0.0000),
            (9.6667, 10.3333, 0.0667),
            (10.3333, 10.3333, 0.1333),
            (11.0000, 10.3333, 0.2000),
            (11.6667, 10.3333, 0.2667),
            (12.3333, 10.3333, 0.3333),
            (13.0000, 10.3333, 0.4000),
            (5.0000, 11.0000, -0.2500),
            (5.6667, 11.0000, -0.2500),
            (6.3333, 11.0000, -0.2500),
            (7.0000, 11.0000, -0.2000),
            (7.6667, 11.0000, -0.1333),
            (8.3333, 11.0000, -0.0667),
            (9.0000, 11.0000, 0.0000),
            (9.6667, 11.0000, 0.0667),
            (10.3333, 11.0000, 0.1333),
            (11.0000, 11.0000, 0.2000),
            (11.6667, 11.0000, 0.2667),
            (12.3333, 11.0000, 0.3333),
            (13.0000, 11.0000, 0.4000),
            (5.0000, 11.6667, -0.2500),
            (5.6667, 11.6667, -0.2500),
            (6.3333, 11.6667, -0.2500),
            (7.0000, 11.6667, -0.2000),
            (7.6667, 11.6667, -0.1333),
            (8.3333, 11.6667, -0.0667),
            (9.0000, 11.6667, 0.0000),
            (9.6667, 11.6667, 0.0667),
            (10.3333, 11.6667, 0.1333),
            (11.0000, 11.6667, 0.2000),
            (11.6667, 11.6667, 0.2667),
            (12.3333, 11.6667, 0.3333),
            (13.0000, 11.6667, 0.4000),
            (5.0000, 12.3333, -0.2500),
            (5.6667, 12.3333, -0.2500),
            (6.3333, 12.3333, -0.2500),
            (7.0000, 12.3333, -0.2000),
            (7.6667, 12.3333, -0.1333),
            (8.3333, 12.3333, -0.0667),
            (9.0000, 12.3333, 0.0000),
            (9.6667, 12.3333, 0.0667),
            (10.3333, 12.3333, 0.1333),
            (11.0000, 12.3333, 0.2000),
            (11.6667, 12.3333, 0.2667),
            (12.3333, 12.3333, 0.3333),
            (13.0000, 12.3333, 0.4000),
            (5.0000, 13.0000, -0.2500),
            (5.6667, 13.0000, -0.2500),
            (6.3333, 13.0000, -0.2500),
            (7.0000, 13.0000, -0.2000),
            (7.6667, 13.0000, -0.1333),
            (8.3333, 13.0000, -0.0667),
            (9.0000, 13.0000, 0.0000),
            (9.6667, 13.0000, 0.0667),
            (10.3333, 13.0000, 0.1333),
            (11.0000, 13.0000, 0.2000),
            (11.6667, 13.0000, 0.2667),
            (12.3333, 13.0000, 0.3333),
            (13.0000, 13.0000, 0.4000),
        ]
        int[] faceVertexCounts = [4, 4, 4, 4, 4, 4, 4, 4, 4, 4, 4, 4, 4, 4, 4, 4, 4, 4, 4, 4, 4, 4, 4, 4, 4, 4, 4, 4, 4, 4, 4, 4, 4, 4, 4, 4, 4, 4, 4, 4, 4, 4, 4, 4, 4, 4, 4, 4, 4, 4, 4, 4, 4, 4, 4, 4, 4, 4, 4, 4, 4, 4, 4, 4, 4, 4, 4, 4, 4, 4, 4, 4, 4, 4, 4, 4, 4, 4, 4, 4, 4, 4, 4, 4, 4, 4, 4, 4, 4, 4, 4, 4, 4, 4, 4, 4, 4, 4, 4, 4, 4, 4, 4, 4, 4, 4, 4, 4, 4, 4, 4, 4, 4, 4, 4, 4, 4, 4, 4, 4, 4, 4, 4, 4, 4, 4, 4, 4, 4, 4, 4, 4, 4, 4, 4, 4, 4, 4, 4, 4, 4, 4, 4, 4]
        int[] faceVertexIndices = [
            0, 1, 14, 13, 1, 2, 15, 14, 2, 3, 16, 15, 3, 4, 17, 16,
            4, 5, 18, 17, 5, 6, 19, 18, 6, 7, 20, 19, 7, 8, 21, 20,
            8, 9, 22, 21, 9, 10, 23, 22, 10, 11, 24, 23, 11, 12, 25, 24,
            13, 14, 27, 26, 14, 15, 28, 27, 15, 16, 29, 28, 16, 17, 30, 29,
            17, 18, 31, 30, 18, 19, 32, 31, 19, 20, 33, 32, 20, 21, 34, 33,
            21, 22, 35, 34, 22, 23, 36, 35, 23, 24, 37, 36, 24, 25, 38, 37,
            26, 27, 40, 39, 27, 28, 41, 40, 28, 29, 42, 41, 29, 30, 43, 42,
            30, 31, 44, 43, 31, 32, 45, 44, 32, 33, 46, 45, 33, 34, 47, 46,
            34, 35, 48, 47, 35, 36, 49, 48, 36, 37, 50, 49, 37, 38, 51, 50,
            39, 40, 53, 52, 40, 41, 54, 53, 41, 42, 55, 54, 42, 43, 56, 55,
            43, 44, 57, 56, 44, 45, 58, 57, 45, 46, 59, 58, 46, 47, 60, 59,
            47, 48, 61, 60, 48, 49, 62, 61, 49, 50, 63, 62, 50, 51, 64, 63,
            52, 53, 66, 65, 53, 54, 67, 66, 54, 55, 68, 67, 55, 56, 69, 68,
            56, 57, 70, 69, 57, 58, 71, 70, 58, 59, 72, 71, 59, 60, 73, 72,
            60, 61, 74, 73, 61, 62, 75, 74, 62, 63, 76, 75, 63, 64, 77, 76,
            65, 66, 79, 78, 66, 67, 80, 79, 67, 68, 81, 80, 68, 69, 82, 81,
            69, 70, 83, 82, 70, 71, 84, 83, 71, 72, 85, 84, 72, 73, 86, 85,
            73, 74, 87, 86, 74, 75, 88, 87, 75, 76, 89, 88, 76, 77, 90, 89,
            78, 79, 92, 91, 79, 80, 93, 92, 80, 81, 94, 93, 81, 82, 95, 94,
            82, 83, 96, 95, 83, 84, 97, 96, 84, 85, 98, 97, 85, 86, 99, 98,
            86, 87, 100, 99, 87, 88, 101, 100, 88, 89, 102, 101, 89, 90, 103, 102,
            91, 92, 105, 104, 92, 93, 106, 105, 93, 94, 107, 106, 94, 95, 108, 107,
            95, 96, 109, 108, 96, 97, 110, 109, 97, 98, 111, 110, 98, 99, 112, 111,
            99, 100, 113, 112, 100, 101, 114, 113, 101, 102, 115, 114, 102, 103, 116, 115,
            104, 105, 118, 117, 105, 106, 119, 118, 106, 107, 120, 119, 107, 108, 121, 120,
            108, 109, 122, 121, 109, 110, 123, 122, 110, 111, 124, 123, 111, 112, 125, 124,
            112, 113, 126, 125, 113, 114, 127, 126, 114, 115, 128, 127, 115, 116, 129, 128,
            117, 118, 131, 130, 118, 119, 132, 131, 119, 120, 133, 132, 120, 121, 134, 133,
            121, 122, 135, 134, 122, 123, 136, 135, 123, 124, 137, 136, 124, 125, 138, 137,
            125, 126, 139, 138, 126, 127, 140, 139, 127, 128, 141, 140, 128, 129, 142, 141,
            130, 131, 144, 143, 131, 132, 145, 144, 132, 133, 146, 145, 133, 134, 147, 146,
            134, 135, 148, 147, 135, 136, 149, 148, 136, 137, 150, 149, 137, 138, 151, 150,
            138, 139, 152, 151, 139, 140, 153, 152, 140, 141, 154, 153, 141, 142, 155, 154,
            143, 144, 157, 156, 144, 145, 158, 157, 145, 146, 159, 158, 146, 147, 160, 159,
            147, 148, 161, 160, 148, 149, 162, 161, 149, 150, 163, 162, 150, 151, 164, 163,
            151, 152, 165, 164, 152, 153, 166, 165, 153, 154, 167, 166, 154, 155, 168, 167,
        ]
        float3[] extent = [(5.0000, 5.0000, -0.2500), (13.0000, 13.0000, 0.4000)]
        rel material:binding = </MultiTerrainMap/Looks/SlopeBlueGray> (
            bindMaterialAs = "weakerThanDescendants"
        )
        uniform token purpose = "default"
    }

    def Mesh "Tile_10_PyramidSlope" (
        apiSchemas = ["MaterialBindingAPI"]
    )
    {
        string doc = "Pyramid slope tile with center platform-like high point."
        uniform token subdivisionScheme = "none"
        point3f[] points = [
            (-13.0000, -4.0000, 0.0000),
            (-12.5556, -4.0000, 0.0000),
            (-12.1111, -4.0000, 0.0000),
            (-11.6667, -4.0000, 0.0000),
            (-11.2222, -4.0000, 0.0000),
            (-10.7778, -4.0000, 0.0000),
            (-10.3333, -4.0000, 0.0000),
            (-9.8889, -4.0000, 0.0000),
            (-9.4444, -4.0000, 0.0000),
            (-9.0000, -4.0000, 0.0000),
            (-8.5556, -4.0000, 0.0000),
            (-8.1111, -4.0000, 0.0000),
            (-7.6667, -4.0000, 0.0000),
            (-7.2222, -4.0000, 0.0000),
            (-6.7778, -4.0000, 0.0000),
            (-6.3333, -4.0000, 0.0000),
            (-5.8889, -4.0000, 0.0000),
            (-5.4444, -4.0000, 0.0000),
            (-5.0000, -4.0000, 0.0000),
            (-13.0000, -3.5556, 0.0000),
            (-12.5556, -3.5556, 0.0500),
            (-12.1111, -3.5556, 0.0500),
            (-11.6667, -3.5556, 0.0500),
            (-11.2222, -3.5556, 0.0500),
            (-10.7778, -3.5556, 0.0500),
            (-10.3333, -3.5556, 0.0500),
            (-9.8889, -3.5556, 0.0500),
            (-9.4444, -3.5556, 0.0500),
            (-9.0000, -3.5556, 0.0500),
            (-8.5556, -3.5556, 0.0500),
            (-8.1111, -3.5556, 0.0500),
            (-7.6667, -3.5556, 0.0500),
            (-7.2222, -3.5556, 0.0500),
            (-6.7778, -3.5556, 0.0500),
            (-6.3333, -3.5556, 0.0500),
            (-5.8889, -3.5556, 0.0500),
            (-5.4444, -3.5556, 0.0500),
            (-5.0000, -3.5556, 0.0000),
            (-13.0000, -3.1111, 0.0000),
            (-12.5556, -3.1111, 0.0500),
            (-12.1111, -3.1111, 0.1000),
            (-11.6667, -3.1111, 0.1000),
            (-11.2222, -3.1111, 0.1000),
            (-10.7778, -3.1111, 0.1000),
            (-10.3333, -3.1111, 0.1000),
            (-9.8889, -3.1111, 0.1000),
            (-9.4444, -3.1111, 0.1000),
            (-9.0000, -3.1111, 0.1000),
            (-8.5556, -3.1111, 0.1000),
            (-8.1111, -3.1111, 0.1000),
            (-7.6667, -3.1111, 0.1000),
            (-7.2222, -3.1111, 0.1000),
            (-6.7778, -3.1111, 0.1000),
            (-6.3333, -3.1111, 0.1000),
            (-5.8889, -3.1111, 0.1000),
            (-5.4444, -3.1111, 0.0500),
            (-5.0000, -3.1111, 0.0000),
            (-13.0000, -2.6667, 0.0000),
            (-12.5556, -2.6667, 0.0500),
            (-12.1111, -2.6667, 0.1000),
            (-11.6667, -2.6667, 0.1500),
            (-11.2222, -2.6667, 0.1500),
            (-10.7778, -2.6667, 0.1500),
            (-10.3333, -2.6667, 0.1500),
            (-9.8889, -2.6667, 0.1500),
            (-9.4444, -2.6667, 0.1500),
            (-9.0000, -2.6667, 0.1500),
            (-8.5556, -2.6667, 0.1500),
            (-8.1111, -2.6667, 0.1500),
            (-7.6667, -2.6667, 0.1500),
            (-7.2222, -2.6667, 0.1500),
            (-6.7778, -2.6667, 0.1500),
            (-6.3333, -2.6667, 0.1500),
            (-5.8889, -2.6667, 0.1000),
            (-5.4444, -2.6667, 0.0500),
            (-5.0000, -2.6667, 0.0000),
            (-13.0000, -2.2222, 0.0000),
            (-12.5556, -2.2222, 0.0500),
            (-12.1111, -2.2222, 0.1000),
            (-11.6667, -2.2222, 0.1500),
            (-11.2222, -2.2222, 0.2000),
            (-10.7778, -2.2222, 0.2000),
            (-10.3333, -2.2222, 0.2000),
            (-9.8889, -2.2222, 0.2000),
            (-9.4444, -2.2222, 0.2000),
            (-9.0000, -2.2222, 0.2000),
            (-8.5556, -2.2222, 0.2000),
            (-8.1111, -2.2222, 0.2000),
            (-7.6667, -2.2222, 0.2000),
            (-7.2222, -2.2222, 0.2000),
            (-6.7778, -2.2222, 0.2000),
            (-6.3333, -2.2222, 0.1500),
            (-5.8889, -2.2222, 0.1000),
            (-5.4444, -2.2222, 0.0500),
            (-5.0000, -2.2222, 0.0000),
            (-13.0000, -1.7778, 0.0000),
            (-12.5556, -1.7778, 0.0500),
            (-12.1111, -1.7778, 0.1000),
            (-11.6667, -1.7778, 0.1500),
            (-11.2222, -1.7778, 0.2000),
            (-10.7778, -1.7778, 0.2500),
            (-10.3333, -1.7778, 0.2500),
            (-9.8889, -1.7778, 0.2500),
            (-9.4444, -1.7778, 0.2500),
            (-9.0000, -1.7778, 0.2500),
            (-8.5556, -1.7778, 0.2500),
            (-8.1111, -1.7778, 0.2500),
            (-7.6667, -1.7778, 0.2500),
            (-7.2222, -1.7778, 0.2500),
            (-6.7778, -1.7778, 0.2000),
            (-6.3333, -1.7778, 0.1500),
            (-5.8889, -1.7778, 0.1000),
            (-5.4444, -1.7778, 0.0500),
            (-5.0000, -1.7778, 0.0000),
            (-13.0000, -1.3333, 0.0000),
            (-12.5556, -1.3333, 0.0500),
            (-12.1111, -1.3333, 0.1000),
            (-11.6667, -1.3333, 0.1500),
            (-11.2222, -1.3333, 0.2000),
            (-10.7778, -1.3333, 0.2500),
            (-10.3333, -1.3333, 0.3000),
            (-9.8889, -1.3333, 0.3000),
            (-9.4444, -1.3333, 0.3000),
            (-9.0000, -1.3333, 0.3000),
            (-8.5556, -1.3333, 0.3000),
            (-8.1111, -1.3333, 0.3000),
            (-7.6667, -1.3333, 0.3000),
            (-7.2222, -1.3333, 0.2500),
            (-6.7778, -1.3333, 0.2000),
            (-6.3333, -1.3333, 0.1500),
            (-5.8889, -1.3333, 0.1000),
            (-5.4444, -1.3333, 0.0500),
            (-5.0000, -1.3333, 0.0000),
            (-13.0000, -0.8889, 0.0000),
            (-12.5556, -0.8889, 0.0500),
            (-12.1111, -0.8889, 0.1000),
            (-11.6667, -0.8889, 0.1500),
            (-11.2222, -0.8889, 0.2000),
            (-10.7778, -0.8889, 0.2500),
            (-10.3333, -0.8889, 0.3000),
            (-9.8889, -0.8889, 0.3500),
            (-9.4444, -0.8889, 0.3500),
            (-9.0000, -0.8889, 0.3500),
            (-8.5556, -0.8889, 0.3500),
            (-8.1111, -0.8889, 0.3500),
            (-7.6667, -0.8889, 0.3000),
            (-7.2222, -0.8889, 0.2500),
            (-6.7778, -0.8889, 0.2000),
            (-6.3333, -0.8889, 0.1500),
            (-5.8889, -0.8889, 0.1000),
            (-5.4444, -0.8889, 0.0500),
            (-5.0000, -0.8889, 0.0000),
            (-13.0000, -0.4444, 0.0000),
            (-12.5556, -0.4444, 0.0500),
            (-12.1111, -0.4444, 0.1000),
            (-11.6667, -0.4444, 0.1500),
            (-11.2222, -0.4444, 0.2000),
            (-10.7778, -0.4444, 0.2500),
            (-10.3333, -0.4444, 0.3000),
            (-9.8889, -0.4444, 0.3500),
            (-9.4444, -0.4444, 0.4000),
            (-9.0000, -0.4444, 0.4000),
            (-8.5556, -0.4444, 0.4000),
            (-8.1111, -0.4444, 0.3500),
            (-7.6667, -0.4444, 0.3000),
            (-7.2222, -0.4444, 0.2500),
            (-6.7778, -0.4444, 0.2000),
            (-6.3333, -0.4444, 0.1500),
            (-5.8889, -0.4444, 0.1000),
            (-5.4444, -0.4444, 0.0500),
            (-5.0000, -0.4444, 0.0000),
            (-13.0000, 0.0000, 0.0000),
            (-12.5556, 0.0000, 0.0500),
            (-12.1111, 0.0000, 0.1000),
            (-11.6667, 0.0000, 0.1500),
            (-11.2222, 0.0000, 0.2000),
            (-10.7778, 0.0000, 0.2500),
            (-10.3333, 0.0000, 0.3000),
            (-9.8889, 0.0000, 0.3500),
            (-9.4444, 0.0000, 0.4000),
            (-9.0000, 0.0000, 0.4500),
            (-8.5556, 0.0000, 0.4000),
            (-8.1111, 0.0000, 0.3500),
            (-7.6667, 0.0000, 0.3000),
            (-7.2222, 0.0000, 0.2500),
            (-6.7778, 0.0000, 0.2000),
            (-6.3333, 0.0000, 0.1500),
            (-5.8889, 0.0000, 0.1000),
            (-5.4444, 0.0000, 0.0500),
            (-5.0000, 0.0000, 0.0000),
            (-13.0000, 0.4444, 0.0000),
            (-12.5556, 0.4444, 0.0500),
            (-12.1111, 0.4444, 0.1000),
            (-11.6667, 0.4444, 0.1500),
            (-11.2222, 0.4444, 0.2000),
            (-10.7778, 0.4444, 0.2500),
            (-10.3333, 0.4444, 0.3000),
            (-9.8889, 0.4444, 0.3500),
            (-9.4444, 0.4444, 0.4000),
            (-9.0000, 0.4444, 0.4000),
            (-8.5556, 0.4444, 0.4000),
            (-8.1111, 0.4444, 0.3500),
            (-7.6667, 0.4444, 0.3000),
            (-7.2222, 0.4444, 0.2500),
            (-6.7778, 0.4444, 0.2000),
            (-6.3333, 0.4444, 0.1500),
            (-5.8889, 0.4444, 0.1000),
            (-5.4444, 0.4444, 0.0500),
            (-5.0000, 0.4444, 0.0000),
            (-13.0000, 0.8889, 0.0000),
            (-12.5556, 0.8889, 0.0500),
            (-12.1111, 0.8889, 0.1000),
            (-11.6667, 0.8889, 0.1500),
            (-11.2222, 0.8889, 0.2000),
            (-10.7778, 0.8889, 0.2500),
            (-10.3333, 0.8889, 0.3000),
            (-9.8889, 0.8889, 0.3500),
            (-9.4444, 0.8889, 0.3500),
            (-9.0000, 0.8889, 0.3500),
            (-8.5556, 0.8889, 0.3500),
            (-8.1111, 0.8889, 0.3500),
            (-7.6667, 0.8889, 0.3000),
            (-7.2222, 0.8889, 0.2500),
            (-6.7778, 0.8889, 0.2000),
            (-6.3333, 0.8889, 0.1500),
            (-5.8889, 0.8889, 0.1000),
            (-5.4444, 0.8889, 0.0500),
            (-5.0000, 0.8889, 0.0000),
            (-13.0000, 1.3333, 0.0000),
            (-12.5556, 1.3333, 0.0500),
            (-12.1111, 1.3333, 0.1000),
            (-11.6667, 1.3333, 0.1500),
            (-11.2222, 1.3333, 0.2000),
            (-10.7778, 1.3333, 0.2500),
            (-10.3333, 1.3333, 0.3000),
            (-9.8889, 1.3333, 0.3000),
            (-9.4444, 1.3333, 0.3000),
            (-9.0000, 1.3333, 0.3000),
            (-8.5556, 1.3333, 0.3000),
            (-8.1111, 1.3333, 0.3000),
            (-7.6667, 1.3333, 0.3000),
            (-7.2222, 1.3333, 0.2500),
            (-6.7778, 1.3333, 0.2000),
            (-6.3333, 1.3333, 0.1500),
            (-5.8889, 1.3333, 0.1000),
            (-5.4444, 1.3333, 0.0500),
            (-5.0000, 1.3333, 0.0000),
            (-13.0000, 1.7778, 0.0000),
            (-12.5556, 1.7778, 0.0500),
            (-12.1111, 1.7778, 0.1000),
            (-11.6667, 1.7778, 0.1500),
            (-11.2222, 1.7778, 0.2000),
            (-10.7778, 1.7778, 0.2500),
            (-10.3333, 1.7778, 0.2500),
            (-9.8889, 1.7778, 0.2500),
            (-9.4444, 1.7778, 0.2500),
            (-9.0000, 1.7778, 0.2500),
            (-8.5556, 1.7778, 0.2500),
            (-8.1111, 1.7778, 0.2500),
            (-7.6667, 1.7778, 0.2500),
            (-7.2222, 1.7778, 0.2500),
            (-6.7778, 1.7778, 0.2000),
            (-6.3333, 1.7778, 0.1500),
            (-5.8889, 1.7778, 0.1000),
            (-5.4444, 1.7778, 0.0500),
            (-5.0000, 1.7778, 0.0000),
            (-13.0000, 2.2222, 0.0000),
            (-12.5556, 2.2222, 0.0500),
            (-12.1111, 2.2222, 0.1000),
            (-11.6667, 2.2222, 0.1500),
            (-11.2222, 2.2222, 0.2000),
            (-10.7778, 2.2222, 0.2000),
            (-10.3333, 2.2222, 0.2000),
            (-9.8889, 2.2222, 0.2000),
            (-9.4444, 2.2222, 0.2000),
            (-9.0000, 2.2222, 0.2000),
            (-8.5556, 2.2222, 0.2000),
            (-8.1111, 2.2222, 0.2000),
            (-7.6667, 2.2222, 0.2000),
            (-7.2222, 2.2222, 0.2000),
            (-6.7778, 2.2222, 0.2000),
            (-6.3333, 2.2222, 0.1500),
            (-5.8889, 2.2222, 0.1000),
            (-5.4444, 2.2222, 0.0500),
            (-5.0000, 2.2222, 0.0000),
            (-13.0000, 2.6667, 0.0000),
            (-12.5556, 2.6667, 0.0500),
            (-12.1111, 2.6667, 0.1000),
            (-11.6667, 2.6667, 0.1500),
            (-11.2222, 2.6667, 0.1500),
            (-10.7778, 2.6667, 0.1500),
            (-10.3333, 2.6667, 0.1500),
            (-9.8889, 2.6667, 0.1500),
            (-9.4444, 2.6667, 0.1500),
            (-9.0000, 2.6667, 0.1500),
            (-8.5556, 2.6667, 0.1500),
            (-8.1111, 2.6667, 0.1500),
            (-7.6667, 2.6667, 0.1500),
            (-7.2222, 2.6667, 0.1500),
            (-6.7778, 2.6667, 0.1500),
            (-6.3333, 2.6667, 0.1500),
            (-5.8889, 2.6667, 0.1000),
            (-5.4444, 2.6667, 0.0500),
            (-5.0000, 2.6667, 0.0000),
            (-13.0000, 3.1111, 0.0000),
            (-12.5556, 3.1111, 0.0500),
            (-12.1111, 3.1111, 0.1000),
            (-11.6667, 3.1111, 0.1000),
            (-11.2222, 3.1111, 0.1000),
            (-10.7778, 3.1111, 0.1000),
            (-10.3333, 3.1111, 0.1000),
            (-9.8889, 3.1111, 0.1000),
            (-9.4444, 3.1111, 0.1000),
            (-9.0000, 3.1111, 0.1000),
            (-8.5556, 3.1111, 0.1000),
            (-8.1111, 3.1111, 0.1000),
            (-7.6667, 3.1111, 0.1000),
            (-7.2222, 3.1111, 0.1000),
            (-6.7778, 3.1111, 0.1000),
            (-6.3333, 3.1111, 0.1000),
            (-5.8889, 3.1111, 0.1000),
            (-5.4444, 3.1111, 0.0500),
            (-5.0000, 3.1111, 0.0000),
            (-13.0000, 3.5556, 0.0000),
            (-12.5556, 3.5556, 0.0500),
            (-12.1111, 3.5556, 0.0500),
            (-11.6667, 3.5556, 0.0500),
            (-11.2222, 3.5556, 0.0500),
            (-10.7778, 3.5556, 0.0500),
            (-10.3333, 3.5556, 0.0500),
            (-9.8889, 3.5556, 0.0500),
            (-9.4444, 3.5556, 0.0500),
            (-9.0000, 3.5556, 0.0500),
            (-8.5556, 3.5556, 0.0500),
            (-8.1111, 3.5556, 0.0500),
            (-7.6667, 3.5556, 0.0500),
            (-7.2222, 3.5556, 0.0500),
            (-6.7778, 3.5556, 0.0500),
            (-6.3333, 3.5556, 0.0500),
            (-5.8889, 3.5556, 0.0500),
            (-5.4444, 3.5556, 0.0500),
            (-5.0000, 3.5556, 0.0000),
            (-13.0000, 4.0000, 0.0000),
            (-12.5556, 4.0000, 0.0000),
            (-12.1111, 4.0000, 0.0000),
            (-11.6667, 4.0000, 0.0000),
            (-11.2222, 4.0000, 0.0000),
            (-10.7778, 4.0000, 0.0000),
            (-10.3333, 4.0000, 0.0000),
            (-9.8889, 4.0000, 0.0000),
            (-9.4444, 4.0000, 0.0000),
            (-9.0000, 4.0000, 0.0000),
            (-8.5556, 4.0000, 0.0000),
            (-8.1111, 4.0000, 0.0000),
            (-7.6667, 4.0000, 0.0000),
            (-7.2222, 4.0000, 0.0000),
            (-6.7778, 4.0000, 0.0000),
            (-6.3333, 4.0000, 0.0000),
            (-5.8889, 4.0000, 0.0000),
            (-5.4444, 4.0000, 0.0000),
            (-5.0000, 4.0000, 0.0000),
        ]
        int[] faceVertexCounts = [4, 4, 4, 4, 4, 4, 4, 4, 4, 4, 4, 4, 4, 4, 4, 4, 4, 4, 4, 4, 4, 4, 4, 4, 4, 4, 4, 4, 4, 4, 4, 4, 4, 4, 4, 4, 4, 4, 4, 4, 4, 4, 4, 4, 4, 4, 4, 4, 4, 4, 4, 4, 4, 4, 4, 4, 4, 4, 4, 4, 4, 4, 4, 4, 4, 4, 4, 4, 4, 4, 4, 4, 4, 4, 4, 4, 4, 4, 4, 4, 4, 4, 4, 4, 4, 4, 4, 4, 4, 4, 4, 4, 4, 4, 4, 4, 4, 4, 4, 4, 4, 4, 4, 4, 4, 4, 4, 4, 4, 4, 4, 4, 4, 4, 4, 4, 4, 4, 4, 4, 4, 4, 4, 4, 4, 4, 4, 4, 4, 4, 4, 4, 4, 4, 4, 4, 4, 4, 4, 4, 4, 4, 4, 4, 4, 4, 4, 4, 4, 4, 4, 4, 4, 4, 4, 4, 4, 4, 4, 4, 4, 4, 4, 4, 4, 4, 4, 4, 4, 4, 4, 4, 4, 4, 4, 4, 4, 4, 4, 4, 4, 4, 4, 4, 4, 4, 4, 4, 4, 4, 4, 4, 4, 4, 4, 4, 4, 4, 4, 4, 4, 4, 4, 4, 4, 4, 4, 4, 4, 4, 4, 4, 4, 4, 4, 4, 4, 4, 4, 4, 4, 4, 4, 4, 4, 4, 4, 4, 4, 4, 4, 4, 4, 4, 4, 4, 4, 4, 4, 4, 4, 4, 4, 4, 4, 4, 4, 4, 4, 4, 4, 4, 4, 4, 4, 4, 4, 4, 4, 4, 4, 4, 4, 4, 4, 4, 4, 4, 4, 4, 4, 4, 4, 4, 4, 4, 4, 4, 4, 4, 4, 4, 4, 4, 4, 4, 4, 4, 4, 4, 4, 4, 4, 4, 4, 4, 4, 4, 4, 4, 4, 4, 4, 4, 4, 4, 4, 4, 4, 4, 4, 4, 4, 4, 4, 4, 4, 4, 4, 4, 4, 4, 4, 4]
        int[] faceVertexIndices = [
            0, 1, 20, 19, 1, 2, 21, 20, 2, 3, 22, 21, 3, 4, 23, 22,
            4, 5, 24, 23, 5, 6, 25, 24, 6, 7, 26, 25, 7, 8, 27, 26,
            8, 9, 28, 27, 9, 10, 29, 28, 10, 11, 30, 29, 11, 12, 31, 30,
            12, 13, 32, 31, 13, 14, 33, 32, 14, 15, 34, 33, 15, 16, 35, 34,
            16, 17, 36, 35, 17, 18, 37, 36, 19, 20, 39, 38, 20, 21, 40, 39,
            21, 22, 41, 40, 22, 23, 42, 41, 23, 24, 43, 42, 24, 25, 44, 43,
            25, 26, 45, 44, 26, 27, 46, 45, 27, 28, 47, 46, 28, 29, 48, 47,
            29, 30, 49, 48, 30, 31, 50, 49, 31, 32, 51, 50, 32, 33, 52, 51,
            33, 34, 53, 52, 34, 35, 54, 53, 35, 36, 55, 54, 36, 37, 56, 55,
            38, 39, 58, 57, 39, 40, 59, 58, 40, 41, 60, 59, 41, 42, 61, 60,
            42, 43, 62, 61, 43, 44, 63, 62, 44, 45, 64, 63, 45, 46, 65, 64,
            46, 47, 66, 65, 47, 48, 67, 66, 48, 49, 68, 67, 49, 50, 69, 68,
            50, 51, 70, 69, 51, 52, 71, 70, 52, 53, 72, 71, 53, 54, 73, 72,
            54, 55, 74, 73, 55, 56, 75, 74, 57, 58, 77, 76, 58, 59, 78, 77,
            59, 60, 79, 78, 60, 61, 80, 79, 61, 62, 81, 80, 62, 63, 82, 81,
            63, 64, 83, 82, 64, 65, 84, 83, 65, 66, 85, 84, 66, 67, 86, 85,
            67, 68, 87, 86, 68, 69, 88, 87, 69, 70, 89, 88, 70, 71, 90, 89,
            71, 72, 91, 90, 72, 73, 92, 91, 73, 74, 93, 92, 74, 75, 94, 93,
            76, 77, 96, 95, 77, 78, 97, 96, 78, 79, 98, 97, 79, 80, 99, 98,
            80, 81, 100, 99, 81, 82, 101, 100, 82, 83, 102, 101, 83, 84, 103, 102,
            84, 85, 104, 103, 85, 86, 105, 104, 86, 87, 106, 105, 87, 88, 107, 106,
            88, 89, 108, 107, 89, 90, 109, 108, 90, 91, 110, 109, 91, 92, 111, 110,
            92, 93, 112, 111, 93, 94, 113, 112, 95, 96, 115, 114, 96, 97, 116, 115,
            97, 98, 117, 116, 98, 99, 118, 117, 99, 100, 119, 118, 100, 101, 120, 119,
            101, 102, 121, 120, 102, 103, 122, 121, 103, 104, 123, 122, 104, 105, 124, 123,
            105, 106, 125, 124, 106, 107, 126, 125, 107, 108, 127, 126, 108, 109, 128, 127,
            109, 110, 129, 128, 110, 111, 130, 129, 111, 112, 131, 130, 112, 113, 132, 131,
            114, 115, 134, 133, 115, 116, 135, 134, 116, 117, 136, 135, 117, 118, 137, 136,
            118, 119, 138, 137, 119, 120, 139, 138, 120, 121, 140, 139, 121, 122, 141, 140,
            122, 123, 142, 141, 123, 124, 143, 142, 124, 125, 144, 143, 125, 126, 145, 144,
            126, 127, 146, 145, 127, 128, 147, 146, 128, 129, 148, 147, 129, 130, 149, 148,
            130, 131, 150, 149, 131, 132, 151, 150, 133, 134, 153, 152, 134, 135, 154, 153,
            135, 136, 155, 154, 136, 137, 156, 155, 137, 138, 157, 156, 138, 139, 158, 157,
            139, 140, 159, 158, 140, 141, 160, 159, 141, 142, 161, 160, 142, 143, 162, 161,
            143, 144, 163, 162, 144, 145, 164, 163, 145, 146, 165, 164, 146, 147, 166, 165,
            147, 148, 167, 166, 148, 149, 168, 167, 149, 150, 169, 168, 150, 151, 170, 169,
            152, 153, 172, 171, 153, 154, 173, 172, 154, 155, 174, 173, 155, 156, 175, 174,
            156, 157, 176, 175, 157, 158, 177, 176, 158, 159, 178, 177, 159, 160, 179, 178,
            160, 161, 180, 179, 161, 162, 181, 180, 162, 163, 182, 181, 163, 164, 183, 182,
            164, 165, 184, 183, 165, 166, 185, 184, 166, 167, 186, 185, 167, 168, 187, 186,
            168, 169, 188, 187, 169, 170, 189, 188, 171, 172, 191, 190, 172, 173, 192, 191,
            173, 174, 193, 192, 174, 175, 194, 193, 175, 176, 195, 194, 176, 177, 196, 195,
            177, 178, 197, 196, 178, 179, 198, 197, 179, 180, 199, 198, 180, 181, 200, 199,
            181, 182, 201, 200, 182, 183, 202, 201, 183, 184, 203, 202, 184, 185, 204, 203,
            185, 186, 205, 204, 186, 187, 206, 205, 187, 188, 207, 206, 188, 189, 208, 207,
            190, 191, 210, 209, 191, 192, 211, 210, 192, 193, 212, 211, 193, 194, 213, 212,
            194, 195, 214, 213, 195, 196, 215, 214, 196, 197, 216, 215, 197, 198, 217, 216,
            198, 199, 218, 217, 199, 200, 219, 218, 200, 201, 220, 219, 201, 202, 221, 220,
            202, 203, 222, 221, 203, 204, 223, 222, 204, 205, 224, 223, 205, 206, 225, 224,
            206, 207, 226, 225, 207, 208, 227, 226, 209, 210, 229, 228, 210, 211, 230, 229,
            211, 212, 231, 230, 212, 213, 232, 231, 213, 214, 233, 232, 214, 215, 234, 233,
            215, 216, 235, 234, 216, 217, 236, 235, 217, 218, 237, 236, 218, 219, 238, 237,
            219, 220, 239, 238, 220, 221, 240, 239, 221, 222, 241, 240, 222, 223, 242, 241,
            223, 224, 243, 242, 224, 225, 244, 243, 225, 226, 245, 244, 226, 227, 246, 245,
            228, 229, 248, 247, 229, 230, 249, 248, 230, 231, 250, 249, 231, 232, 251, 250,
            232, 233, 252, 251, 233, 234, 253, 252, 234, 235, 254, 253, 235, 236, 255, 254,
            236, 237, 256, 255, 237, 238, 257, 256, 238, 239, 258, 257, 239, 240, 259, 258,
            240, 241, 260, 259, 241, 242, 261, 260, 242, 243, 262, 261, 243, 244, 263, 262,
            244, 245, 264, 263, 245, 246, 265, 264, 247, 248, 267, 266, 248, 249, 268, 267,
            249, 250, 269, 268, 250, 251, 270, 269, 251, 252, 271, 270, 252, 253, 272, 271,
            253, 254, 273, 272, 254, 255, 274, 273, 255, 256, 275, 274, 256, 257, 276, 275,
            257, 258, 277, 276, 258, 259, 278, 277, 259, 260, 279, 278, 260, 261, 280, 279,
            261, 262, 281, 280, 262, 263, 282, 281, 263, 264, 283, 282, 264, 265, 284, 283,
            266, 267, 286, 285, 267, 268, 287, 286, 268, 269, 288, 287, 269, 270, 289, 288,
            270, 271, 290, 289, 271, 272, 291, 290, 272, 273, 292, 291, 273, 274, 293, 292,
            274, 275, 294, 293, 275, 276, 295, 294, 276, 277, 296, 295, 277, 278, 297, 296,
            278, 279, 298, 297, 279, 280, 299, 298, 280, 281, 300, 299, 281, 282, 301, 300,
            282, 283, 302, 301, 283, 284, 303, 302, 285, 286, 305, 304, 286, 287, 306, 305,
            287, 288, 307, 306, 288, 289, 308, 307, 289, 290, 309, 308, 290, 291, 310, 309,
            291, 292, 311, 310, 292, 293, 312, 311, 293, 294, 313, 312, 294, 295, 314, 313,
            295, 296, 315, 314, 296, 297, 316, 315, 297, 298, 317, 316, 298, 299, 318, 317,
            299, 300, 319, 318, 300, 301, 320, 319, 301, 302, 321, 320, 302, 303, 322, 321,
            304, 305, 324, 323, 305, 306, 325, 324, 306, 307, 326, 325, 307, 308, 327, 326,
            308, 309, 328, 327, 309, 310, 329, 328, 310, 311, 330, 329, 311, 312, 331, 330,
            312, 313, 332, 331, 313, 314, 333, 332, 314, 315, 334, 333, 315, 316, 335, 334,
            316, 317, 336, 335, 317, 318, 337, 336, 318, 319, 338, 337, 319, 320, 339, 338,
            320, 321, 340, 339, 321, 322, 341, 340, 323, 324, 343, 342, 324, 325, 344, 343,
            325, 326, 345, 344, 326, 327, 346, 345, 327, 328, 347, 346, 328, 329, 348, 347,
            329, 330, 349, 348, 330, 331, 350, 349, 331, 332, 351, 350, 332, 333, 352, 351,
            333, 334, 353, 352, 334, 335, 354, 353, 335, 336, 355, 354, 336, 337, 356, 355,
            337, 338, 357, 356, 338, 339, 358, 357, 339, 340, 359, 358, 340, 341, 360, 359,
        ]
        float3[] extent = [(-13.0000, -4.0000, 0.0000), (-5.0000, 4.0000, 0.4500)]
        rel material:binding = </MultiTerrainMap/Looks/SlopeBlueGray> (
            bindMaterialAs = "weakerThanDescendants"
        )
        uniform token purpose = "default"
    }

    def Mesh "Tile_11_Stairs_Base" (
        apiSchemas = ["MaterialBindingAPI"]
    )
    {
        string doc = "Base under stair tile."
        uniform token subdivisionScheme = "none"
        point3f[] points = [
            (-4.0000, -4.0000, -0.0600),
            (4.0000, -4.0000, -0.0600),
            (4.0000, 4.0000, -0.0600),
            (-4.0000, 4.0000, -0.0600),
            (-4.0000, -4.0000, 0.0000),
            (4.0000, -4.0000, 0.0000),
            (4.0000, 4.0000, 0.0000),
            (-4.0000, 4.0000, 0.0000),
        ]
        int[] faceVertexCounts = [4, 4, 4, 4, 4, 4]
        int[] faceVertexIndices = [
            0, 1, 2, 3, 4, 7, 6, 5, 0, 4, 5, 1, 1, 5, 6, 2,
            2, 6, 7, 3, 3, 7, 4, 0,
        ]
        float3[] extent = [(-4.0000, -4.0000, -0.0600), (4.0000, 4.0000, 0.0000)]
        rel material:binding = </MultiTerrainMap/Looks/StairStone> (
            bindMaterialAs = "weakerThanDescendants"
        )
        uniform token purpose = "default"
    }

    def Mesh "Tile_11_Stairs_Step_00" (
        apiSchemas = ["MaterialBindingAPI"]
    )
    {
        uniform token subdivisionScheme = "none"
        point3f[] points = [
            (-4.0100, -4.0000, 0.0000),
            (-3.1900, -4.0000, 0.0000),
            (-3.1900, 4.0000, 0.0000),
            (-4.0100, 4.0000, 0.0000),
            (-4.0100, -4.0000, 0.0200),
            (-3.1900, -4.0000, 0.0200),
            (-3.1900, 4.0000, 0.0200),
            (-4.0100, 4.0000, 0.0200),
        ]
        int[] faceVertexCounts = [4, 4, 4, 4, 4, 4]
        int[] faceVertexIndices = [
            0, 1, 2, 3, 4, 7, 6, 5, 0, 4, 5, 1, 1, 5, 6, 2,
            2, 6, 7, 3, 3, 7, 4, 0,
        ]
        float3[] extent = [(-4.0100, -4.0000, 0.0000), (-3.1900, 4.0000, 0.0200)]
        rel material:binding = </MultiTerrainMap/Looks/StairStone> (
            bindMaterialAs = "weakerThanDescendants"
        )
        uniform token purpose = "default"
    }

    def Mesh "Tile_11_Stairs_Step_01" (
        apiSchemas = ["MaterialBindingAPI"]
    )
    {
        uniform token subdivisionScheme = "none"
        point3f[] points = [
            (-3.2100, -4.0000, 0.0000),
            (-2.3900, -4.0000, 0.0000),
            (-2.3900, 4.0000, 0.0000),
            (-3.2100, 4.0000, 0.0000),
            (-3.2100, -4.0000, 0.0550),
            (-2.3900, -4.0000, 0.0550),
            (-2.3900, 4.0000, 0.0550),
            (-3.2100, 4.0000, 0.0550),
        ]
        int[] faceVertexCounts = [4, 4, 4, 4, 4, 4]
        int[] faceVertexIndices = [
            0, 1, 2, 3, 4, 7, 6, 5, 0, 4, 5, 1, 1, 5, 6, 2,
            2, 6, 7, 3, 3, 7, 4, 0,
        ]
        float3[] extent = [(-3.2100, -4.0000, 0.0000), (-2.3900, 4.0000, 0.0550)]
        rel material:binding = </MultiTerrainMap/Looks/StairStone> (
            bindMaterialAs = "weakerThanDescendants"
        )
        uniform token purpose = "default"
    }

    def Mesh "Tile_11_Stairs_Step_02" (
        apiSchemas = ["MaterialBindingAPI"]
    )
    {
        uniform token subdivisionScheme = "none"
        point3f[] points = [
            (-2.4100, -4.0000, 0.0000),
            (-1.5900, -4.0000, 0.0000),
            (-1.5900, 4.0000, 0.0000),
            (-2.4100, 4.0000, 0.0000),
            (-2.4100, -4.0000, 0.0900),
            (-1.5900, -4.0000, 0.0900),
            (-1.5900, 4.0000, 0.0900),
            (-2.4100, 4.0000, 0.0900),
        ]
        int[] faceVertexCounts = [4, 4, 4, 4, 4, 4]
        int[] faceVertexIndices = [
            0, 1, 2, 3, 4, 7, 6, 5, 0, 4, 5, 1, 1, 5, 6, 2,
            2, 6, 7, 3, 3, 7, 4, 0,
        ]
        float3[] extent = [(-2.4100, -4.0000, 0.0000), (-1.5900, 4.0000, 0.0900)]
        rel material:binding = </MultiTerrainMap/Looks/StairStone> (
            bindMaterialAs = "weakerThanDescendants"
        )
        uniform token purpose = "default"
    }

    def Mesh "Tile_11_Stairs_Step_03" (
        apiSchemas = ["MaterialBindingAPI"]
    )
    {
        uniform token subdivisionScheme = "none"
        point3f[] points = [
            (-1.6100, -4.0000, 0.0000),
            (-0.7900, -4.0000, 0.0000),
            (-0.7900, 4.0000, 0.0000),
            (-1.6100, 4.0000, 0.0000),
            (-1.6100, -4.0000, 0.1250),
            (-0.7900, -4.0000, 0.1250),
            (-0.7900, 4.0000, 0.1250),
            (-1.6100, 4.0000, 0.1250),
        ]
        int[] faceVertexCounts = [4, 4, 4, 4, 4, 4]
        int[] faceVertexIndices = [
            0, 1, 2, 3, 4, 7, 6, 5, 0, 4, 5, 1, 1, 5, 6, 2,
            2, 6, 7, 3, 3, 7, 4, 0,
        ]
        float3[] extent = [(-1.6100, -4.0000, 0.0000), (-0.7900, 4.0000, 0.1250)]
        rel material:binding = </MultiTerrainMap/Looks/StairStone> (
            bindMaterialAs = "weakerThanDescendants"
        )
        uniform token purpose = "default"
    }

    def Mesh "Tile_11_Stairs_Step_04" (
        apiSchemas = ["MaterialBindingAPI"]
    )
    {
        uniform token subdivisionScheme = "none"
        point3f[] points = [
            (-0.8100, -4.0000, 0.0000),
            (0.0100, -4.0000, 0.0000),
            (0.0100, 4.0000, 0.0000),
            (-0.8100, 4.0000, 0.0000),
            (-0.8100, -4.0000, 0.1600),
            (0.0100, -4.0000, 0.1600),
            (0.0100, 4.0000, 0.1600),
            (-0.8100, 4.0000, 0.1600),
        ]
        int[] faceVertexCounts = [4, 4, 4, 4, 4, 4]
        int[] faceVertexIndices = [
            0, 1, 2, 3, 4, 7, 6, 5, 0, 4, 5, 1, 1, 5, 6, 2,
            2, 6, 7, 3, 3, 7, 4, 0,
        ]
        float3[] extent = [(-0.8100, -4.0000, 0.0000), (0.0100, 4.0000, 0.1600)]
        rel material:binding = </MultiTerrainMap/Looks/StairStone> (
            bindMaterialAs = "weakerThanDescendants"
        )
        uniform token purpose = "default"
    }

    def Mesh "Tile_11_Stairs_Step_05" (
        apiSchemas = ["MaterialBindingAPI"]
    )
    {
        uniform token subdivisionScheme = "none"
        point3f[] points = [
            (-0.0100, -4.0000, 0.0000),
            (0.8100, -4.0000, 0.0000),
            (0.8100, 4.0000, 0.0000),
            (-0.0100, 4.0000, 0.0000),
            (-0.0100, -4.0000, 0.1950),
            (0.8100, -4.0000, 0.1950),
            (0.8100, 4.0000, 0.1950),
            (-0.0100, 4.0000, 0.1950),
        ]
        int[] faceVertexCounts = [4, 4, 4, 4, 4, 4]
        int[] faceVertexIndices = [
            0, 1, 2, 3, 4, 7, 6, 5, 0, 4, 5, 1, 1, 5, 6, 2,
            2, 6, 7, 3, 3, 7, 4, 0,
        ]
        float3[] extent = [(-0.0100, -4.0000, 0.0000), (0.8100, 4.0000, 0.1950)]
        rel material:binding = </MultiTerrainMap/Looks/StairStone> (
            bindMaterialAs = "weakerThanDescendants"
        )
        uniform token purpose = "default"
    }

    def Mesh "Tile_11_Stairs_Step_06" (
        apiSchemas = ["MaterialBindingAPI"]
    )
    {
        uniform token subdivisionScheme = "none"
        point3f[] points = [
            (0.7900, -4.0000, 0.0000),
            (1.6100, -4.0000, 0.0000),
            (1.6100, 4.0000, 0.0000),
            (0.7900, 4.0000, 0.0000),
            (0.7900, -4.0000, 0.2300),
            (1.6100, -4.0000, 0.2300),
            (1.6100, 4.0000, 0.2300),
            (0.7900, 4.0000, 0.2300),
        ]
        int[] faceVertexCounts = [4, 4, 4, 4, 4, 4]
        int[] faceVertexIndices = [
            0, 1, 2, 3, 4, 7, 6, 5, 0, 4, 5, 1, 1, 5, 6, 2,
            2, 6, 7, 3, 3, 7, 4, 0,
        ]
        float3[] extent = [(0.7900, -4.0000, 0.0000), (1.6100, 4.0000, 0.2300)]
        rel material:binding = </MultiTerrainMap/Looks/StairStone> (
            bindMaterialAs = "weakerThanDescendants"
        )
        uniform token purpose = "default"
    }

    def Mesh "Tile_11_Stairs_Step_07" (
        apiSchemas = ["MaterialBindingAPI"]
    )
    {
        uniform token subdivisionScheme = "none"
        point3f[] points = [
            (1.5900, -4.0000, 0.0000),
            (2.4100, -4.0000, 0.0000),
            (2.4100, 4.0000, 0.0000),
            (1.5900, 4.0000, 0.0000),
            (1.5900, -4.0000, 0.2650),
            (2.4100, -4.0000, 0.2650),
            (2.4100, 4.0000, 0.2650),
            (1.5900, 4.0000, 0.2650),
        ]
        int[] faceVertexCounts = [4, 4, 4, 4, 4, 4]
        int[] faceVertexIndices = [
            0, 1, 2, 3, 4, 7, 6, 5, 0, 4, 5, 1, 1, 5, 6, 2,
            2, 6, 7, 3, 3, 7, 4, 0,
        ]
        float3[] extent = [(1.5900, -4.0000, 0.0000), (2.4100, 4.0000, 0.2650)]
        rel material:binding = </MultiTerrainMap/Looks/StairStone> (
            bindMaterialAs = "weakerThanDescendants"
        )
        uniform token purpose = "default"
    }

    def Mesh "Tile_11_Stairs_Step_08" (
        apiSchemas = ["MaterialBindingAPI"]
    )
    {
        uniform token subdivisionScheme = "none"
        point3f[] points = [
            (2.3900, -4.0000, 0.0000),
            (3.2100, -4.0000, 0.0000),
            (3.2100, 4.0000, 0.0000),
            (2.3900, 4.0000, 0.0000),
            (2.3900, -4.0000, 0.3000),
            (3.2100, -4.0000, 0.3000),
            (3.2100, 4.0000, 0.3000),
            (2.3900, 4.0000, 0.3000),
        ]
        int[] faceVertexCounts = [4, 4, 4, 4, 4, 4]
        int[] faceVertexIndices = [
            0, 1, 2, 3, 4, 7, 6, 5, 0, 4, 5, 1, 1, 5, 6, 2,
            2, 6, 7, 3, 3, 7, 4, 0,
        ]
        float3[] extent = [(2.3900, -4.0000, 0.0000), (3.2100, 4.0000, 0.3000)]
        rel material:binding = </MultiTerrainMap/Looks/StairStone> (
            bindMaterialAs = "weakerThanDescendants"
        )
        uniform token purpose = "default"
    }

    def Mesh "Tile_11_Stairs_Step_09" (
        apiSchemas = ["MaterialBindingAPI"]
    )
    {
        uniform token subdivisionScheme = "none"
        point3f[] points = [
            (3.1900, -4.0000, 0.0000),
            (4.0100, -4.0000, 0.0000),
            (4.0100, 4.0000, 0.0000),
            (3.1900, 4.0000, 0.0000),
            (3.1900, -4.0000, 0.3350),
            (4.0100, -4.0000, 0.3350),
            (4.0100, 4.0000, 0.3350),
            (3.1900, 4.0000, 0.3350),
        ]
        int[] faceVertexCounts = [4, 4, 4, 4, 4, 4]
        int[] faceVertexIndices = [
            0, 1, 2, 3, 4, 7, 6, 5, 0, 4, 5, 1, 1, 5, 6, 2,
            2, 6, 7, 3, 3, 7, 4, 0,
        ]
        float3[] extent = [(3.1900, -4.0000, 0.0000), (4.0100, 4.0000, 0.3350)]
        rel material:binding = </MultiTerrainMap/Looks/StairStone> (
            bindMaterialAs = "weakerThanDescendants"
        )
        uniform token purpose = "default"
    }

    def Mesh "Tile_12_Waves" (
        apiSchemas = ["MaterialBindingAPI"]
    )
    {
        string doc = "Wave terrain tile."
        uniform token subdivisionScheme = "none"
        point3f[] points = [
            (5.0000, -4.0000, 0.0038),
            (5.2500, -4.0000, -0.0056),
            (5.5000, -4.0000, -0.0129),
            (5.7500, -4.0000, -0.0157),
            (6.0000, -4.0000, -0.0129),
            (6.2500, -4.0000, -0.0056),
            (6.5000, -4.0000, 0.0038),
            (6.7500, -4.0000, 0.0117),
            (7.0000, -4.0000, 0.0156),
            (7.2500, -4.0000, 0.0139),
            (7.5000, -4.0000, 0.0073),
            (7.7500, -4.0000, -0.0019),
            (8.0000, -4.0000, -0.0104),
            (8.2500, -4.0000, -0.0152),
            (8.5000, -4.0000, -0.0147),
            (8.7500, -4.0000, -0.0089),
            (9.0000, -4.0000, 0.0000),
            (9.2500, -4.0000, 0.0089),
            (9.5000, -4.0000, 0.0147),
            (9.7500, -4.0000, 0.0152),
            (10.0000, -4.0000, 0.0104),
            (10.2500, -4.0000, 0.0019),
            (10.5000, -4.0000, -0.0073),
            (10.7500, -4.0000, -0.0139),
            (11.0000, -4.0000, -0.0156),
            (11.2500, -4.0000, -0.0117),
            (11.5000, -4.0000, -0.0038),
            (11.7500, -4.0000, 0.0056),
            (12.0000, -4.0000, 0.0129),
            (12.2500, -4.0000, 0.0157),
            (12.5000, -4.0000, 0.0129),
            (12.7500, -4.0000, 0.0056),
            (13.0000, -4.0000, -0.0038),
            (5.0000, -3.7500, -0.0056),
            (5.2500, -3.7500, 0.0083),
            (5.5000, -3.7500, 0.0193),
            (5.7500, -3.7500, 0.0234),
            (6.0000, -3.7500, 0.0193),
            (6.2500, -3.7500, 0.0083),
            (6.5000, -3.7500, -0.0056),
            (6.7500, -3.7500, -0.0175),
            (7.0000, -3.7500, -0.0233),
            (7.2500, -3.7500, -0.0207),
            (7.5000, -3.7500, -0.0109),
            (7.7500, -3.7500, 0.0028),
            (8.0000, -3.7500, 0.0155),
            (8.2500, -3.7500, 0.0228),
            (8.5000, -3.7500, 0.0219),
            (8.7500, -3.7500, 0.0133),
            (9.0000, -3.7500, -0.0000),
            (9.2500, -3.7500, -0.0133),
            (9.5000, -3.7500, -0.0219),
            (9.7500, -3.7500, -0.0228),
            (10.0000, -3.7500, -0.0155),
            (10.2500, -3.7500, -0.0028),
            (10.5000, -3.7500, 0.0109),
            (10.7500, -3.7500, 0.0207),
            (11.0000, -3.7500, 0.0233),
            (11.2500, -3.7500, 0.0175),
            (11.5000, -3.7500, 0.0056),
            (11.7500, -3.7500, -0.0083),
            (12.0000, -3.7500, -0.0193),
            (12.2500, -3.7500, -0.0234),
            (12.5000, -3.7500, -0.0193),
            (12.7500, -3.7500, -0.0083),
            (13.0000, -3.7500, 0.0056),
            (5.0000, -3.5000, -0.0145),
            (5.2500, -3.5000, 0.0214),
            (5.5000, -3.5000, 0.0497),
            (5.7500, -3.5000, 0.0604),
            (6.0000, -3.5000, 0.0497),
            (6.2500, -3.5000, 0.0214),
            (6.5000, -3.5000, -0.0145),
            (6.7500, -3.5000, -0.0452),
            (7.0000, -3.5000, -0.0600),
            (7.2500, -3.5000, -0.0535),
            (7.5000, -3.5000, -0.0281),
            (7.7500, -3.5000, 0.0073),
            (8.0000, -3.5000, 0.0401),
            (8.2500, -3.5000, 0.0587),
            (8.5000, -3.5000, 0.0565),
            (8.7500, -3.5000, 0.0343),
            (9.0000, -3.5000, -0.0000),
            (9.2500, -3.5000, -0.0343),
            (9.5000, -3.5000, -0.0565),
            (9.7500, -3.5000, -0.0587),
            (10.0000, -3.5000, -0.0401),
            (10.2500, -3.5000, -0.0073),
            (10.5000, -3.5000, 0.0281),
            (10.7500, -3.5000, 0.0535),
            (11.0000, -3.5000, 0.0600),
            (11.2500, -3.5000, 0.0452),
            (11.5000, -3.5000, 0.0145),
            (11.7500, -3.5000, -0.0214),
            (12.0000, -3.5000, -0.0497),
            (12.2500, -3.5000, -0.0604),
            (12.5000, -3.5000, -0.0497),
            (12.7500, -3.5000, -0.0214),
            (13.0000, -3.5000, 0.0145),
            (5.0000, -3.2500, -0.0220),
            (5.2500, -3.2500, 0.0326),
            (5.5000, -3.2500, 0.0757),
            (5.7500, -3.2500, 0.0919),
            (6.0000, -3.2500, 0.0757),
            (6.2500, -3.2500, 0.0326),
            (6.5000, -3.2500, -0.0220),
            (6.7500, -3.2500, -0.0688),
            (7.0000, -3.2500, -0.0913),
            (7.2500, -3.2500, -0.0814),
            (7.5000, -3.2500, -0.0427),
            (7.7500, -3.2500, 0.0111),
            (8.0000, -3.2500, 0.0610),
            (8.2500, -3.2500, 0.0893),
            (8.5000, -3.2500, 0.0860),
            (8.7500, -3.2500, 0.0522),
            (9.0000, -3.2500, -0.0000),
            (9.2500, -3.2500, -0.0522),
            (9.5000, -3.2500, -0.0860),
            (9.7500, -3.2500, -0.0893),
            (10.0000, -3.2500, -0.0610),
            (10.2500, -3.2500, -0.0111),
            (10.5000, -3.2500, 0.0427),
            (10.7500, -3.2500, 0.0814),
            (11.0000, -3.2500, 0.0913),
            (11.2500, -3.2500, 0.0688),
            (11.5000, -3.2500, 0.0220),
            (11.7500, -3.2500, -0.0326),
            (12.0000, -3.2500, -0.0757),
            (12.2500, -3.2500, -0.0919),
            (12.5000, -3.2500, -0.0757),
            (12.7500, -3.2500, -0.0326),
            (13.0000, -3.2500, 0.0220),
            (5.0000, -3.0000, -0.0275),
            (5.2500, -3.0000, 0.0408),
            (5.5000, -3.0000, 0.0947),
            (5.7500, -3.0000, 0.1151),
            (6.0000, -3.0000, 0.0947),
            (6.2500, -3.0000, 0.0408),
            (6.5000, -3.0000, -0.0275),
            (6.7500, -3.0000, -0.0862),
            (7.0000, -3.0000, -0.1143),
            (7.2500, -3.0000, -0.1019),
            (7.5000, -3.0000, -0.0535),
            (7.7500, -3.0000, 0.0139),
            (8.0000, -3.0000, 0.0763),
            (8.2500, -3.0000, 0.1118),
            (8.5000, -3.0000, 0.1076),
            (8.7500, -3.0000, 0.0654),
            (9.0000, -3.0000, -0.0000),
            (9.2500, -3.0000, -0.0654),
            (9.5000, -3.0000, -0.1076),
            (9.7500, -3.0000, -0.1118),
            (10.0000, -3.0000, -0.0763),
            (10.2500, -3.0000, -0.0139),
            (10.5000, -3.0000, 0.0535),
            (10.7500, -3.0000, 0.1019),
            (11.0000, -3.0000, 0.1143),
            (11.2500, -3.0000, 0.0862),
            (11.5000, -3.0000, 0.0275),
            (11.7500, -3.0000, -0.0408),
            (12.0000, -3.0000, -0.0947),
            (12.2500, -3.0000, -0.1151),
            (12.5000, -3.0000, -0.0947),
            (12.7500, -3.0000, -0.0408),
            (13.0000, -3.0000, 0.0275),
            (5.0000, -2.7500, -0.0306),
            (5.2500, -2.7500, 0.0453),
            (5.5000, -2.7500, 0.1052),
            (5.7500, -2.7500, 0.1279),
            (6.0000, -2.7500, 0.1052),
            (6.2500, -2.7500, 0.0453),
            (6.5000, -2.7500, -0.0306),
            (6.7500, -2.7500, -0.0957),
            (7.0000, -2.7500, -0.1269),
            (7.2500, -2.7500, -0.1132),
            (7.5000, -2.7500, -0.0594),
            (7.7500, -2.7500, 0.0154),
            (8.0000, -2.7500, 0.0848),
            (8.2500, -2.7500, 0.1242),
            (8.5000, -2.7500, 0.1196),
            (8.7500, -2.7500, 0.0726),
            (9.0000, -2.7500, -0.0000),
            (9.2500, -2.7500, -0.0726),
            (9.5000, -2.7500, -0.1196),
            (9.7500, -2.7500, -0.1242),
            (10.0000, -2.7500, -0.0848),
            (10.2500, -2.7500, -0.0154),
            (10.5000, -2.7500, 0.0594),
            (10.7500, -2.7500, 0.1132),
            (11.0000, -2.7500, 0.1269),
            (11.2500, -2.7500, 0.0957),
            (11.5000, -2.7500, 0.0306),
            (11.7500, -2.7500, -0.0453),
            (12.0000, -2.7500, -0.1052),
            (12.2500, -2.7500, -0.1279),
            (12.5000, -2.7500, -0.1052),
            (12.7500, -2.7500, -0.0453),
            (13.0000, -2.7500, 0.0306),
            (5.0000, -2.5000, -0.0309),
            (5.2500, -2.5000, 0.0458),
            (5.5000, -2.5000, 0.1062),
            (5.7500, -2.5000, 0.1291),
            (6.0000, -2.5000, 0.1062),
            (6.2500, -2.5000, 0.0458),
            (6.5000, -2.5000, -0.0309),
            (6.7500, -2.5000, -0.0966),
            (7.0000, -2.5000, -0.1281),
            (7.2500, -2.5000, -0.1143),
            (7.5000, -2.5000, -0.0600),
            (7.7500, -2.5000, 0.0156),
            (8.0000, -2.5000, 0.0856),
            (8.2500, -2.5000, 0.1253),
            (8.5000, -2.5000, 0.1207),
            (8.7500, -2.5000, 0.0733),
            (9.0000, -2.5000, -0.0000),
            (9.2500, -2.5000, -0.0733),
            (9.5000, -2.5000, -0.1207),
            (9.7500, -2.5000, -0.1253),
            (10.0000, -2.5000, -0.0856),
            (10.2500, -2.5000, -0.0156),
            (10.5000, -2.5000, 0.0600),
            (10.7500, -2.5000, 0.1143),
            (11.0000, -2.5000, 0.1281),
            (11.2500, -2.5000, 0.0966),
            (11.5000, -2.5000, 0.0309),
            (11.7500, -2.5000, -0.0458),
            (12.0000, -2.5000, -0.1062),
            (12.2500, -2.5000, -0.1291),
            (12.5000, -2.5000, -0.1062),
            (12.7500, -2.5000, -0.0458),
            (13.0000, -2.5000, 0.0309),
            (5.0000, -2.2500, -0.0284),
            (5.2500, -2.2500, 0.0420),
            (5.5000, -2.2500, 0.0976),
            (5.7500, -2.2500, 0.1185),
            (6.0000, -2.2500, 0.0976),
            (6.2500, -2.2500, 0.0420),
            (6.5000, -2.2500, -0.0284),
            (6.7500, -2.2500, -0.0887),
            (7.0000, -2.2500, -0.1177),
            (7.2500, -2.2500, -0.1050),
            (7.5000, -2.2500, -0.0551),
            (7.7500, -2.2500, 0.0143),
            (8.0000, -2.2500, 0.0786),
            (8.2500, -2.2500, 0.1151),
            (8.5000, -2.2500, 0.1108),
            (8.7500, -2.2500, 0.0673),
            (9.0000, -2.2500, -0.0000),
            (9.2500, -2.2500, -0.0673),
            (9.5000, -2.2500, -0.1108),
            (9.7500, -2.2500, -0.1151),
            (10.0000, -2.2500, -0.0786),
            (10.2500, -2.2500, -0.0143),
            (10.5000, -2.2500, 0.0551),
            (10.7500, -2.2500, 0.1050),
            (11.0000, -2.2500, 0.1177),
            (11.2500, -2.2500, 0.0887),
            (11.5000, -2.2500, 0.0284),
            (11.7500, -2.2500, -0.0420),
            (12.0000, -2.2500, -0.0976),
            (12.2500, -2.2500, -0.1185),
            (12.5000, -2.2500, -0.0976),
            (12.7500, -2.2500, -0.0420),
            (13.0000, -2.2500, 0.0284),
            (5.0000, -2.0000, -0.0233),
            (5.2500, -2.0000, 0.0345),
            (5.5000, -2.0000, 0.0801),
            (5.7500, -2.0000, 0.0973),
            (6.0000, -2.0000, 0.0801),
            (6.2500, -2.0000, 0.0345),
            (6.5000, -2.0000, -0.0233),
            (6.7500, -2.0000, -0.0728),
            (7.0000, -2.0000, -0.0966),
            (7.2500, -2.0000, -0.0862),
            (7.5000, -2.0000, -0.0452),
            (7.7500, -2.0000, 0.0117),
            (8.0000, -2.0000, 0.0645),
            (8.2500, -2.0000, 0.0945),
            (8.5000, -2.0000, 0.0910),
            (8.7500, -2.0000, 0.0553),
            (9.0000, -2.0000, -0.0000),
            (9.2500, -2.0000, -0.0553),
            (9.5000, -2.0000, -0.0910),
            (9.7500, -2.0000, -0.0945),
            (10.0000, -2.0000, -0.0645),
            (10.2500, -2.0000, -0.0117),
            (10.5000, -2.0000, 0.0452),
            (10.7500, -2.0000, 0.0862),
            (11.0000, -2.0000, 0.0966),
            (11.2500, -2.0000, 0.0728),
            (11.5000, -2.0000, 0.0233),
            (11.7500, -2.0000, -0.0345),
            (12.0000, -2.0000, -0.0801),
            (12.2500, -2.0000, -0.0973),
            (12.5000, -2.0000, -0.0801),
            (12.7500, -2.0000, -0.0345),
            (13.0000, -2.0000, 0.0233),
            (5.0000, -1.7500, -0.0161),
            (5.2500, -1.7500, 0.0238),
            (5.5000, -1.7500, 0.0553),
            (5.7500, -1.7500, 0.0673),
            (6.0000, -1.7500, 0.0553),
            (6.2500, -1.7500, 0.0238),
            (6.5000, -1.7500, -0.0161),
            (6.7500, -1.7500, -0.0503),
            (7.0000, -1.7500, -0.0668),
            (7.2500, -1.7500, -0.0596),
            (7.5000, -1.7500, -0.0313),
            (7.7500, -1.7500, 0.0081),
            (8.0000, -1.7500, 0.0446),
            (8.2500, -1.7500, 0.0653),
            (8.5000, -1.7500, 0.0629),
            (8.7500, -1.7500, 0.0382),
            (9.0000, -1.7500, -0.0000),
            (9.2500, -1.7500, -0.0382),
            (9.5000, -1.7500, -0.0629),
            (9.7500, -1.7500, -0.0653),
            (10.0000, -1.7500, -0.0446),
            (10.2500, -1.7500, -0.0081),
            (10.5000, -1.7500, 0.0313),
            (10.7500, -1.7500, 0.0596),
            (11.0000, -1.7500, 0.0668),
            (11.2500, -1.7500, 0.0503),
            (11.5000, -1.7500, 0.0161),
            (11.7500, -1.7500, -0.0238),
            (12.0000, -1.7500, -0.0553),
            (12.2500, -1.7500, -0.0673),
            (12.5000, -1.7500, -0.0553),
            (12.7500, -1.7500, -0.0238),
            (13.0000, -1.7500, 0.0161),
            (5.0000, -1.5000, -0.0074),
            (5.2500, -1.5000, 0.0110),
            (5.5000, -1.5000, 0.0256),
            (5.7500, -1.5000, 0.0311),
            (6.0000, -1.5000, 0.0256),
            (6.2500, -1.5000, 0.0110),
            (6.5000, -1.5000, -0.0074),
            (6.7500, -1.5000, -0.0233),
            (7.0000, -1.5000, -0.0309),
            (7.2500, -1.5000, -0.0275),
            (7.5000, -1.5000, -0.0145),
            (7.7500, -1.5000, 0.0038),
            (8.0000, -1.5000, 0.0206),
            (8.2500, -1.5000, 0.0302),
            (8.5000, -1.5000, 0.0291),
            (8.7500, -1.5000, 0.0177),
            (9.0000, -1.5000, -0.0000),
            (9.2500, -1.5000, -0.0177),
            (9.5000, -1.5000, -0.0291),
            (9.7500, -1.5000, -0.0302),
            (10.0000, -1.5000, -0.0206),
            (10.2500, -1.5000, -0.0038),
            (10.5000, -1.5000, 0.0145),
            (10.7500, -1.5000, 0.0275),
            (11.0000, -1.5000, 0.0309),
            (11.2500, -1.5000, 0.0233),
            (11.5000, -1.5000, 0.0074),
            (11.7500, -1.5000, -0.0110),
            (12.0000, -1.5000, -0.0256),
            (12.2500, -1.5000, -0.0311),
            (12.5000, -1.5000, -0.0256),
            (12.7500, -1.5000, -0.0110),
            (13.0000, -1.5000, 0.0074),
            (5.0000, -1.2500, 0.0019),
            (5.2500, -1.2500, -0.0028),
            (5.5000, -1.2500, -0.0065),
            (5.7500, -1.2500, -0.0078),
            (6.0000, -1.2500, -0.0065),
            (6.2500, -1.2500, -0.0028),
            (6.5000, -1.2500, 0.0019),
            (6.7500, -1.2500, 0.0059),
            (7.0000, -1.2500, 0.0078),
            (7.2500, -1.2500, 0.0070),
            (7.5000, -1.2500, 0.0036),
            (7.7500, -1.2500, -0.0009),
            (8.0000, -1.2500, -0.0052),
            (8.2500, -1.2500, -0.0076),
            (8.5000, -1.2500, -0.0073),
            (8.7500, -1.2500, -0.0045),
            (9.0000, -1.2500, 0.0000),
            (9.2500, -1.2500, 0.0045),
            (9.5000, -1.2500, 0.0073),
            (9.7500, -1.2500, 0.0076),
            (10.0000, -1.2500, 0.0052),
            (10.2500, -1.2500, 0.0009),
            (10.5000, -1.2500, -0.0036),
            (10.7500, -1.2500, -0.0070),
            (11.0000, -1.2500, -0.0078),
            (11.2500, -1.2500, -0.0059),
            (11.5000, -1.2500, -0.0019),
            (11.7500, -1.2500, 0.0028),
            (12.0000, -1.2500, 0.0065),
            (12.2500, -1.2500, 0.0078),
            (12.5000, -1.2500, 0.0065),
            (12.7500, -1.2500, 0.0028),
            (13.0000, -1.2500, -0.0019),
            (5.0000, -1.0000, 0.0110),
            (5.2500, -1.0000, -0.0163),
            (5.5000, -1.0000, -0.0379),
            (5.7500, -1.0000, -0.0461),
            (6.0000, -1.0000, -0.0379),
            (6.2500, -1.0000, -0.0163),
            (6.5000, -1.0000, 0.0110),
            (6.7500, -1.0000, 0.0345),
            (7.0000, -1.0000, 0.0458),
            (7.2500, -1.0000, 0.0408),
            (7.5000, -1.0000, 0.0214),
            (7.7500, -1.0000, -0.0056),
            (8.0000, -1.0000, -0.0306),
            (8.2500, -1.0000, -0.0448),
            (8.5000, -1.0000, -0.0431),
            (8.7500, -1.0000, -0.0262),
            (9.0000, -1.0000, 0.0000),
            (9.2500, -1.0000, 0.0262),
            (9.5000, -1.0000, 0.0431),
            (9.7500, -1.0000, 0.0448),
            (10.0000, -1.0000, 0.0306),
            (10.2500, -1.0000, 0.0056),
            (10.5000, -1.0000, -0.0214),
            (10.7500, -1.0000, -0.0408),
            (11.0000, -1.0000, -0.0458),
            (11.2500, -1.0000, -0.0345),
            (11.5000, -1.0000, -0.0110),
            (11.7500, -1.0000, 0.0163),
            (12.0000, -1.0000, 0.0379),
            (12.2500, -1.0000, 0.0461),
            (12.5000, -1.0000, 0.0379),
            (12.7500, -1.0000, 0.0163),
            (13.0000, -1.0000, -0.0110),
            (5.0000, -0.7500, 0.0192),
            (5.2500, -0.7500, -0.0284),
            (5.5000, -0.7500, -0.0660),
            (5.7500, -0.7500, -0.0802),
            (6.0000, -0.7500, -0.0660),
            (6.2500, -0.7500, -0.0284),
            (6.5000, -0.7500, 0.0192),
            (6.7500, -0.7500, 0.0600),
            (7.0000, -0.7500, 0.0796),
            (7.2500, -0.7500, 0.0710),
            (7.5000, -0.7500, 0.0373),
            (7.7500, -0.7500, -0.0097),
            (8.0000, -0.7500, -0.0532),
            (8.2500, -0.7500, -0.0778),
            (8.5000, -0.7500, -0.0750),
            (8.7500, -0.7500, -0.0455),
            (9.0000, -0.7500, 0.0000),
            (9.2500, -0.7500, 0.0455),
            (9.5000, -0.7500, 0.0750),
            (9.7500, -0.7500, 0.0778),
            (10.0000, -0.7500, 0.0532),
            (10.2500, -0.7500, 0.0097),
            (10.5000, -0.7500, -0.0373),
            (10.7500, -0.7500, -0.0710),
            (11.0000, -0.7500, -0.0796),
            (11.2500, -0.7500, -0.0600),
            (11.5000, -0.7500, -0.0192),
            (11.7500, -0.7500, 0.0284),
            (12.0000, -0.7500, 0.0660),
            (12.2500, -0.7500, 0.0802),
            (12.5000, -0.7500, 0.0660),
            (12.7500, -0.7500, 0.0284),
            (13.0000, -0.7500, -0.0192),
            (5.0000, -0.5000, 0.0256),
            (5.2500, -0.5000, -0.0379),
            (5.5000, -0.5000, -0.0880),
            (5.7500, -0.5000, -0.1070),
            (6.0000, -0.5000, -0.0880),
            (6.2500, -0.5000, -0.0379),
            (6.5000, -0.5000, 0.0256),
            (6.7500, -0.5000, 0.0801),
            (7.0000, -0.5000, 0.1062),
            (7.2500, -0.5000, 0.0947),
            (7.5000, -0.5000, 0.0497),
            (7.7500, -0.5000, -0.0129),
            (8.0000, -0.5000, -0.0709),
            (8.2500, -0.5000, -0.1039),
            (8.5000, -0.5000, -0.1000),
            (8.7500, -0.5000, -0.0608),
            (9.0000, -0.5000, 0.0000),
            (9.2500, -0.5000, 0.0608),
            (9.5000, -0.5000, 0.1000),
            (9.7500, -0.5000, 0.1039),
            (10.0000, -0.5000, 0.0709),
            (10.2500, -0.5000, 0.0129),
            (10.5000, -0.5000, -0.0497),
            (10.7500, -0.5000, -0.0947),
            (11.0000, -0.5000, -0.1062),
            (11.2500, -0.5000, -0.0801),
            (11.5000, -0.5000, -0.0256),
            (11.7500, -0.5000, 0.0379),
            (12.0000, -0.5000, 0.0880),
            (12.2500, -0.5000, 0.1070),
            (12.5000, -0.5000, 0.0880),
            (12.7500, -0.5000, 0.0379),
            (13.0000, -0.5000, -0.0256),
            (5.0000, -0.2500, 0.0297),
            (5.2500, -0.2500, -0.0440),
            (5.5000, -0.2500, -0.1021),
            (5.7500, -0.2500, -0.1241),
            (6.0000, -0.2500, -0.1021),
            (6.2500, -0.2500, -0.0440),
            (6.5000, -0.2500, 0.0297),
            (6.7500, -0.2500, 0.0929),
            (7.0000, -0.2500, 0.1232),
            (7.2500, -0.2500, 0.1099),
            (7.5000, -0.2500, 0.0577),
            (7.7500, -0.2500, -0.0150),
            (8.0000, -0.2500, -0.0823),
            (8.2500, -0.2500, -0.1205),
            (8.5000, -0.2500, -0.1160),
            (8.7500, -0.2500, -0.0705),
            (9.0000, -0.2500, 0.0000),
            (9.2500, -0.2500, 0.0705),
            (9.5000, -0.2500, 0.1160),
            (9.7500, -0.2500, 0.1205),
            (10.0000, -0.2500, 0.0823),
            (10.2500, -0.2500, 0.0150),
            (10.5000, -0.2500, -0.0577),
            (10.7500, -0.2500, -0.1099),
            (11.0000, -0.2500, -0.1232),
            (11.2500, -0.2500, -0.0929),
            (11.5000, -0.2500, -0.0297),
            (11.7500, -0.2500, 0.0440),
            (12.0000, -0.2500, 0.1021),
            (12.2500, -0.2500, 0.1241),
            (12.5000, -0.2500, 0.1021),
            (12.7500, -0.2500, 0.0440),
            (13.0000, -0.2500, -0.0297),
            (5.0000, 0.0000, 0.0311),
            (5.2500, 0.0000, -0.0461),
            (5.5000, 0.0000, -0.1070),
            (5.7500, 0.0000, -0.1300),
            (6.0000, 0.0000, -0.1070),
            (6.2500, 0.0000, -0.0461),
            (6.5000, 0.0000, 0.0311),
            (6.7500, 0.0000, 0.0973),
            (7.0000, 0.0000, 0.1291),
            (7.2500, 0.0000, 0.1151),
            (7.5000, 0.0000, 0.0604),
            (7.7500, 0.0000, -0.0157),
            (8.0000, 0.0000, -0.0862),
            (8.2500, 0.0000, -0.1262),
            (8.5000, 0.0000, -0.1216),
            (8.7500, 0.0000, -0.0738),
            (9.0000, 0.0000, 0.0000),
            (9.2500, 0.0000, 0.0738),
            (9.5000, 0.0000, 0.1216),
            (9.7500, 0.0000, 0.1262),
            (10.0000, 0.0000, 0.0862),
            (10.2500, 0.0000, 0.0157),
            (10.5000, 0.0000, -0.0604),
            (10.7500, 0.0000, -0.1151),
            (11.0000, 0.0000, -0.1291),
            (11.2500, 0.0000, -0.0973),
            (11.5000, 0.0000, -0.0311),
            (11.7500, 0.0000, 0.0461),
            (12.0000, 0.0000, 0.1070),
            (12.2500, 0.0000, 0.1300),
            (12.5000, 0.0000, 0.1070),
            (12.7500, 0.0000, 0.0461),
            (13.0000, 0.0000, -0.0311),
            (5.0000, 0.2500, 0.0297),
            (5.2500, 0.2500, -0.0440),
            (5.5000, 0.2500, -0.1021),
            (5.7500, 0.2500, -0.1241),
            (6.0000, 0.2500, -0.1021),
            (6.2500, 0.2500, -0.0440),
            (6.5000, 0.2500, 0.0297),
            (6.7500, 0.2500, 0.0929),
            (7.0000, 0.2500, 0.1232),
            (7.2500, 0.2500, 0.1099),
            (7.5000, 0.2500, 0.0577),
            (7.7500, 0.2500, -0.0150),
            (8.0000, 0.2500, -0.0823),
            (8.2500, 0.2500, -0.1205),
            (8.5000, 0.2500, -0.1160),
            (8.7500, 0.2500, -0.0705),
            (9.0000, 0.2500, 0.0000),
            (9.2500, 0.2500, 0.0705),
            (9.5000, 0.2500, 0.1160),
            (9.7500, 0.2500, 0.1205),
            (10.0000, 0.2500, 0.0823),
            (10.2500, 0.2500, 0.0150),
            (10.5000, 0.2500, -0.0577),
            (10.7500, 0.2500, -0.1099),
            (11.0000, 0.2500, -0.1232),
            (11.2500, 0.2500, -0.0929),
            (11.5000, 0.2500, -0.0297),
            (11.7500, 0.2500, 0.0440),
            (12.0000, 0.2500, 0.1021),
            (12.2500, 0.2500, 0.1241),
            (12.5000, 0.2500, 0.1021),
            (12.7500, 0.2500, 0.0440),
            (13.0000, 0.2500, -0.0297),
            (5.0000, 0.5000, 0.0256),
            (5.2500, 0.5000, -0.0379),
            (5.5000, 0.5000, -0.0880),
            (5.7500, 0.5000, -0.1070),
            (6.0000, 0.5000, -0.0880),
            (6.2500, 0.5000, -0.0379),
            (6.5000, 0.5000, 0.0256),
            (6.7500, 0.5000, 0.0801),
            (7.0000, 0.5000, 0.1062),
            (7.2500, 0.5000, 0.0947),
            (7.5000, 0.5000, 0.0497),
            (7.7500, 0.5000, -0.0129),
            (8.0000, 0.5000, -0.0709),
            (8.2500, 0.5000, -0.1039),
            (8.5000, 0.5000, -0.1000),
            (8.7500, 0.5000, -0.0608),
            (9.0000, 0.5000, 0.0000),
            (9.2500, 0.5000, 0.0608),
            (9.5000, 0.5000, 0.1000),
            (9.7500, 0.5000, 0.1039),
            (10.0000, 0.5000, 0.0709),
            (10.2500, 0.5000, 0.0129),
            (10.5000, 0.5000, -0.0497),
            (10.7500, 0.5000, -0.0947),
            (11.0000, 0.5000, -0.1062),
            (11.2500, 0.5000, -0.0801),
            (11.5000, 0.5000, -0.0256),
            (11.7500, 0.5000, 0.0379),
            (12.0000, 0.5000, 0.0880),
            (12.2500, 0.5000, 0.1070),
            (12.5000, 0.5000, 0.0880),
            (12.7500, 0.5000, 0.0379),
            (13.0000, 0.5000, -0.0256),
            (5.0000, 0.7500, 0.0192),
            (5.2500, 0.7500, -0.0284),
            (5.5000, 0.7500, -0.0660),
            (5.7500, 0.7500, -0.0802),
            (6.0000, 0.7500, -0.0660),
            (6.2500, 0.7500, -0.0284),
            (6.5000, 0.7500, 0.0192),
            (6.7500, 0.7500, 0.0600),
            (7.0000, 0.7500, 0.0796),
            (7.2500, 0.7500, 0.0710),
            (7.5000, 0.7500, 0.0373),
            (7.7500, 0.7500, -0.0097),
            (8.0000, 0.7500, -0.0532),
            (8.2500, 0.7500, -0.0778),
            (8.5000, 0.7500, -0.0750),
            (8.7500, 0.7500, -0.0455),
            (9.0000, 0.7500, 0.0000),
            (9.2500, 0.7500, 0.0455),
            (9.5000, 0.7500, 0.0750),
            (9.7500, 0.7500, 0.0778),
            (10.0000, 0.7500, 0.0532),
            (10.2500, 0.7500, 0.0097),
            (10.5000, 0.7500, -0.0373),
            (10.7500, 0.7500, -0.0710),
            (11.0000, 0.7500, -0.0796),
            (11.2500, 0.7500, -0.0600),
            (11.5000, 0.7500, -0.0192),
            (11.7500, 0.7500, 0.0284),
            (12.0000, 0.7500, 0.0660),
            (12.2500, 0.7500, 0.0802),
            (12.5000, 0.7500, 0.0660),
            (12.7500, 0.7500, 0.0284),
            (13.0000, 0.7500, -0.0192),
            (5.0000, 1.0000, 0.0110),
            (5.2500, 1.0000, -0.0163),
            (5.5000, 1.0000, -0.0379),
            (5.7500, 1.0000, -0.0461),
            (6.0000, 1.0000, -0.0379),
            (6.2500, 1.0000, -0.0163),
            (6.5000, 1.0000, 0.0110),
            (6.7500, 1.0000, 0.0345),
            (7.0000, 1.0000, 0.0458),
            (7.2500, 1.0000, 0.0408),
            (7.5000, 1.0000, 0.0214),
            (7.7500, 1.0000, -0.0056),
            (8.0000, 1.0000, -0.0306),
            (8.2500, 1.0000, -0.0448),
            (8.5000, 1.0000, -0.0431),
            (8.7500, 1.0000, -0.0262),
            (9.0000, 1.0000, 0.0000),
            (9.2500, 1.0000, 0.0262),
            (9.5000, 1.0000, 0.0431),
            (9.7500, 1.0000, 0.0448),
            (10.0000, 1.0000, 0.0306),
            (10.2500, 1.0000, 0.0056),
            (10.5000, 1.0000, -0.0214),
            (10.7500, 1.0000, -0.0408),
            (11.0000, 1.0000, -0.0458),
            (11.2500, 1.0000, -0.0345),
            (11.5000, 1.0000, -0.0110),
            (11.7500, 1.0000, 0.0163),
            (12.0000, 1.0000, 0.0379),
            (12.2500, 1.0000, 0.0461),
            (12.5000, 1.0000, 0.0379),
            (12.7500, 1.0000, 0.0163),
            (13.0000, 1.0000, -0.0110),
            (5.0000, 1.2500, 0.0019),
            (5.2500, 1.2500, -0.0028),
            (5.5000, 1.2500, -0.0065),
            (5.7500, 1.2500, -0.0078),
            (6.0000, 1.2500, -0.0065),
            (6.2500, 1.2500, -0.0028),
            (6.5000, 1.2500, 0.0019),
            (6.7500, 1.2500, 0.0059),
            (7.0000, 1.2500, 0.0078),
            (7.2500, 1.2500, 0.0070),
            (7.5000, 1.2500, 0.0036),
            (7.7500, 1.2500, -0.0009),
            (8.0000, 1.2500, -0.0052),
            (8.2500, 1.2500, -0.0076),
            (8.5000, 1.2500, -0.0073),
            (8.7500, 1.2500, -0.0045),
            (9.0000, 1.2500, 0.0000),
            (9.2500, 1.2500, 0.0045),
            (9.5000, 1.2500, 0.0073),
            (9.7500, 1.2500, 0.0076),
            (10.0000, 1.2500, 0.0052),
            (10.2500, 1.2500, 0.0009),
            (10.5000, 1.2500, -0.0036),
            (10.7500, 1.2500, -0.0070),
            (11.0000, 1.2500, -0.0078),
            (11.2500, 1.2500, -0.0059),
            (11.5000, 1.2500, -0.0019),
            (11.7500, 1.2500, 0.0028),
            (12.0000, 1.2500, 0.0065),
            (12.2500, 1.2500, 0.0078),
            (12.5000, 1.2500, 0.0065),
            (12.7500, 1.2500, 0.0028),
            (13.0000, 1.2500, -0.0019),
            (5.0000, 1.5000, -0.0074),
            (5.2500, 1.5000, 0.0110),
            (5.5000, 1.5000, 0.0256),
            (5.7500, 1.5000, 0.0311),
            (6.0000, 1.5000, 0.0256),
            (6.2500, 1.5000, 0.0110),
            (6.5000, 1.5000, -0.0074),
            (6.7500, 1.5000, -0.0233),
            (7.0000, 1.5000, -0.0309),
            (7.2500, 1.5000, -0.0275),
            (7.5000, 1.5000, -0.0145),
            (7.7500, 1.5000, 0.0038),
            (8.0000, 1.5000, 0.0206),
            (8.2500, 1.5000, 0.0302),
            (8.5000, 1.5000, 0.0291),
            (8.7500, 1.5000, 0.0177),
            (9.0000, 1.5000, -0.0000),
            (9.2500, 1.5000, -0.0177),
            (9.5000, 1.5000, -0.0291),
            (9.7500, 1.5000, -0.0302),
            (10.0000, 1.5000, -0.0206),
            (10.2500, 1.5000, -0.0038),
            (10.5000, 1.5000, 0.0145),
            (10.7500, 1.5000, 0.0275),
            (11.0000, 1.5000, 0.0309),
            (11.2500, 1.5000, 0.0233),
            (11.5000, 1.5000, 0.0074),
            (11.7500, 1.5000, -0.0110),
            (12.0000, 1.5000, -0.0256),
            (12.2500, 1.5000, -0.0311),
            (12.5000, 1.5000, -0.0256),
            (12.7500, 1.5000, -0.0110),
            (13.0000, 1.5000, 0.0074),
            (5.0000, 1.7500, -0.0161),
            (5.2500, 1.7500, 0.0238),
            (5.5000, 1.7500, 0.0553),
            (5.7500, 1.7500, 0.0673),
            (6.0000, 1.7500, 0.0553),
            (6.2500, 1.7500, 0.0238),
            (6.5000, 1.7500, -0.0161),
            (6.7500, 1.7500, -0.0503),
            (7.0000, 1.7500, -0.0668),
            (7.2500, 1.7500, -0.0596),
            (7.5000, 1.7500, -0.0313),
            (7.7500, 1.7500, 0.0081),
            (8.0000, 1.7500, 0.0446),
            (8.2500, 1.7500, 0.0653),
            (8.5000, 1.7500, 0.0629),
            (8.7500, 1.7500, 0.0382),
            (9.0000, 1.7500, -0.0000),
            (9.2500, 1.7500, -0.0382),
            (9.5000, 1.7500, -0.0629),
            (9.7500, 1.7500, -0.0653),
            (10.0000, 1.7500, -0.0446),
            (10.2500, 1.7500, -0.0081),
            (10.5000, 1.7500, 0.0313),
            (10.7500, 1.7500, 0.0596),
            (11.0000, 1.7500, 0.0668),
            (11.2500, 1.7500, 0.0503),
            (11.5000, 1.7500, 0.0161),
            (11.7500, 1.7500, -0.0238),
            (12.0000, 1.7500, -0.0553),
            (12.2500, 1.7500, -0.0673),
            (12.5000, 1.7500, -0.0553),
            (12.7500, 1.7500, -0.0238),
            (13.0000, 1.7500, 0.0161),
            (5.0000, 2.0000, -0.0233),
            (5.2500, 2.0000, 0.0345),
            (5.5000, 2.0000, 0.0801),
            (5.7500, 2.0000, 0.0973),
            (6.0000, 2.0000, 0.0801),
            (6.2500, 2.0000, 0.0345),
            (6.5000, 2.0000, -0.0233),
            (6.7500, 2.0000, -0.0728),
            (7.0000, 2.0000, -0.0966),
            (7.2500, 2.0000, -0.0862),
            (7.5000, 2.0000, -0.0452),
            (7.7500, 2.0000, 0.0117),
            (8.0000, 2.0000, 0.0645),
            (8.2500, 2.0000, 0.0945),
            (8.5000, 2.0000, 0.0910),
            (8.7500, 2.0000, 0.0553),
            (9.0000, 2.0000, -0.0000),
            (9.2500, 2.0000, -0.0553),
            (9.5000, 2.0000, -0.0910),
            (9.7500, 2.0000, -0.0945),
            (10.0000, 2.0000, -0.0645),
            (10.2500, 2.0000, -0.0117),
            (10.5000, 2.0000, 0.0452),
            (10.7500, 2.0000, 0.0862),
            (11.0000, 2.0000, 0.0966),
            (11.2500, 2.0000, 0.0728),
            (11.5000, 2.0000, 0.0233),
            (11.7500, 2.0000, -0.0345),
            (12.0000, 2.0000, -0.0801),
            (12.2500, 2.0000, -0.0973),
            (12.5000, 2.0000, -0.0801),
            (12.7500, 2.0000, -0.0345),
            (13.0000, 2.0000, 0.0233),
            (5.0000, 2.2500, -0.0284),
            (5.2500, 2.2500, 0.0420),
            (5.5000, 2.2500, 0.0976),
            (5.7500, 2.2500, 0.1185),
            (6.0000, 2.2500, 0.0976),
            (6.2500, 2.2500, 0.0420),
            (6.5000, 2.2500, -0.0284),
            (6.7500, 2.2500, -0.0887),
            (7.0000, 2.2500, -0.1177),
            (7.2500, 2.2500, -0.1050),
            (7.5000, 2.2500, -0.0551),
            (7.7500, 2.2500, 0.0143),
            (8.0000, 2.2500, 0.0786),
            (8.2500, 2.2500, 0.1151),
            (8.5000, 2.2500, 0.1108),
            (8.7500, 2.2500, 0.0673),
            (9.0000, 2.2500, -0.0000),
            (9.2500, 2.2500, -0.0673),
            (9.5000, 2.2500, -0.1108),
            (9.7500, 2.2500, -0.1151),
            (10.0000, 2.2500, -0.0786),
            (10.2500, 2.2500, -0.0143),
            (10.5000, 2.2500, 0.0551),
            (10.7500, 2.2500, 0.1050),
            (11.0000, 2.2500, 0.1177),
            (11.2500, 2.2500, 0.0887),
            (11.5000, 2.2500, 0.0284),
            (11.7500, 2.2500, -0.0420),
            (12.0000, 2.2500, -0.0976),
            (12.2500, 2.2500, -0.1185),
            (12.5000, 2.2500, -0.0976),
            (12.7500, 2.2500, -0.0420),
            (13.0000, 2.2500, 0.0284),
            (5.0000, 2.5000, -0.0309),
            (5.2500, 2.5000, 0.0458),
            (5.5000, 2.5000, 0.1062),
            (5.7500, 2.5000, 0.1291),
            (6.0000, 2.5000, 0.1062),
            (6.2500, 2.5000, 0.0458),
            (6.5000, 2.5000, -0.0309),
            (6.7500, 2.5000, -0.0966),
            (7.0000, 2.5000, -0.1281),
            (7.2500, 2.5000, -0.1143),
            (7.5000, 2.5000, -0.0600),
            (7.7500, 2.5000, 0.0156),
            (8.0000, 2.5000, 0.0856),
            (8.2500, 2.5000, 0.1253),
            (8.5000, 2.5000, 0.1207),
            (8.7500, 2.5000, 0.0733),
            (9.0000, 2.5000, -0.0000),
            (9.2500, 2.5000, -0.0733),
            (9.5000, 2.5000, -0.1207),
            (9.7500, 2.5000, -0.1253),
            (10.0000, 2.5000, -0.0856),
            (10.2500, 2.5000, -0.0156),
            (10.5000, 2.5000, 0.0600),
            (10.7500, 2.5000, 0.1143),
            (11.0000, 2.5000, 0.1281),
            (11.2500, 2.5000, 0.0966),
            (11.5000, 2.5000, 0.0309),
            (11.7500, 2.5000, -0.0458),
            (12.0000, 2.5000, -0.1062),
            (12.2500, 2.5000, -0.1291),
            (12.5000, 2.5000, -0.1062),
            (12.7500, 2.5000, -0.0458),
            (13.0000, 2.5000, 0.0309),
            (5.0000, 2.7500, -0.0306),
            (5.2500, 2.7500, 0.0453),
            (5.5000, 2.7500, 0.1052),
            (5.7500, 2.7500, 0.1279),
            (6.0000, 2.7500, 0.1052),
            (6.2500, 2.7500, 0.0453),
            (6.5000, 2.7500, -0.0306),
            (6.7500, 2.7500, -0.0957),
            (7.0000, 2.7500, -0.1269),
            (7.2500, 2.7500, -0.1132),
            (7.5000, 2.7500, -0.0594),
            (7.7500, 2.7500, 0.0154),
            (8.0000, 2.7500, 0.0848),
            (8.2500, 2.7500, 0.1242),
            (8.5000, 2.7500, 0.1196),
            (8.7500, 2.7500, 0.0726),
            (9.0000, 2.7500, -0.0000),
            (9.2500, 2.7500, -0.0726),
            (9.5000, 2.7500, -0.1196),
            (9.7500, 2.7500, -0.1242),
            (10.0000, 2.7500, -0.0848),
            (10.2500, 2.7500, -0.0154),
            (10.5000, 2.7500, 0.0594),
            (10.7500, 2.7500, 0.1132),
            (11.0000, 2.7500, 0.1269),
            (11.2500, 2.7500, 0.0957),
            (11.5000, 2.7500, 0.0306),
            (11.7500, 2.7500, -0.0453),
            (12.0000, 2.7500, -0.1052),
            (12.2500, 2.7500, -0.1279),
            (12.5000, 2.7500, -0.1052),
            (12.7500, 2.7500, -0.0453),
            (13.0000, 2.7500, 0.0306),
            (5.0000, 3.0000, -0.0275),
            (5.2500, 3.0000, 0.0408),
            (5.5000, 3.0000, 0.0947),
            (5.7500, 3.0000, 0.1151),
            (6.0000, 3.0000, 0.0947),
            (6.2500, 3.0000, 0.0408),
            (6.5000, 3.0000, -0.0275),
            (6.7500, 3.0000, -0.0862),
            (7.0000, 3.0000, -0.1143),
            (7.2500, 3.0000, -0.1019),
            (7.5000, 3.0000, -0.0535),
            (7.7500, 3.0000, 0.0139),
            (8.0000, 3.0000, 0.0763),
            (8.2500, 3.0000, 0.1118),
            (8.5000, 3.0000, 0.1076),
            (8.7500, 3.0000, 0.0654),
            (9.0000, 3.0000, -0.0000),
            (9.2500, 3.0000, -0.0654),
            (9.5000, 3.0000, -0.1076),
            (9.7500, 3.0000, -0.1118),
            (10.0000, 3.0000, -0.0763),
            (10.2500, 3.0000, -0.0139),
            (10.5000, 3.0000, 0.0535),
            (10.7500, 3.0000, 0.1019),
            (11.0000, 3.0000, 0.1143),
            (11.2500, 3.0000, 0.0862),
            (11.5000, 3.0000, 0.0275),
            (11.7500, 3.0000, -0.0408),
            (12.0000, 3.0000, -0.0947),
            (12.2500, 3.0000, -0.1151),
            (12.5000, 3.0000, -0.0947),
            (12.7500, 3.0000, -0.0408),
            (13.0000, 3.0000, 0.0275),
            (5.0000, 3.2500, -0.0220),
            (5.2500, 3.2500, 0.0326),
            (5.5000, 3.2500, 0.0757),
            (5.7500, 3.2500, 0.0919),
            (6.0000, 3.2500, 0.0757),
            (6.2500, 3.2500, 0.0326),
            (6.5000, 3.2500, -0.0220),
            (6.7500, 3.2500, -0.0688),
            (7.0000, 3.2500, -0.0913),
            (7.2500, 3.2500, -0.0814),
            (7.5000, 3.2500, -0.0427),
            (7.7500, 3.2500, 0.0111),
            (8.0000, 3.2500, 0.0610),
            (8.2500, 3.2500, 0.0893),
            (8.5000, 3.2500, 0.0860),
            (8.7500, 3.2500, 0.0522),
            (9.0000, 3.2500, -0.0000),
            (9.2500, 3.2500, -0.0522),
            (9.5000, 3.2500, -0.0860),
            (9.7500, 3.2500, -0.0893),
            (10.0000, 3.2500, -0.0610),
            (10.2500, 3.2500, -0.0111),
            (10.5000, 3.2500, 0.0427),
            (10.7500, 3.2500, 0.0814),
            (11.0000, 3.2500, 0.0913),
            (11.2500, 3.2500, 0.0688),
            (11.5000, 3.2500, 0.0220),
            (11.7500, 3.2500, -0.0326),
            (12.0000, 3.2500, -0.0757),
            (12.2500, 3.2500, -0.0919),
            (12.5000, 3.2500, -0.0757),
            (12.7500, 3.2500, -0.0326),
            (13.0000, 3.2500, 0.0220),
            (5.0000, 3.5000, -0.0145),
            (5.2500, 3.5000, 0.0214),
            (5.5000, 3.5000, 0.0497),
            (5.7500, 3.5000, 0.0604),
            (6.0000, 3.5000, 0.0497),
            (6.2500, 3.5000, 0.0214),
            (6.5000, 3.5000, -0.0145),
            (6.7500, 3.5000, -0.0452),
            (7.0000, 3.5000, -0.0600),
            (7.2500, 3.5000, -0.0535),
            (7.5000, 3.5000, -0.0281),
            (7.7500, 3.5000, 0.0073),
            (8.0000, 3.5000, 0.0401),
            (8.2500, 3.5000, 0.0587),
            (8.5000, 3.5000, 0.0565),
            (8.7500, 3.5000, 0.0343),
            (9.0000, 3.5000, -0.0000),
            (9.2500, 3.5000, -0.0343),
            (9.5000, 3.5000, -0.0565),
            (9.7500, 3.5000, -0.0587),
            (10.0000, 3.5000, -0.0401),
            (10.2500, 3.5000, -0.0073),
            (10.5000, 3.5000, 0.0281),
            (10.7500, 3.5000, 0.0535),
            (11.0000, 3.5000, 0.0600),
            (11.2500, 3.5000, 0.0452),
            (11.5000, 3.5000, 0.0145),
            (11.7500, 3.5000, -0.0214),
            (12.0000, 3.5000, -0.0497),
            (12.2500, 3.5000, -0.0604),
            (12.5000, 3.5000, -0.0497),
            (12.7500, 3.5000, -0.0214),
            (13.0000, 3.5000, 0.0145),
            (5.0000, 3.7500, -0.0056),
            (5.2500, 3.7500, 0.0083),
            (5.5000, 3.7500, 0.0193),
            (5.7500, 3.7500, 0.0234),
            (6.0000, 3.7500, 0.0193),
            (6.2500, 3.7500, 0.0083),
            (6.5000, 3.7500, -0.0056),
            (6.7500, 3.7500, -0.0175),
            (7.0000, 3.7500, -0.0233),
            (7.2500, 3.7500, -0.0207),
            (7.5000, 3.7500, -0.0109),
            (7.7500, 3.7500, 0.0028),
            (8.0000, 3.7500, 0.0155),
            (8.2500, 3.7500, 0.0228),
            (8.5000, 3.7500, 0.0219),
            (8.7500, 3.7500, 0.0133),
            (9.0000, 3.7500, -0.0000),
            (9.2500, 3.7500, -0.0133),
            (9.5000, 3.7500, -0.0219),
            (9.7500, 3.7500, -0.0228),
            (10.0000, 3.7500, -0.0155),
            (10.2500, 3.7500, -0.0028),
            (10.5000, 3.7500, 0.0109),
            (10.7500, 3.7500, 0.0207),
            (11.0000, 3.7500, 0.0233),
            (11.2500, 3.7500, 0.0175),
            (11.5000, 3.7500, 0.0056),
            (11.7500, 3.7500, -0.0083),
            (12.0000, 3.7500, -0.0193),
            (12.2500, 3.7500, -0.0234),
            (12.5000, 3.7500, -0.0193),
            (12.7500, 3.7500, -0.0083),
            (13.0000, 3.7500, 0.0056),
            (5.0000, 4.0000, 0.0038),
            (5.2500, 4.0000, -0.0056),
            (5.5000, 4.0000, -0.0129),
            (5.7500, 4.0000, -0.0157),
            (6.0000, 4.0000, -0.0129),
            (6.2500, 4.0000, -0.0056),
            (6.5000, 4.0000, 0.0038),
            (6.7500, 4.0000, 0.0117),
            (7.0000, 4.0000, 0.0156),
            (7.2500, 4.0000, 0.0139),
            (7.5000, 4.0000, 0.0073),
            (7.7500, 4.0000, -0.0019),
            (8.0000, 4.0000, -0.0104),
            (8.2500, 4.0000, -0.0152),
            (8.5000, 4.0000, -0.0147),
            (8.7500, 4.0000, -0.0089),
            (9.0000, 4.0000, 0.0000),
            (9.2500, 4.0000, 0.0089),
            (9.5000, 4.0000, 0.0147),
            (9.7500, 4.0000, 0.0152),
            (10.0000, 4.0000, 0.0104),
            (10.2500, 4.0000, 0.0019),
            (10.5000, 4.0000, -0.0073),
            (10.7500, 4.0000, -0.0139),
            (11.0000, 4.0000, -0.0156),
            (11.2500, 4.0000, -0.0117),
            (11.5000, 4.0000, -0.0038),
            (11.7500, 4.0000, 0.0056),
            (12.0000, 4.0000, 0.0129),
            (12.2500, 4.0000, 0.0157),
            (12.5000, 4.0000, 0.0129),
            (12.7500, 4.0000, 0.0056),
            (13.0000, 4.0000, -0.0038),
        ]
        int[] faceVertexCounts = [4, 4, 4, 4, 4, 4, 4, 4, 4, 4, 4, 4, 4, 4, 4, 4, 4, 4, 4, 4, 4, 4, 4, 4, 4, 4, 4, 4, 4, 4, 4, 4, 4, 4, 4, 4, 4, 4, 4, 4, 4, 4, 4, 4, 4, 4, 4, 4, 4, 4, 4, 4, 4, 4, 4, 4, 4, 4, 4, 4, 4, 4, 4, 4, 4, 4, 4, 4, 4, 4, 4, 4, 4, 4, 4, 4, 4, 4, 4, 4, 4, 4, 4, 4, 4, 4, 4, 4, 4, 4, 4, 4, 4, 4, 4, 4, 4, 4, 4, 4, 4, 4, 4, 4, 4, 4, 4, 4, 4, 4, 4, 4, 4, 4, 4, 4, 4, 4, 4, 4, 4, 4, 4, 4, 4, 4, 4, 4, 4, 4, 4, 4, 4, 4, 4, 4, 4, 4, 4, 4, 4, 4, 4, 4, 4, 4, 4, 4, 4, 4, 4, 4, 4, 4, 4, 4, 4, 4, 4, 4, 4, 4, 4, 4, 4, 4, 4, 4, 4, 4, 4, 4, 4, 4, 4, 4, 4, 4, 4, 4, 4, 4, 4, 4, 4, 4, 4, 4, 4, 4, 4, 4, 4, 4, 4, 4, 4, 4, 4, 4, 4, 4, 4, 4, 4, 4, 4, 4, 4, 4, 4, 4, 4, 4, 4, 4, 4, 4, 4, 4, 4, 4, 4, 4, 4, 4, 4, 4, 4, 4, 4, 4, 4, 4, 4, 4, 4, 4, 4, 4, 4, 4, 4, 4, 4, 4, 4, 4, 4, 4, 4, 4, 4, 4, 4, 4, 4, 4, 4, 4, 4, 4, 4, 4, 4, 4, 4, 4, 4, 4, 4, 4, 4, 4, 4, 4, 4, 4, 4, 4, 4, 4, 4, 4, 4, 4, 4, 4, 4, 4, 4, 4, 4, 4, 4, 4, 4, 4, 4, 4, 4, 4, 4, 4, 4, 4, 4, 4, 4, 4, 4, 4, 4, 4, 4, 4, 4, 4, 4, 4, 4, 4, 4, 4, 4, 4, 4, 4, 4, 4, 4, 4, 4, 4, 4, 4, 4, 4, 4, 4, 4, 4, 4, 4, 4, 4, 4, 4, 4, 4, 4, 4, 4, 4, 4, 4, 4, 4, 4, 4, 4, 4, 4, 4, 4, 4, 4, 4, 4, 4, 4, 4, 4, 4, 4, 4, 4, 4, 4, 4, 4, 4, 4, 4, 4, 4, 4, 4, 4, 4, 4, 4, 4, 4, 4, 4, 4, 4, 4, 4, 4, 4, 4, 4, 4, 4, 4, 4, 4, 4, 4, 4, 4, 4, 4, 4, 4, 4, 4, 4, 4, 4, 4, 4, 4, 4, 4, 4, 4, 4, 4, 4, 4, 4, 4, 4, 4, 4, 4, 4, 4, 4, 4, 4, 4, 4, 4, 4, 4, 4, 4, 4, 4, 4, 4, 4, 4, 4, 4, 4, 4, 4, 4, 4, 4, 4, 4, 4, 4, 4, 4, 4, 4, 4, 4, 4, 4, 4, 4, 4, 4, 4, 4, 4, 4, 4, 4, 4, 4, 4, 4, 4, 4, 4, 4, 4, 4, 4, 4, 4, 4, 4, 4, 4, 4, 4, 4, 4, 4, 4, 4, 4, 4, 4, 4, 4, 4, 4, 4, 4, 4, 4, 4, 4, 4, 4, 4, 4, 4, 4, 4, 4, 4, 4, 4, 4, 4, 4, 4, 4, 4, 4, 4, 4, 4, 4, 4, 4, 4, 4, 4, 4, 4, 4, 4, 4, 4, 4, 4, 4, 4, 4, 4, 4, 4, 4, 4, 4, 4, 4, 4, 4, 4, 4, 4, 4, 4, 4, 4, 4, 4, 4, 4, 4, 4, 4, 4, 4, 4, 4, 4, 4, 4, 4, 4, 4, 4, 4, 4, 4, 4, 4, 4, 4, 4, 4, 4, 4, 4, 4, 4, 4, 4, 4, 4, 4, 4, 4, 4, 4, 4, 4, 4, 4, 4, 4, 4, 4, 4, 4, 4, 4, 4, 4, 4, 4, 4, 4, 4, 4, 4, 4, 4, 4, 4, 4, 4, 4, 4, 4, 4, 4, 4, 4, 4, 4, 4, 4, 4, 4, 4, 4, 4, 4, 4, 4, 4, 4, 4, 4, 4, 4, 4, 4, 4, 4, 4, 4, 4, 4, 4, 4, 4, 4, 4, 4, 4, 4, 4, 4, 4, 4, 4, 4, 4, 4, 4, 4, 4, 4, 4, 4, 4, 4, 4, 4, 4, 4, 4, 4, 4, 4, 4, 4, 4, 4, 4, 4, 4, 4, 4, 4, 4, 4, 4, 4, 4, 4, 4, 4, 4, 4, 4, 4, 4, 4, 4, 4, 4, 4, 4, 4, 4, 4, 4, 4, 4, 4, 4, 4, 4, 4, 4, 4, 4, 4, 4, 4, 4, 4, 4, 4, 4, 4, 4, 4, 4, 4, 4, 4, 4, 4, 4, 4, 4, 4, 4, 4, 4, 4, 4, 4, 4, 4, 4, 4, 4, 4, 4, 4, 4, 4, 4, 4, 4, 4, 4, 4, 4, 4, 4, 4, 4, 4, 4, 4, 4, 4, 4, 4, 4, 4, 4, 4, 4, 4, 4, 4, 4, 4, 4, 4, 4, 4, 4, 4, 4, 4, 4, 4, 4, 4, 4, 4, 4, 4, 4, 4, 4, 4, 4, 4, 4, 4, 4, 4, 4, 4, 4, 4, 4, 4, 4, 4, 4, 4, 4, 4, 4, 4, 4, 4, 4, 4, 4, 4, 4, 4, 4, 4, 4, 4, 4, 4, 4, 4, 4, 4, 4, 4, 4, 4, 4, 4, 4, 4, 4, 4, 4, 4, 4, 4, 4, 4, 4, 4, 4, 4, 4, 4, 4, 4, 4, 4, 4, 4, 4, 4, 4, 4, 4, 4, 4, 4, 4, 4, 4, 4, 4, 4, 4, 4, 4, 4, 4, 4, 4, 4, 4, 4, 4, 4, 4, 4, 4, 4, 4, 4, 4, 4, 4, 4, 4, 4, 4, 4, 4, 4, 4, 4, 4, 4, 4, 4, 4, 4, 4, 4, 4, 4, 4, 4, 4, 4, 4, 4, 4, 4, 4, 4, 4, 4, 4, 4, 4, 4, 4, 4, 4, 4, 4, 4, 4, 4, 4, 4, 4, 4, 4, 4, 4, 4, 4, 4, 4, 4, 4, 4, 4, 4, 4, 4, 4, 4, 4, 4, 4, 4, 4, 4, 4, 4, 4, 4, 4, 4, 4, 4, 4, 4, 4, 4, 4, 4]
        int[] faceVertexIndices = [
            0, 1, 34, 33, 1, 2, 35, 34, 2, 3, 36, 35, 3, 4, 37, 36,
            4, 5, 38, 37, 5, 6, 39, 38, 6, 7, 40, 39, 7, 8, 41, 40,
            8, 9, 42, 41, 9, 10, 43, 42, 10, 11, 44, 43, 11, 12, 45, 44,
            12, 13, 46, 45, 13, 14, 47, 46, 14, 15, 48, 47, 15, 16, 49, 48,
            16, 17, 50, 49, 17, 18, 51, 50, 18, 19, 52, 51, 19, 20, 53, 52,
            20, 21, 54, 53, 21, 22, 55, 54, 22, 23, 56, 55, 23, 24, 57, 56,
            24, 25, 58, 57, 25, 26, 59, 58, 26, 27, 60, 59, 27, 28, 61, 60,
            28, 29, 62, 61, 29, 30, 63, 62, 30, 31, 64, 63, 31, 32, 65, 64,
            33, 34, 67, 66, 34, 35, 68, 67, 35, 36, 69, 68, 36, 37, 70, 69,
            37, 38, 71, 70, 38, 39, 72, 71, 39, 40, 73, 72, 40, 41, 74, 73,
            41, 42, 75, 74, 42, 43, 76, 75, 43, 44, 77, 76, 44, 45, 78, 77,
            45, 46, 79, 78, 46, 47, 80, 79, 47, 48, 81, 80, 48, 49, 82, 81,
            49, 50, 83, 82, 50, 51, 84, 83, 51, 52, 85, 84, 52, 53, 86, 85,
            53, 54, 87, 86, 54, 55, 88, 87, 55, 56, 89, 88, 56, 57, 90, 89,
            57, 58, 91, 90, 58, 59, 92, 91, 59, 60, 93, 92, 60, 61, 94, 93,
            61, 62, 95, 94, 62, 63, 96, 95, 63, 64, 97, 96, 64, 65, 98, 97,
            66, 67, 100, 99, 67, 68, 101, 100, 68, 69, 102, 101, 69, 70, 103, 102,
            70, 71, 104, 103, 71, 72, 105, 104, 72, 73, 106, 105, 73, 74, 107, 106,
            74, 75, 108, 107, 75, 76, 109, 108, 76, 77, 110, 109, 77, 78, 111, 110,
            78, 79, 112, 111, 79, 80, 113, 112, 80, 81, 114, 113, 81, 82, 115, 114,
            82, 83, 116, 115, 83, 84, 117, 116, 84, 85, 118, 117, 85, 86, 119, 118,
            86, 87, 120, 119, 87, 88, 121, 120, 88, 89, 122, 121, 89, 90, 123, 122,
            90, 91, 124, 123, 91, 92, 125, 124, 92, 93, 126, 125, 93, 94, 127, 126,
            94, 95, 128, 127, 95, 96, 129, 128, 96, 97, 130, 129, 97, 98, 131, 130,
            99, 100, 133, 132, 100, 101, 134, 133, 101, 102, 135, 134, 102, 103, 136, 135,
            103, 104, 137, 136, 104, 105, 138, 137, 105, 106, 139, 138, 106, 107, 140, 139,
            107, 108, 141, 140, 108, 109, 142, 141, 109, 110, 143, 142, 110, 111, 144, 143,
            111, 112, 145, 144, 112, 113, 146, 145, 113, 114, 147, 146, 114, 115, 148, 147,
            115, 116, 149, 148, 116, 117, 150, 149, 117, 118, 151, 150, 118, 119, 152, 151,
            119, 120, 153, 152, 120, 121, 154, 153, 121, 122, 155, 154, 122, 123, 156, 155,
            123, 124, 157, 156, 124, 125, 158, 157, 125, 126, 159, 158, 126, 127, 160, 159,
            127, 128, 161, 160, 128, 129, 162, 161, 129, 130, 163, 162, 130, 131, 164, 163,
            132, 133, 166, 165, 133, 134, 167, 166, 134, 135, 168, 167, 135, 136, 169, 168,
            136, 137, 170, 169, 137, 138, 171, 170, 138, 139, 172, 171, 139, 140, 173, 172,
            140, 141, 174, 173, 141, 142, 175, 174, 142, 143, 176, 175, 143, 144, 177, 176,
            144, 145, 178, 177, 145, 146, 179, 178, 146, 147, 180, 179, 147, 148, 181, 180,
            148, 149, 182, 181, 149, 150, 183, 182, 150, 151, 184, 183, 151, 152, 185, 184,
            152, 153, 186, 185, 153, 154, 187, 186, 154, 155, 188, 187, 155, 156, 189, 188,
            156, 157, 190, 189, 157, 158, 191, 190, 158, 159, 192, 191, 159, 160, 193, 192,
            160, 161, 194, 193, 161, 162, 195, 194, 162, 163, 196, 195, 163, 164, 197, 196,
            165, 166, 199, 198, 166, 167, 200, 199, 167, 168, 201, 200, 168, 169, 202, 201,
            169, 170, 203, 202, 170, 171, 204, 203, 171, 172, 205, 204, 172, 173, 206, 205,
            173, 174, 207, 206, 174, 175, 208, 207, 175, 176, 209, 208, 176, 177, 210, 209,
            177, 178, 211, 210, 178, 179, 212, 211, 179, 180, 213, 212, 180, 181, 214, 213,
            181, 182, 215, 214, 182, 183, 216, 215, 183, 184, 217, 216, 184, 185, 218, 217,
            185, 186, 219, 218, 186, 187, 220, 219, 187, 188, 221, 220, 188, 189, 222, 221,
            189, 190, 223, 222, 190, 191, 224, 223, 191, 192, 225, 224, 192, 193, 226, 225,
            193, 194, 227, 226, 194, 195, 228, 227, 195, 196, 229, 228, 196, 197, 230, 229,
            198, 199, 232, 231, 199, 200, 233, 232, 200, 201, 234, 233, 201, 202, 235, 234,
            202, 203, 236, 235, 203, 204, 237, 236, 204, 205, 238, 237, 205, 206, 239, 238,
            206, 207, 240, 239, 207, 208, 241, 240, 208, 209, 242, 241, 209, 210, 243, 242,
            210, 211, 244, 243, 211, 212, 245, 244, 212, 213, 246, 245, 213, 214, 247, 246,
            214, 215, 248, 247, 215, 216, 249, 248, 216, 217, 250, 249, 217, 218, 251, 250,
            218, 219, 252, 251, 219, 220, 253, 252, 220, 221, 254, 253, 221, 222, 255, 254,
            222, 223, 256, 255, 223, 224, 257, 256, 224, 225, 258, 257, 225, 226, 259, 258,
            226, 227, 260, 259, 227, 228, 261, 260, 228, 229, 262, 261, 229, 230, 263, 262,
            231, 232, 265, 264, 232, 233, 266, 265, 233, 234, 267, 266, 234, 235, 268, 267,
            235, 236, 269, 268, 236, 237, 270, 269, 237, 238, 271, 270, 238, 239, 272, 271,
            239, 240, 273, 272, 240, 241, 274, 273, 241, 242, 275, 274, 242, 243, 276, 275,
            243, 244, 277, 276, 244, 245, 278, 277, 245, 246, 279, 278, 246, 247, 280, 279,
            247, 248, 281, 280, 248, 249, 282, 281, 249, 250, 283, 282, 250, 251, 284, 283,
            251, 252, 285, 284, 252, 253, 286, 285, 253, 254, 287, 286, 254, 255, 288, 287,
            255, 256, 289, 288, 256, 257, 290, 289, 257, 258, 291, 290, 258, 259, 292, 291,
            259, 260, 293, 292, 260, 261, 294, 293, 261, 262, 295, 294, 262, 263, 296, 295,
            264, 265, 298, 297, 265, 266, 299, 298, 266, 267, 300, 299, 267, 268, 301, 300,
            268, 269, 302, 301, 269, 270, 303, 302, 270, 271, 304, 303, 271, 272, 305, 304,
            272, 273, 306, 305, 273, 274, 307, 306, 274, 275, 308, 307, 275, 276, 309, 308,
            276, 277, 310, 309, 277, 278, 311, 310, 278, 279, 312, 311, 279, 280, 313, 312,
            280, 281, 314, 313, 281, 282, 315, 314, 282, 283, 316, 315, 283, 284, 317, 316,
            284, 285, 318, 317, 285, 286, 319, 318, 286, 287, 320, 319, 287, 288, 321, 320,
            288, 289, 322, 321, 289, 290, 323, 322, 290, 291, 324, 323, 291, 292, 325, 324,
            292, 293, 326, 325, 293, 294, 327, 326, 294, 295, 328, 327, 295, 296, 329, 328,
            297, 298, 331, 330, 298, 299, 332, 331, 299, 300, 333, 332, 300, 301, 334, 333,
            301, 302, 335, 334, 302, 303, 336, 335, 303, 304, 337, 336, 304, 305, 338, 337,
            305, 306, 339, 338, 306, 307, 340, 339, 307, 308, 341, 340, 308, 309, 342, 341,
            309, 310, 343, 342, 310, 311, 344, 343, 311, 312, 345, 344, 312, 313, 346, 345,
            313, 314, 347, 346, 314, 315, 348, 347, 315, 316, 349, 348, 316, 317, 350, 349,
            317, 318, 351, 350, 318, 319, 352, 351, 319, 320, 353, 352, 320, 321, 354, 353,
            321, 322, 355, 354, 322, 323, 356, 355, 323, 324, 357, 356, 324, 325, 358, 357,
            325, 326, 359, 358, 326, 327, 360, 359, 327, 328, 361, 360, 328, 329, 362, 361,
            330, 331, 364, 363, 331, 332, 365, 364, 332, 333, 366, 365, 333, 334, 367, 366,
            334, 335, 368, 367, 335, 336, 369, 368, 336, 337, 370, 369, 337, 338, 371, 370,
            338, 339, 372, 371, 339, 340, 373, 372, 340, 341, 374, 373, 341, 342, 375, 374,
            342, 343, 376, 375, 343, 344, 377, 376, 344, 345, 378, 377, 345, 346, 379, 378,
            346, 347, 380, 379, 347, 348, 381, 380, 348, 349, 382, 381, 349, 350, 383, 382,
            350, 351, 384, 383, 351, 352, 385, 384, 352, 353, 386, 385, 353, 354, 387, 386,
            354, 355, 388, 387, 355, 356, 389, 388, 356, 357, 390, 389, 357, 358, 391, 390,
            358, 359, 392, 391, 359, 360, 393, 392, 360, 361, 394, 393, 361, 362, 395, 394,
            363, 364, 397, 396, 364, 365, 398, 397, 365, 366, 399, 398, 366, 367, 400, 399,
            367, 368, 401, 400, 368, 369, 402, 401, 369, 370, 403, 402, 370, 371, 404, 403,
            371, 372, 405, 404, 372, 373, 406, 405, 373, 374, 407, 406, 374, 375, 408, 407,
            375, 376, 409, 408, 376, 377, 410, 409, 377, 378, 411, 410, 378, 379, 412, 411,
            379, 380, 413, 412, 380, 381, 414, 413, 381, 382, 415, 414, 382, 383, 416, 415,
            383, 384, 417, 416, 384, 385, 418, 417, 385, 386, 419, 418, 386, 387, 420, 419,
            387, 388, 421, 420, 388, 389, 422, 421, 389, 390, 423, 422, 390, 391, 424, 423,
            391, 392, 425, 424, 392, 393, 426, 425, 393, 394, 427, 426, 394, 395, 428, 427,
            396, 397, 430, 429, 397, 398, 431, 430, 398, 399, 432, 431, 399, 400, 433, 432,
            400, 401, 434, 433, 401, 402, 435, 434, 402, 403, 436, 435, 403, 404, 437, 436,
            404, 405, 438, 437, 405, 406, 439, 438, 406, 407, 440, 439, 407, 408, 441, 440,
            408, 409, 442, 441, 409, 410, 443, 442, 410, 411, 444, 443, 411, 412, 445, 444,
            412, 413, 446, 445, 413, 414, 447, 446, 414, 415, 448, 447, 415, 416, 449, 448,
            416, 417, 450, 449, 417, 418, 451, 450, 418, 419, 452, 451, 419, 420, 453, 452,
            420, 421, 454, 453, 421, 422, 455, 454, 422, 423, 456, 455, 423, 424, 457, 456,
            424, 425, 458, 457, 425, 426, 459, 458, 426, 427, 460, 459, 427, 428, 461, 460,
            429, 430, 463, 462, 430, 431, 464, 463, 431, 432, 465, 464, 432, 433, 466, 465,
            433, 434, 467, 466, 434, 435, 468, 467, 435, 436, 469, 468, 436, 437, 470, 469,
            437, 438, 471, 470, 438, 439, 472, 471, 439, 440, 473, 472, 440, 441, 474, 473,
            441, 442, 475, 474, 442, 443, 476, 475, 443, 444, 477, 476, 444, 445, 478, 477,
            445, 446, 479, 478, 446, 447, 480, 479, 447, 448, 481, 480, 448, 449, 482, 481,
            449, 450, 483, 482, 450, 451, 484, 483, 451, 452, 485, 484, 452, 453, 486, 485,
            453, 454, 487, 486, 454, 455, 488, 487, 455, 456, 489, 488, 456, 457, 490, 489,
            457, 458, 491, 490, 458, 459, 492, 491, 459, 460, 493, 492, 460, 461, 494, 493,
            462, 463, 496, 495, 463, 464, 497, 496, 464, 465, 498, 497, 465, 466, 499, 498,
            466, 467, 500, 499, 467, 468, 501, 500, 468, 469, 502, 501, 469, 470, 503, 502,
            470, 471, 504, 503, 471, 472, 505, 504, 472, 473, 506, 505, 473, 474, 507, 506,
            474, 475, 508, 507, 475, 476, 509, 508, 476, 477, 510, 509, 477, 478, 511, 510,
            478, 479, 512, 511, 479, 480, 513, 512, 480, 481, 514, 513, 481, 482, 515, 514,
            482, 483, 516, 515, 483, 484, 517, 516, 484, 485, 518, 517, 485, 486, 519, 518,
            486, 487, 520, 519, 487, 488, 521, 520, 488, 489, 522, 521, 489, 490, 523, 522,
            490, 491, 524, 523, 491, 492, 525, 524, 492, 493, 526, 525, 493, 494, 527, 526,
            495, 496, 529, 528, 496, 497, 530, 529, 497, 498, 531, 530, 498, 499, 532, 531,
            499, 500, 533, 532, 500, 501, 534, 533, 501, 502, 535, 534, 502, 503, 536, 535,
            503, 504, 537, 536, 504, 505, 538, 537, 505, 506, 539, 538, 506, 507, 540, 539,
            507, 508, 541, 540, 508, 509, 542, 541, 509, 510, 543, 542, 510, 511, 544, 543,
            511, 512, 545, 544, 512, 513, 546, 545, 513, 514, 547, 546, 514, 515, 548, 547,
            515, 516, 549, 548, 516, 517, 550, 549, 517, 518, 551, 550, 518, 519, 552, 551,
            519, 520, 553, 552, 520, 521, 554, 553, 521, 522, 555, 554, 522, 523, 556, 555,
            523, 524, 557, 556, 524, 525, 558, 557, 525, 526, 559, 558, 526, 527, 560, 559,
            528, 529, 562, 561, 529, 530, 563, 562, 530, 531, 564, 563, 531, 532, 565, 564,
            532, 533, 566, 565, 533, 534, 567, 566, 534, 535, 568, 567, 535, 536, 569, 568,
            536, 537, 570, 569, 537, 538, 571, 570, 538, 539, 572, 571, 539, 540, 573, 572,
            540, 541, 574, 573, 541, 542, 575, 574, 542, 543, 576, 575, 543, 544, 577, 576,
            544, 545, 578, 577, 545, 546, 579, 578, 546, 547, 580, 579, 547, 548, 581, 580,
            548, 549, 582, 581, 549, 550, 583, 582, 550, 551, 584, 583, 551, 552, 585, 584,
            552, 553, 586, 585, 553, 554, 587, 586, 554, 555, 588, 587, 555, 556, 589, 588,
            556, 557, 590, 589, 557, 558, 591, 590, 558, 559, 592, 591, 559, 560, 593, 592,
            561, 562, 595, 594, 562, 563, 596, 595, 563, 564, 597, 596, 564, 565, 598, 597,
            565, 566, 599, 598, 566, 567, 600, 599, 567, 568, 601, 600, 568, 569, 602, 601,
            569, 570, 603, 602, 570, 571, 604, 603, 571, 572, 605, 604, 572, 573, 606, 605,
            573, 574, 607, 606, 574, 575, 608, 607, 575, 576, 609, 608, 576, 577, 610, 609,
            577, 578, 611, 610, 578, 579, 612, 611, 579, 580, 613, 612, 580, 581, 614, 613,
            581, 582, 615, 614, 582, 583, 616, 615, 583, 584, 617, 616, 584, 585, 618, 617,
            585, 586, 619, 618, 586, 587, 620, 619, 587, 588, 621, 620, 588, 589, 622, 621,
            589, 590, 623, 622, 590, 591, 624, 623, 591, 592, 625, 624, 592, 593, 626, 625,
            594, 595, 628, 627, 595, 596, 629, 628, 596, 597, 630, 629, 597, 598, 631, 630,
            598, 599, 632, 631, 599, 600, 633, 632, 600, 601, 634, 633, 601, 602, 635, 634,
            602, 603, 636, 635, 603, 604, 637, 636, 604, 605, 638, 637, 605, 606, 639, 638,
            606, 607, 640, 639, 607, 608, 641, 640, 608, 609, 642, 641, 609, 610, 643, 642,
            610, 611, 644, 643, 611, 612, 645, 644, 612, 613, 646, 645, 613, 614, 647, 646,
            614, 615, 648, 647, 615, 616, 649, 648, 616, 617, 650, 649, 617, 618, 651, 650,
            618, 619, 652, 651, 619, 620, 653, 652, 620, 621, 654, 653, 621, 622, 655, 654,
            622, 623, 656, 655, 623, 624, 657, 656, 624, 625, 658, 657, 625, 626, 659, 658,
            627, 628, 661, 660, 628, 629, 662, 661, 629, 630, 663, 662, 630, 631, 664, 663,
            631, 632, 665, 664, 632, 633, 666, 665, 633, 634, 667, 666, 634, 635, 668, 667,
            635, 636, 669, 668, 636, 637, 670, 669, 637, 638, 671, 670, 638, 639, 672, 671,
            639, 640, 673, 672, 640, 641, 674, 673, 641, 642, 675, 674, 642, 643, 676, 675,
            643, 644, 677, 676, 644, 645, 678, 677, 645, 646, 679, 678, 646, 647, 680, 679,
            647, 648, 681, 680, 648, 649, 682, 681, 649, 650, 683, 682, 650, 651, 684, 683,
            651, 652, 685, 684, 652, 653, 686, 685, 653, 654, 687, 686, 654, 655, 688, 687,
            655, 656, 689, 688, 656, 657, 690, 689, 657, 658, 691, 690, 658, 659, 692, 691,
            660, 661, 694, 693, 661, 662, 695, 694, 662, 663, 696, 695, 663, 664, 697, 696,
            664, 665, 698, 697, 665, 666, 699, 698, 666, 667, 700, 699, 667, 668, 701, 700,
            668, 669, 702, 701, 669, 670, 703, 702, 670, 671, 704, 703, 671, 672, 705, 704,
            672, 673, 706, 705, 673, 674, 707, 706, 674, 675, 708, 707, 675, 676, 709, 708,
            676, 677, 710, 709, 677, 678, 711, 710, 678, 679, 712, 711, 679, 680, 713, 712,
            680, 681, 714, 713, 681, 682, 715, 714, 682, 683, 716, 715, 683, 684, 717, 716,
            684, 685, 718, 717, 685, 686, 719, 718, 686, 687, 720, 719, 687, 688, 721, 720,
            688, 689, 722, 721, 689, 690, 723, 722, 690, 691, 724, 723, 691, 692, 725, 724,
            693, 694, 727, 726, 694, 695, 728, 727, 695, 696, 729, 728, 696, 697, 730, 729,
            697, 698, 731, 730, 698, 699, 732, 731, 699, 700, 733, 732, 700, 701, 734, 733,
            701, 702, 735, 734, 702, 703, 736, 735, 703, 704, 737, 736, 704, 705, 738, 737,
            705, 706, 739, 738, 706, 707, 740, 739, 707, 708, 741, 740, 708, 709, 742, 741,
            709, 710, 743, 742, 710, 711, 744, 743, 711, 712, 745, 744, 712, 713, 746, 745,
            713, 714, 747, 746, 714, 715, 748, 747, 715, 716, 749, 748, 716, 717, 750, 749,
            717, 718, 751, 750, 718, 719, 752, 751, 719, 720, 753, 752, 720, 721, 754, 753,
            721, 722, 755, 754, 722, 723, 756, 755, 723, 724, 757, 756, 724, 725, 758, 757,
            726, 727, 760, 759, 727, 728, 761, 760, 728, 729, 762, 761, 729, 730, 763, 762,
            730, 731, 764, 763, 731, 732, 765, 764, 732, 733, 766, 765, 733, 734, 767, 766,
            734, 735, 768, 767, 735, 736, 769, 768, 736, 737, 770, 769, 737, 738, 771, 770,
            738, 739, 772, 771, 739, 740, 773, 772, 740, 741, 774, 773, 741, 742, 775, 774,
            742, 743, 776, 775, 743, 744, 777, 776, 744, 745, 778, 777, 745, 746, 779, 778,
            746, 747, 780, 779, 747, 748, 781, 780, 748, 749, 782, 781, 749, 750, 783, 782,
            750, 751, 784, 783, 751, 752, 785, 784, 752, 753, 786, 785, 753, 754, 787, 786,
            754, 755, 788, 787, 755, 756, 789, 788, 756, 757, 790, 789, 757, 758, 791, 790,
            759, 760, 793, 792, 760, 761, 794, 793, 761, 762, 795, 794, 762, 763, 796, 795,
            763, 764, 797, 796, 764, 765, 798, 797, 765, 766, 799, 798, 766, 767, 800, 799,
            767, 768, 801, 800, 768, 769, 802, 801, 769, 770, 803, 802, 770, 771, 804, 803,
            771, 772, 805, 804, 772, 773, 806, 805, 773, 774, 807, 806, 774, 775, 808, 807,
            775, 776, 809, 808, 776, 777, 810, 809, 777, 778, 811, 810, 778, 779, 812, 811,
            779, 780, 813, 812, 780, 781, 814, 813, 781, 782, 815, 814, 782, 783, 816, 815,
            783, 784, 817, 816, 784, 785, 818, 817, 785, 786, 819, 818, 786, 787, 820, 819,
            787, 788, 821, 820, 788, 789, 822, 821, 789, 790, 823, 822, 790, 791, 824, 823,
            792, 793, 826, 825, 793, 794, 827, 826, 794, 795, 828, 827, 795, 796, 829, 828,
            796, 797, 830, 829, 797, 798, 831, 830, 798, 799, 832, 831, 799, 800, 833, 832,
            800, 801, 834, 833, 801, 802, 835, 834, 802, 803, 836, 835, 803, 804, 837, 836,
            804, 805, 838, 837, 805, 806, 839, 838, 806, 807, 840, 839, 807, 808, 841, 840,
            808, 809, 842, 841, 809, 810, 843, 842, 810, 811, 844, 843, 811, 812, 845, 844,
            812, 813, 846, 845, 813, 814, 847, 846, 814, 815, 848, 847, 815, 816, 849, 848,
            816, 817, 850, 849, 817, 818, 851, 850, 818, 819, 852, 851, 819, 820, 853, 852,
            820, 821, 854, 853, 821, 822, 855, 854, 822, 823, 856, 855, 823, 824, 857, 856,
            825, 826, 859, 858, 826, 827, 860, 859, 827, 828, 861, 860, 828, 829, 862, 861,
            829, 830, 863, 862, 830, 831, 864, 863, 831, 832, 865, 864, 832, 833, 866, 865,
            833, 834, 867, 866, 834, 835, 868, 867, 835, 836, 869, 868, 836, 837, 870, 869,
            837, 838, 871, 870, 838, 839, 872, 871, 839, 840, 873, 872, 840, 841, 874, 873,
            841, 842, 875, 874, 842, 843, 876, 875, 843, 844, 877, 876, 844, 845, 878, 877,
            845, 846, 879, 878, 846, 847, 880, 879, 847, 848, 881, 880, 848, 849, 882, 881,
            849, 850, 883, 882, 850, 851, 884, 883, 851, 852, 885, 884, 852, 853, 886, 885,
            853, 854, 887, 886, 854, 855, 888, 887, 855, 856, 889, 888, 856, 857, 890, 889,
            858, 859, 892, 891, 859, 860, 893, 892, 860, 861, 894, 893, 861, 862, 895, 894,
            862, 863, 896, 895, 863, 864, 897, 896, 864, 865, 898, 897, 865, 866, 899, 898,
            866, 867, 900, 899, 867, 868, 901, 900, 868, 869, 902, 901, 869, 870, 903, 902,
            870, 871, 904, 903, 871, 872, 905, 904, 872, 873, 906, 905, 873, 874, 907, 906,
            874, 875, 908, 907, 875, 876, 909, 908, 876, 877, 910, 909, 877, 878, 911, 910,
            878, 879, 912, 911, 879, 880, 913, 912, 880, 881, 914, 913, 881, 882, 915, 914,
            882, 883, 916, 915, 883, 884, 917, 916, 884, 885, 918, 917, 885, 886, 919, 918,
            886, 887, 920, 919, 887, 888, 921, 920, 888, 889, 922, 921, 889, 890, 923, 922,
            891, 892, 925, 924, 892, 893, 926, 925, 893, 894, 927, 926, 894, 895, 928, 927,
            895, 896, 929, 928, 896, 897, 930, 929, 897, 898, 931, 930, 898, 899, 932, 931,
            899, 900, 933, 932, 900, 901, 934, 933, 901, 902, 935, 934, 902, 903, 936, 935,
            903, 904, 937, 936, 904, 905, 938, 937, 905, 906, 939, 938, 906, 907, 940, 939,
            907, 908, 941, 940, 908, 909, 942, 941, 909, 910, 943, 942, 910, 911, 944, 943,
            911, 912, 945, 944, 912, 913, 946, 945, 913, 914, 947, 946, 914, 915, 948, 947,
            915, 916, 949, 948, 916, 917, 950, 949, 917, 918, 951, 950, 918, 919, 952, 951,
            919, 920, 953, 952, 920, 921, 954, 953, 921, 922, 955, 954, 922, 923, 956, 955,
            924, 925, 958, 957, 925, 926, 959, 958, 926, 927, 960, 959, 927, 928, 961, 960,
            928, 929, 962, 961, 929, 930, 963, 962, 930, 931, 964, 963, 931, 932, 965, 964,
            932, 933, 966, 965, 933, 934, 967, 966, 934, 935, 968, 967, 935, 936, 969, 968,
            936, 937, 970, 969, 937, 938, 971, 970, 938, 939, 972, 971, 939, 940, 973, 972,
            940, 941, 974, 973, 941, 942, 975, 974, 942, 943, 976, 975, 943, 944, 977, 976,
            944, 945, 978, 977, 945, 946, 979, 978, 946, 947, 980, 979, 947, 948, 981, 980,
            948, 949, 982, 981, 949, 950, 983, 982, 950, 951, 984, 983, 951, 952, 985, 984,
            952, 953, 986, 985, 953, 954, 987, 986, 954, 955, 988, 987, 955, 956, 989, 988,
            957, 958, 991, 990, 958, 959, 992, 991, 959, 960, 993, 992, 960, 961, 994, 993,
            961, 962, 995, 994, 962, 963, 996, 995, 963, 964, 997, 996, 964, 965, 998, 997,
            965, 966, 999, 998, 966, 967, 1000, 999, 967, 968, 1001, 1000, 968, 969, 1002, 1001,
            969, 970, 1003, 1002, 970, 971, 1004, 1003, 971, 972, 1005, 1004, 972, 973, 1006, 1005,
            973, 974, 1007, 1006, 974, 975, 1008, 1007, 975, 976, 1009, 1008, 976, 977, 1010, 1009,
            977, 978, 1011, 1010, 978, 979, 1012, 1011, 979, 980, 1013, 1012, 980, 981, 1014, 1013,
            981, 982, 1015, 1014, 982, 983, 1016, 1015, 983, 984, 1017, 1016, 984, 985, 1018, 1017,
            985, 986, 1019, 1018, 986, 987, 1020, 1019, 987, 988, 1021, 1020, 988, 989, 1022, 1021,
            990, 991, 1024, 1023, 991, 992, 1025, 1024, 992, 993, 1026, 1025, 993, 994, 1027, 1026,
            994, 995, 1028, 1027, 995, 996, 1029, 1028, 996, 997, 1030, 1029, 997, 998, 1031, 1030,
            998, 999, 1032, 1031, 999, 1000, 1033, 1032, 1000, 1001, 1034, 1033, 1001, 1002, 1035, 1034,
            1002, 1003, 1036, 1035, 1003, 1004, 1037, 1036, 1004, 1005, 1038, 1037, 1005, 1006, 1039, 1038,
            1006, 1007, 1040, 1039, 1007, 1008, 1041, 1040, 1008, 1009, 1042, 1041, 1009, 1010, 1043, 1042,
            1010, 1011, 1044, 1043, 1011, 1012, 1045, 1044, 1012, 1013, 1046, 1045, 1013, 1014, 1047, 1046,
            1014, 1015, 1048, 1047, 1015, 1016, 1049, 1048, 1016, 1017, 1050, 1049, 1017, 1018, 1051, 1050,
            1018, 1019, 1052, 1051, 1019, 1020, 1053, 1052, 1020, 1021, 1054, 1053, 1021, 1022, 1055, 1054,
            1023, 1024, 1057, 1056, 1024, 1025, 1058, 1057, 1025, 1026, 1059, 1058, 1026, 1027, 1060, 1059,
            1027, 1028, 1061, 1060, 1028, 1029, 1062, 1061, 1029, 1030, 1063, 1062, 1030, 1031, 1064, 1063,
            1031, 1032, 1065, 1064, 1032, 1033, 1066, 1065, 1033, 1034, 1067, 1066, 1034, 1035, 1068, 1067,
            1035, 1036, 1069, 1068, 1036, 1037, 1070, 1069, 1037, 1038, 1071, 1070, 1038, 1039, 1072, 1071,
            1039, 1040, 1073, 1072, 1040, 1041, 1074, 1073, 1041, 1042, 1075, 1074, 1042, 1043, 1076, 1075,
            1043, 1044, 1077, 1076, 1044, 1045, 1078, 1077, 1045, 1046, 1079, 1078, 1046, 1047, 1080, 1079,
            1047, 1048, 1081, 1080, 1048, 1049, 1082, 1081, 1049, 1050, 1083, 1082, 1050, 1051, 1084, 1083,
            1051, 1052, 1085, 1084, 1052, 1053, 1086, 1085, 1053, 1054, 1087, 1086, 1054, 1055, 1088, 1087,
        ]
        float3[] extent = [(5.0000, -4.0000, -0.1300), (13.0000, 4.0000, 0.1300)]
        rel material:binding = </MultiTerrainMap/Looks/WaveTeal> (
            bindMaterialAs = "weakerThanDescendants"
        )
        uniform token purpose = "default"
    }

    def Mesh "Tile_20_ObstaclePlane" (
        apiSchemas = ["MaterialBindingAPI"]
    )
    {
        string doc = "Plane carrying small obstacle boxes."
        uniform token subdivisionScheme = "none"
        point3f[] points = [
            (-13.0000, -13.0000, 0.0000),
            (-12.0000, -13.0000, 0.0000),
            (-11.0000, -13.0000, 0.0000),
            (-10.0000, -13.0000, 0.0000),
            (-9.0000, -13.0000, 0.0000),
            (-8.0000, -13.0000, 0.0000),
            (-7.0000, -13.0000, 0.0000),
            (-6.0000, -13.0000, 0.0000),
            (-5.0000, -13.0000, 0.0000),
            (-13.0000, -12.0000, 0.0000),
            (-12.0000, -12.0000, 0.0000),
            (-11.0000, -12.0000, 0.0000),
            (-10.0000, -12.0000, 0.0000),
            (-9.0000, -12.0000, 0.0000),
            (-8.0000, -12.0000, 0.0000),
            (-7.0000, -12.0000, 0.0000),
            (-6.0000, -12.0000, 0.0000),
            (-5.0000, -12.0000, 0.0000),
            (-13.0000, -11.0000, 0.0000),
            (-12.0000, -11.0000, 0.0000),
            (-11.0000, -11.0000, 0.0000),
            (-10.0000, -11.0000, 0.0000),
            (-9.0000, -11.0000, 0.0000),
            (-8.0000, -11.0000, 0.0000),
            (-7.0000, -11.0000, 0.0000),
            (-6.0000, -11.0000, 0.0000),
            (-5.0000, -11.0000, 0.0000),
            (-13.0000, -10.0000, 0.0000),
            (-12.0000, -10.0000, 0.0000),
            (-11.0000, -10.0000, 0.0000),
            (-10.0000, -10.0000, 0.0000),
            (-9.0000, -10.0000, 0.0000),
            (-8.0000, -10.0000, 0.0000),
            (-7.0000, -10.0000, 0.0000),
            (-6.0000, -10.0000, 0.0000),
            (-5.0000, -10.0000, 0.0000),
            (-13.0000, -9.0000, 0.0000),
            (-12.0000, -9.0000, 0.0000),
            (-11.0000, -9.0000, 0.0000),
            (-10.0000, -9.0000, 0.0000),
            (-9.0000, -9.0000, 0.0000),
            (-8.0000, -9.0000, 0.0000),
            (-7.0000, -9.0000, 0.0000),
            (-6.0000, -9.0000, 0.0000),
            (-5.0000, -9.0000, 0.0000),
            (-13.0000, -8.0000, 0.0000),
            (-12.0000, -8.0000, 0.0000),
            (-11.0000, -8.0000, 0.0000),
            (-10.0000, -8.0000, 0.0000),
            (-9.0000, -8.0000, 0.0000),
            (-8.0000, -8.0000, 0.0000),
            (-7.0000, -8.0000, 0.0000),
            (-6.0000, -8.0000, 0.0000),
            (-5.0000, -8.0000, 0.0000),
            (-13.0000, -7.0000, 0.0000),
            (-12.0000, -7.0000, 0.0000),
            (-11.0000, -7.0000, 0.0000),
            (-10.0000, -7.0000, 0.0000),
            (-9.0000, -7.0000, 0.0000),
            (-8.0000, -7.0000, 0.0000),
            (-7.0000, -7.0000, 0.0000),
            (-6.0000, -7.0000, 0.0000),
            (-5.0000, -7.0000, 0.0000),
            (-13.0000, -6.0000, 0.0000),
            (-12.0000, -6.0000, 0.0000),
            (-11.0000, -6.0000, 0.0000),
            (-10.0000, -6.0000, 0.0000),
            (-9.0000, -6.0000, 0.0000),
            (-8.0000, -6.0000, 0.0000),
            (-7.0000, -6.0000, 0.0000),
            (-6.0000, -6.0000, 0.0000),
            (-5.0000, -6.0000, 0.0000),
            (-13.0000, -5.0000, 0.0000),
            (-12.0000, -5.0000, 0.0000),
            (-11.0000, -5.0000, 0.0000),
            (-10.0000, -5.0000, 0.0000),
            (-9.0000, -5.0000, 0.0000),
            (-8.0000, -5.0000, 0.0000),
            (-7.0000, -5.0000, 0.0000),
            (-6.0000, -5.0000, 0.0000),
            (-5.0000, -5.0000, 0.0000),
        ]
        int[] faceVertexCounts = [4, 4, 4, 4, 4, 4, 4, 4, 4, 4, 4, 4, 4, 4, 4, 4, 4, 4, 4, 4, 4, 4, 4, 4, 4, 4, 4, 4, 4, 4, 4, 4, 4, 4, 4, 4, 4, 4, 4, 4, 4, 4, 4, 4, 4, 4, 4, 4, 4, 4, 4, 4, 4, 4, 4, 4, 4, 4, 4, 4, 4, 4, 4, 4]
        int[] faceVertexIndices = [
            0, 1, 10, 9, 1, 2, 11, 10, 2, 3, 12, 11, 3, 4, 13, 12,
            4, 5, 14, 13, 5, 6, 15, 14, 6, 7, 16, 15, 7, 8, 17, 16,
            9, 10, 19, 18, 10, 11, 20, 19, 11, 12, 21, 20, 12, 13, 22, 21,
            13, 14, 23, 22, 14, 15, 24, 23, 15, 16, 25, 24, 16, 17, 26, 25,
            18, 19, 28, 27, 19, 20, 29, 28, 20, 21, 30, 29, 21, 22, 31, 30,
            22, 23, 32, 31, 23, 24, 33, 32, 24, 25, 34, 33, 25, 26, 35, 34,
            27, 28, 37, 36, 28, 29, 38, 37, 29, 30, 39, 38, 30, 31, 40, 39,
            31, 32, 41, 40, 32, 33, 42, 41, 33, 34, 43, 42, 34, 35, 44, 43,
            36, 37, 46, 45, 37, 38, 47, 46, 38, 39, 48, 47, 39, 40, 49, 48,
            40, 41, 50, 49, 41, 42, 51, 50, 42, 43, 52, 51, 43, 44, 53, 52,
            45, 46, 55, 54, 46, 47, 56, 55, 47, 48, 57, 56, 48, 49, 58, 57,
            49, 50, 59, 58, 50, 51, 60, 59, 51, 52, 61, 60, 52, 53, 62, 61,
            54, 55, 64, 63, 55, 56, 65, 64, 56, 57, 66, 65, 57, 58, 67, 66,
            58, 59, 68, 67, 59, 60, 69, 68, 60, 61, 70, 69, 61, 62, 71, 70,
            63, 64, 73, 72, 64, 65, 74, 73, 65, 66, 75, 74, 66, 67, 76, 75,
            67, 68, 77, 76, 68, 69, 78, 77, 69, 70, 79, 78, 70, 71, 80, 79,
        ]
        float3[] extent = [(-13.0000, -13.0000, 0.0000), (-5.0000, -5.0000, 0.0000)]
        rel material:binding = </MultiTerrainMap/Looks/FlatGreen> (
            bindMaterialAs = "weakerThanDescendants"
        )
        uniform token purpose = "default"
    }

    def Mesh "Tile_20_Obstacle_00" (
        apiSchemas = ["MaterialBindingAPI"]
    )
    {
        uniform token subdivisionScheme = "none"
        point3f[] points = [
            (-10.7225, -6.0832, 0.0000),
            (-10.3033, -6.0832, 0.0000),
            (-10.3033, -5.5563, 0.0000),
            (-10.7225, -5.5563, 0.0000),
            (-10.7225, -6.0832, 0.2059),
            (-10.3033, -6.0832, 0.2059),
            (-10.3033, -5.5563, 0.2059),
            (-10.7225, -5.5563, 0.2059),
        ]
        int[] faceVertexCounts = [4, 4, 4, 4, 4, 4]
        int[] faceVertexIndices = [
            0, 1, 2, 3, 4, 7, 6, 5, 0, 4, 5, 1, 1, 5, 6, 2,
            2, 6, 7, 3, 3, 7, 4, 0,
        ]
        float3[] extent = [(-10.7225, -6.0832, 0.0000), (-10.3033, -5.5563, 0.2059)]
        rel material:binding = </MultiTerrainMap/Looks/ObstacleOchre> (
            bindMaterialAs = "weakerThanDescendants"
        )
        uniform token purpose = "default"
    }

    def Mesh "Tile_20_Obstacle_01" (
        apiSchemas = ["MaterialBindingAPI"]
    )
    {
        uniform token subdivisionScheme = "none"
        point3f[] points = [
            (-6.7821, -11.1248, 0.0000),
            (-6.2830, -11.1248, 0.0000),
            (-6.2830, -10.7381, 0.0000),
            (-6.7821, -10.7381, 0.0000),
            (-6.7821, -11.1248, 0.1600),
            (-6.2830, -11.1248, 0.1600),
            (-6.2830, -10.7381, 0.1600),
            (-6.7821, -10.7381, 0.1600),
        ]
        int[] faceVertexCounts = [4, 4, 4, 4, 4, 4]
        int[] faceVertexIndices = [
            0, 1, 2, 3, 4, 7, 6, 5, 0, 4, 5, 1, 1, 5, 6, 2,
            2, 6, 7, 3, 3, 7, 4, 0,
        ]
        float3[] extent = [(-6.7821, -11.1248, 0.0000), (-6.2830, -10.7381, 0.1600)]
        rel material:binding = </MultiTerrainMap/Looks/ObstacleOchre> (
            bindMaterialAs = "weakerThanDescendants"
        )
        uniform token purpose = "default"
    }

    def Mesh "Tile_20_Obstacle_02" (
        apiSchemas = ["MaterialBindingAPI"]
    )
    {
        uniform token subdivisionScheme = "none"
        point3f[] points = [
            (-9.7766, -6.2782, 0.0000),
            (-8.9598, -6.2782, 0.0000),
            (-8.9598, -5.5481, 0.0000),
            (-9.7766, -5.5481, 0.0000),
            (-9.7766, -6.2782, 0.0844),
            (-8.9598, -6.2782, 0.0844),
            (-8.9598, -5.5481, 0.0844),
            (-9.7766, -5.5481, 0.0844),
        ]
        int[] faceVertexCounts = [4, 4, 4, 4, 4, 4]
        int[] faceVertexIndices = [
            0, 1, 2, 3, 4, 7, 6, 5, 0, 4, 5, 1, 1, 5, 6, 2,
            2, 6, 7, 3, 3, 7, 4, 0,
        ]
        float3[] extent = [(-9.7766, -6.2782, 0.0000), (-8.9598, -5.5481, 0.0844)]
        rel material:binding = </MultiTerrainMap/Looks/ObstacleOchre> (
            bindMaterialAs = "weakerThanDescendants"
        )
        uniform token purpose = "default"
    }

    def Mesh "Tile_20_Obstacle_03" (
        apiSchemas = ["MaterialBindingAPI"]
    )
    {
        uniform token subdivisionScheme = "none"
        point3f[] points = [
            (-12.6021, -7.8305, 0.0000),
            (-11.7594, -7.8305, 0.0000),
            (-11.7594, -7.3202, 0.0000),
            (-12.6021, -7.3202, 0.0000),
            (-12.6021, -7.8305, 0.1974),
            (-11.7594, -7.8305, 0.1974),
            (-11.7594, -7.3202, 0.1974),
            (-12.6021, -7.3202, 0.1974),
        ]
        int[] faceVertexCounts = [4, 4, 4, 4, 4, 4]
        int[] faceVertexIndices = [
            0, 1, 2, 3, 4, 7, 6, 5, 0, 4, 5, 1, 1, 5, 6, 2,
            2, 6, 7, 3, 3, 7, 4, 0,
        ]
        float3[] extent = [(-12.6021, -7.8305, 0.0000), (-11.7594, -7.3202, 0.1974)]
        rel material:binding = </MultiTerrainMap/Looks/ObstacleOchre> (
            bindMaterialAs = "weakerThanDescendants"
        )
        uniform token purpose = "default"
    }

    def Mesh "Tile_20_Obstacle_04" (
        apiSchemas = ["MaterialBindingAPI"]
    )
    {
        uniform token subdivisionScheme = "none"
        point3f[] points = [
            (-12.8287, -10.0897, 0.0000),
            (-11.9689, -10.0897, 0.0000),
            (-11.9689, -9.3856, 0.0000),
            (-12.8287, -9.3856, 0.0000),
            (-12.8287, -10.0897, 0.2511),
            (-11.9689, -10.0897, 0.2511),
            (-11.9689, -9.3856, 0.2511),
            (-12.8287, -9.3856, 0.2511),
        ]
        int[] faceVertexCounts = [4, 4, 4, 4, 4, 4]
        int[] faceVertexIndices = [
            0, 1, 2, 3, 4, 7, 6, 5, 0, 4, 5, 1, 1, 5, 6, 2,
            2, 6, 7, 3, 3, 7, 4, 0,
        ]
        float3[] extent = [(-12.8287, -10.0897, 0.0000), (-11.9689, -9.3856, 0.2511)]
        rel material:binding = </MultiTerrainMap/Looks/ObstacleOchre> (
            bindMaterialAs = "weakerThanDescendants"
        )
        uniform token purpose = "default"
    }

    def Mesh "Tile_20_Obstacle_05" (
        apiSchemas = ["MaterialBindingAPI"]
    )
    {
        uniform token subdivisionScheme = "none"
        point3f[] points = [
            (-5.9937, -10.8779, 0.0000),
            (-5.5838, -10.8779, 0.0000),
            (-5.5838, -10.5430, 0.0000),
            (-5.9937, -10.5430, 0.0000),
            (-5.9937, -10.8779, 0.1845),
            (-5.5838, -10.8779, 0.1845),
            (-5.5838, -10.5430, 0.1845),
            (-5.9937, -10.5430, 0.1845),
        ]
        int[] faceVertexCounts = [4, 4, 4, 4, 4, 4]
        int[] faceVertexIndices = [
            0, 1, 2, 3, 4, 7, 6, 5, 0, 4, 5, 1, 1, 5, 6, 2,
            2, 6, 7, 3, 3, 7, 4, 0,
        ]
        float3[] extent = [(-5.9937, -10.8779, 0.0000), (-5.5838, -10.5430, 0.1845)]
        rel material:binding = </MultiTerrainMap/Looks/ObstacleOchre> (
            bindMaterialAs = "weakerThanDescendants"
        )
        uniform token purpose = "default"
    }

    def Mesh "Tile_20_Obstacle_06" (
        apiSchemas = ["MaterialBindingAPI"]
    )
    {
        uniform token subdivisionScheme = "none"
        point3f[] points = [
            (-8.1354, -6.3009, 0.0000),
            (-7.3884, -6.3009, 0.0000),
            (-7.3884, -5.6948, 0.0000),
            (-8.1354, -5.6948, 0.0000),
            (-8.1354, -6.3009, 0.2330),
            (-7.3884, -6.3009, 0.2330),
            (-7.3884, -5.6948, 0.2330),
            (-8.1354, -5.6948, 0.2330),
        ]
        int[] faceVertexCounts = [4, 4, 4, 4, 4, 4]
        int[] faceVertexIndices = [
            0, 1, 2, 3, 4, 7, 6, 5, 0, 4, 5, 1, 1, 5, 6, 2,
            2, 6, 7, 3, 3, 7, 4, 0,
        ]
        float3[] extent = [(-8.1354, -6.3009, 0.0000), (-7.3884, -5.6948, 0.2330)]
        rel material:binding = </MultiTerrainMap/Looks/ObstacleOchre> (
            bindMaterialAs = "weakerThanDescendants"
        )
        uniform token purpose = "default"
    }

    def Mesh "Tile_20_Obstacle_07" (
        apiSchemas = ["MaterialBindingAPI"]
    )
    {
        uniform token subdivisionScheme = "none"
        point3f[] points = [
            (-9.4761, -8.9899, 0.0000),
            (-9.1043, -8.9899, 0.0000),
            (-9.1043, -8.3097, 0.0000),
            (-9.4761, -8.3097, 0.0000),
            (-9.4761, -8.9899, 0.1265),
            (-9.1043, -8.9899, 0.1265),
            (-9.1043, -8.3097, 0.1265),
            (-9.4761, -8.3097, 0.1265),
        ]
        int[] faceVertexCounts = [4, 4, 4, 4, 4, 4]
        int[] faceVertexIndices = [
            0, 1, 2, 3, 4, 7, 6, 5, 0, 4, 5, 1, 1, 5, 6, 2,
            2, 6, 7, 3, 3, 7, 4, 0,
        ]
        float3[] extent = [(-9.4761, -8.9899, 0.0000), (-9.1043, -8.3097, 0.1265)]
        rel material:binding = </MultiTerrainMap/Looks/ObstacleOchre> (
            bindMaterialAs = "weakerThanDescendants"
        )
        uniform token purpose = "default"
    }

    def Mesh "Tile_20_Obstacle_08" (
        apiSchemas = ["MaterialBindingAPI"]
    )
    {
        uniform token subdivisionScheme = "none"
        point3f[] points = [
            (-6.4031, -8.1708, 0.0000),
            (-5.8860, -8.1708, 0.0000),
            (-5.8860, -7.8504, 0.0000),
            (-6.4031, -7.8504, 0.0000),
            (-6.4031, -8.1708, 0.1304),
            (-5.8860, -8.1708, 0.1304),
            (-5.8860, -7.8504, 0.1304),
            (-6.4031, -7.8504, 0.1304),
        ]
        int[] faceVertexCounts = [4, 4, 4, 4, 4, 4]
        int[] faceVertexIndices = [
            0, 1, 2, 3, 4, 7, 6, 5, 0, 4, 5, 1, 1, 5, 6, 2,
            2, 6, 7, 3, 3, 7, 4, 0,
        ]
        float3[] extent = [(-6.4031, -8.1708, 0.0000), (-5.8860, -7.8504, 0.1304)]
        rel material:binding = </MultiTerrainMap/Looks/ObstacleOchre> (
            bindMaterialAs = "weakerThanDescendants"
        )
        uniform token purpose = "default"
    }

    def Mesh "Tile_20_Obstacle_09" (
        apiSchemas = ["MaterialBindingAPI"]
    )
    {
        uniform token subdivisionScheme = "none"
        point3f[] points = [
            (-8.2791, -7.7940, 0.0000),
            (-7.8674, -7.7940, 0.0000),
            (-7.8674, -7.5053, 0.0000),
            (-8.2791, -7.5053, 0.0000),
            (-8.2791, -7.7940, 0.1849),
            (-7.8674, -7.7940, 0.1849),
            (-7.8674, -7.5053, 0.1849),
            (-8.2791, -7.5053, 0.1849),
        ]
        int[] faceVertexCounts = [4, 4, 4, 4, 4, 4]
        int[] faceVertexIndices = [
            0, 1, 2, 3, 4, 7, 6, 5, 0, 4, 5, 1, 1, 5, 6, 2,
            2, 6, 7, 3, 3, 7, 4, 0,
        ]
        float3[] extent = [(-8.2791, -7.7940, 0.0000), (-7.8674, -7.5053, 0.1849)]
        rel material:binding = </MultiTerrainMap/Looks/ObstacleOchre> (
            bindMaterialAs = "weakerThanDescendants"
        )
        uniform token purpose = "default"
    }

    def Mesh "Tile_20_Obstacle_10" (
        apiSchemas = ["MaterialBindingAPI"]
    )
    {
        uniform token subdivisionScheme = "none"
        point3f[] points = [
            (-8.6728, -10.0513, 0.0000),
            (-8.1999, -10.0513, 0.0000),
            (-8.1999, -9.4708, 0.0000),
            (-8.6728, -9.4708, 0.0000),
            (-8.6728, -10.0513, 0.0821),
            (-8.1999, -10.0513, 0.0821),
            (-8.1999, -9.4708, 0.0821),
            (-8.6728, -9.4708, 0.0821),
        ]
        int[] faceVertexCounts = [4, 4, 4, 4, 4, 4]
        int[] faceVertexIndices = [
            0, 1, 2, 3, 4, 7, 6, 5, 0, 4, 5, 1, 1, 5, 6, 2,
            2, 6, 7, 3, 3, 7, 4, 0,
        ]
        float3[] extent = [(-8.6728, -10.0513, 0.0000), (-8.1999, -9.4708, 0.0821)]
        rel material:binding = </MultiTerrainMap/Looks/ObstacleOchre> (
            bindMaterialAs = "weakerThanDescendants"
        )
        uniform token purpose = "default"
    }

    def Mesh "Tile_20_Obstacle_11" (
        apiSchemas = ["MaterialBindingAPI"]
    )
    {
        uniform token subdivisionScheme = "none"
        point3f[] points = [
            (-10.7884, -9.5696, 0.0000),
            (-9.9109, -9.5696, 0.0000),
            (-9.9109, -8.9650, 0.0000),
            (-10.7884, -8.9650, 0.0000),
            (-10.7884, -9.5696, 0.2568),
            (-9.9109, -9.5696, 0.2568),
            (-9.9109, -8.9650, 0.2568),
            (-10.7884, -8.9650, 0.2568),
        ]
        int[] faceVertexCounts = [4, 4, 4, 4, 4, 4]
        int[] faceVertexIndices = [
            0, 1, 2, 3, 4, 7, 6, 5, 0, 4, 5, 1, 1, 5, 6, 2,
            2, 6, 7, 3, 3, 7, 4, 0,
        ]
        float3[] extent = [(-10.7884, -9.5696, 0.0000), (-9.9109, -8.9650, 0.2568)]
        rel material:binding = </MultiTerrainMap/Looks/ObstacleOchre> (
            bindMaterialAs = "weakerThanDescendants"
        )
        uniform token purpose = "default"
    }

    def Mesh "Tile_20_Obstacle_12" (
        apiSchemas = ["MaterialBindingAPI"]
    )
    {
        uniform token subdivisionScheme = "none"
        point3f[] points = [
            (-9.4109, -11.1927, 0.0000),
            (-8.9250, -11.1927, 0.0000),
            (-8.9250, -10.4144, 0.0000),
            (-9.4109, -10.4144, 0.0000),
            (-9.4109, -11.1927, 0.2209),
            (-8.9250, -11.1927, 0.2209),
            (-8.9250, -10.4144, 0.2209),
            (-9.4109, -10.4144, 0.2209),
        ]
        int[] faceVertexCounts = [4, 4, 4, 4, 4, 4]
        int[] faceVertexIndices = [
            0, 1, 2, 3, 4, 7, 6, 5, 0, 4, 5, 1, 1, 5, 6, 2,
            2, 6, 7, 3, 3, 7, 4, 0,
        ]
        float3[] extent = [(-9.4109, -11.1927, 0.0000), (-8.9250, -10.4144, 0.2209)]
        rel material:binding = </MultiTerrainMap/Looks/ObstacleOchre> (
            bindMaterialAs = "weakerThanDescendants"
        )
        uniform token purpose = "default"
    }

    def Mesh "Tile_20_Obstacle_13" (
        apiSchemas = ["MaterialBindingAPI"]
    )
    {
        uniform token subdivisionScheme = "none"
        point3f[] points = [
            (-10.6217, -12.5623, 0.0000),
            (-9.9977, -12.5623, 0.0000),
            (-9.9977, -11.9414, 0.0000),
            (-10.6217, -11.9414, 0.0000),
            (-10.6217, -12.5623, 0.1640),
            (-9.9977, -12.5623, 0.1640),
            (-9.9977, -11.9414, 0.1640),
            (-10.6217, -11.9414, 0.1640),
        ]
        int[] faceVertexCounts = [4, 4, 4, 4, 4, 4]
        int[] faceVertexIndices = [
            0, 1, 2, 3, 4, 7, 6, 5, 0, 4, 5, 1, 1, 5, 6, 2,
            2, 6, 7, 3, 3, 7, 4, 0,
        ]
        float3[] extent = [(-10.6217, -12.5623, 0.0000), (-9.9977, -11.9414, 0.1640)]
        rel material:binding = </MultiTerrainMap/Looks/ObstacleOchre> (
            bindMaterialAs = "weakerThanDescendants"
        )
        uniform token purpose = "default"
    }

    def Mesh "Tile_20_Obstacle_14" (
        apiSchemas = ["MaterialBindingAPI"]
    )
    {
        uniform token subdivisionScheme = "none"
        point3f[] points = [
            (-11.0801, -8.0494, 0.0000),
            (-10.2212, -8.0494, 0.0000),
            (-10.2212, -7.6746, 0.0000),
            (-11.0801, -7.6746, 0.0000),
            (-11.0801, -8.0494, 0.0868),
            (-10.2212, -8.0494, 0.0868),
            (-10.2212, -7.6746, 0.0868),
            (-11.0801, -7.6746, 0.0868),
        ]
        int[] faceVertexCounts = [4, 4, 4, 4, 4, 4]
        int[] faceVertexIndices = [
            0, 1, 2, 3, 4, 7, 6, 5, 0, 4, 5, 1, 1, 5, 6, 2,
            2, 6, 7, 3, 3, 7, 4, 0,
        ]
        float3[] extent = [(-11.0801, -8.0494, 0.0000), (-10.2212, -7.6746, 0.0868)]
        rel material:binding = </MultiTerrainMap/Looks/ObstacleOchre> (
            bindMaterialAs = "weakerThanDescendants"
        )
        uniform token purpose = "default"
    }

    def Mesh "Tile_20_Obstacle_15" (
        apiSchemas = ["MaterialBindingAPI"]
    )
    {
        uniform token subdivisionScheme = "none"
        point3f[] points = [
            (-10.4640, -9.7197, 0.0000),
            (-9.7385, -9.7197, 0.0000),
            (-9.7385, -9.3607, 0.0000),
            (-10.4640, -9.3607, 0.0000),
            (-10.4640, -9.7197, 0.2394),
            (-9.7385, -9.7197, 0.2394),
            (-9.7385, -9.3607, 0.2394),
            (-10.4640, -9.3607, 0.2394),
        ]
        int[] faceVertexCounts = [4, 4, 4, 4, 4, 4]
        int[] faceVertexIndices = [
            0, 1, 2, 3, 4, 7, 6, 5, 0, 4, 5, 1, 1, 5, 6, 2,
            2, 6, 7, 3, 3, 7, 4, 0,
        ]
        float3[] extent = [(-10.4640, -9.7197, 0.0000), (-9.7385, -9.3607, 0.2394)]
        rel material:binding = </MultiTerrainMap/Looks/ObstacleOchre> (
            bindMaterialAs = "weakerThanDescendants"
        )
        uniform token purpose = "default"
    }

    def Mesh "Tile_20_Obstacle_16" (
        apiSchemas = ["MaterialBindingAPI"]
    )
    {
        uniform token subdivisionScheme = "none"
        point3f[] points = [
            (-7.6054, -9.3585, 0.0000),
            (-7.1425, -9.3585, 0.0000),
            (-7.1425, -8.5751, 0.0000),
            (-7.6054, -8.5751, 0.0000),
            (-7.6054, -9.3585, 0.1423),
            (-7.1425, -9.3585, 0.1423),
            (-7.1425, -8.5751, 0.1423),
            (-7.6054, -8.5751, 0.1423),
        ]
        int[] faceVertexCounts = [4, 4, 4, 4, 4, 4]
        int[] faceVertexIndices = [
            0, 1, 2, 3, 4, 7, 6, 5, 0, 4, 5, 1, 1, 5, 6, 2,
            2, 6, 7, 3, 3, 7, 4, 0,
        ]
        float3[] extent = [(-7.6054, -9.3585, 0.0000), (-7.1425, -8.5751, 0.1423)]
        rel material:binding = </MultiTerrainMap/Looks/ObstacleOchre> (
            bindMaterialAs = "weakerThanDescendants"
        )
        uniform token purpose = "default"
    }

    def Mesh "Tile_20_Obstacle_17" (
        apiSchemas = ["MaterialBindingAPI"]
    )
    {
        uniform token subdivisionScheme = "none"
        point3f[] points = [
            (-7.0599, -11.1646, 0.0000),
            (-6.5881, -11.1646, 0.0000),
            (-6.5881, -10.4964, 0.0000),
            (-7.0599, -10.4964, 0.0000),
            (-7.0599, -11.1646, 0.1390),
            (-6.5881, -11.1646, 0.1390),
            (-6.5881, -10.4964, 0.1390),
            (-7.0599, -10.4964, 0.1390),
        ]
        int[] faceVertexCounts = [4, 4, 4, 4, 4, 4]
        int[] faceVertexIndices = [
            0, 1, 2, 3, 4, 7, 6, 5, 0, 4, 5, 1, 1, 5, 6, 2,
            2, 6, 7, 3, 3, 7, 4, 0,
        ]
        float3[] extent = [(-7.0599, -11.1646, 0.0000), (-6.5881, -10.4964, 0.1390)]
        rel material:binding = </MultiTerrainMap/Looks/ObstacleOchre> (
            bindMaterialAs = "weakerThanDescendants"
        )
        uniform token purpose = "default"
    }

    def Mesh "Tile_20_Obstacle_18" (
        apiSchemas = ["MaterialBindingAPI"]
    )
    {
        uniform token subdivisionScheme = "none"
        point3f[] points = [
            (-6.1534, -9.2152, 0.0000),
            (-5.7004, -9.2152, 0.0000),
            (-5.7004, -8.8424, 0.0000),
            (-6.1534, -8.8424, 0.0000),
            (-6.1534, -9.2152, 0.1634),
            (-5.7004, -9.2152, 0.1634),
            (-5.7004, -8.8424, 0.1634),
            (-6.1534, -8.8424, 0.1634),
        ]
        int[] faceVertexCounts = [4, 4, 4, 4, 4, 4]
        int[] faceVertexIndices = [
            0, 1, 2, 3, 4, 7, 6, 5, 0, 4, 5, 1, 1, 5, 6, 2,
            2, 6, 7, 3, 3, 7, 4, 0,
        ]
        float3[] extent = [(-6.1534, -9.2152, 0.0000), (-5.7004, -8.8424, 0.1634)]
        rel material:binding = </MultiTerrainMap/Looks/ObstacleOchre> (
            bindMaterialAs = "weakerThanDescendants"
        )
        uniform token purpose = "default"
    }

    def Mesh "Tile_20_Obstacle_19" (
        apiSchemas = ["MaterialBindingAPI"]
    )
    {
        uniform token subdivisionScheme = "none"
        point3f[] points = [
            (-8.0913, -6.1816, 0.0000),
            (-7.6607, -6.1816, 0.0000),
            (-7.6607, -5.7152, 0.0000),
            (-8.0913, -5.7152, 0.0000),
            (-8.0913, -6.1816, 0.1226),
            (-7.6607, -6.1816, 0.1226),
            (-7.6607, -5.7152, 0.1226),
            (-8.0913, -5.7152, 0.1226),
        ]
        int[] faceVertexCounts = [4, 4, 4, 4, 4, 4]
        int[] faceVertexIndices = [
            0, 1, 2, 3, 4, 7, 6, 5, 0, 4, 5, 1, 1, 5, 6, 2,
            2, 6, 7, 3, 3, 7, 4, 0,
        ]
        float3[] extent = [(-8.0913, -6.1816, 0.0000), (-7.6607, -5.7152, 0.1226)]
        rel material:binding = </MultiTerrainMap/Looks/ObstacleOchre> (
            bindMaterialAs = "weakerThanDescendants"
        )
        uniform token purpose = "default"
    }

    def Mesh "Tile_20_Obstacle_20" (
        apiSchemas = ["MaterialBindingAPI"]
    )
    {
        uniform token subdivisionScheme = "none"
        point3f[] points = [
            (-5.9652, -11.5765, 0.0000),
            (-5.5867, -11.5765, 0.0000),
            (-5.5867, -11.2935, 0.0000),
            (-5.9652, -11.2935, 0.0000),
            (-5.9652, -11.5765, 0.1587),
            (-5.5867, -11.5765, 0.1587),
            (-5.5867, -11.2935, 0.1587),
            (-5.9652, -11.2935, 0.1587),
        ]
        int[] faceVertexCounts = [4, 4, 4, 4, 4, 4]
        int[] faceVertexIndices = [
            0, 1, 2, 3, 4, 7, 6, 5, 0, 4, 5, 1, 1, 5, 6, 2,
            2, 6, 7, 3, 3, 7, 4, 0,
        ]
        float3[] extent = [(-5.9652, -11.5765, 0.0000), (-5.5867, -11.2935, 0.1587)]
        rel material:binding = </MultiTerrainMap/Looks/ObstacleOchre> (
            bindMaterialAs = "weakerThanDescendants"
        )
        uniform token purpose = "default"
    }

    def Mesh "Tile_20_Obstacle_21" (
        apiSchemas = ["MaterialBindingAPI"]
    )
    {
        uniform token subdivisionScheme = "none"
        point3f[] points = [
            (-6.6690, -6.7910, 0.0000),
            (-5.9160, -6.7910, 0.0000),
            (-5.9160, -5.9923, 0.0000),
            (-6.6690, -5.9923, 0.0000),
            (-6.6690, -6.7910, 0.2663),
            (-5.9160, -6.7910, 0.2663),
            (-5.9160, -5.9923, 0.2663),
            (-6.6690, -5.9923, 0.2663),
        ]
        int[] faceVertexCounts = [4, 4, 4, 4, 4, 4]
        int[] faceVertexIndices = [
            0, 1, 2, 3, 4, 7, 6, 5, 0, 4, 5, 1, 1, 5, 6, 2,
            2, 6, 7, 3, 3, 7, 4, 0,
        ]
        float3[] extent = [(-6.6690, -6.7910, 0.0000), (-5.9160, -5.9923, 0.2663)]
        rel material:binding = </MultiTerrainMap/Looks/ObstacleOchre> (
            bindMaterialAs = "weakerThanDescendants"
        )
        uniform token purpose = "default"
    }

    def Mesh "Tile_20_Obstacle_22" (
        apiSchemas = ["MaterialBindingAPI"]
    )
    {
        uniform token subdivisionScheme = "none"
        point3f[] points = [
            (-10.5935, -11.4688, 0.0000),
            (-9.7288, -11.4688, 0.0000),
            (-9.7288, -10.8083, 0.0000),
            (-10.5935, -10.8083, 0.0000),
            (-10.5935, -11.4688, 0.0864),
            (-9.7288, -11.4688, 0.0864),
            (-9.7288, -10.8083, 0.0864),
            (-10.5935, -10.8083, 0.0864),
        ]
        int[] faceVertexCounts = [4, 4, 4, 4, 4, 4]
        int[] faceVertexIndices = [
            0, 1, 2, 3, 4, 7, 6, 5, 0, 4, 5, 1, 1, 5, 6, 2,
            2, 6, 7, 3, 3, 7, 4, 0,
        ]
        float3[] extent = [(-10.5935, -11.4688, 0.0000), (-9.7288, -10.8083, 0.0864)]
        rel material:binding = </MultiTerrainMap/Looks/ObstacleOchre> (
            bindMaterialAs = "weakerThanDescendants"
        )
        uniform token purpose = "default"
    }

    def Mesh "Tile_20_Obstacle_23" (
        apiSchemas = ["MaterialBindingAPI"]
    )
    {
        uniform token subdivisionScheme = "none"
        point3f[] points = [
            (-8.1597, -10.0416, 0.0000),
            (-7.6041, -10.0416, 0.0000),
            (-7.6041, -9.6092, 0.0000),
            (-8.1597, -9.6092, 0.0000),
            (-8.1597, -10.0416, 0.1139),
            (-7.6041, -10.0416, 0.1139),
            (-7.6041, -9.6092, 0.1139),
            (-8.1597, -9.6092, 0.1139),
        ]
        int[] faceVertexCounts = [4, 4, 4, 4, 4, 4]
        int[] faceVertexIndices = [
            0, 1, 2, 3, 4, 7, 6, 5, 0, 4, 5, 1, 1, 5, 6, 2,
            2, 6, 7, 3, 3, 7, 4, 0,
        ]
        float3[] extent = [(-8.1597, -10.0416, 0.0000), (-7.6041, -9.6092, 0.1139)]
        rel material:binding = </MultiTerrainMap/Looks/ObstacleOchre> (
            bindMaterialAs = "weakerThanDescendants"
        )
        uniform token purpose = "default"
    }

    def Mesh "Tile_21_StoneFloor" (
        apiSchemas = ["MaterialBindingAPI"]
    )
    {
        string doc = "Lower dark floor under stepping stones."
        uniform token subdivisionScheme = "none"
        point3f[] points = [
            (-4.0000, -13.0000, -0.1800),
            (4.0000, -13.0000, -0.1800),
            (4.0000, -5.0000, -0.1800),
            (-4.0000, -5.0000, -0.1800),
            (-4.0000, -13.0000, -0.1000),
            (4.0000, -13.0000, -0.1000),
            (4.0000, -5.0000, -0.1000),
            (-4.0000, -5.0000, -0.1000),
        ]
        int[] faceVertexCounts = [4, 4, 4, 4, 4, 4]
        int[] faceVertexIndices = [
            0, 1, 2, 3, 4, 7, 6, 5, 0, 4, 5, 1, 1, 5, 6, 2,
            2, 6, 7, 3, 3, 7, 4, 0,
        ]
        float3[] extent = [(-4.0000, -13.0000, -0.1800), (4.0000, -5.0000, -0.1000)]
        rel material:binding = </MultiTerrainMap/Looks/PitFloorDark> (
            bindMaterialAs = "weakerThanDescendants"
        )
        uniform token purpose = "default"
    }

    def Mesh "Tile_21_Stone_00" (
        apiSchemas = ["MaterialBindingAPI"]
    )
    {
        uniform token subdivisionScheme = "none"
        point3f[] points = [
            (-3.5655, -12.5715, 0.0000),
            (-2.7925, -12.5715, 0.0000),
            (-2.7925, -11.5871, 0.0000),
            (-3.5655, -11.5871, 0.0000),
            (-3.5655, -12.5715, 0.1186),
            (-2.7925, -12.5715, 0.1186),
            (-2.7925, -11.5871, 0.1186),
            (-3.5655, -11.5871, 0.1186),
        ]
        int[] faceVertexCounts = [4, 4, 4, 4, 4, 4]
        int[] faceVertexIndices = [
            0, 1, 2, 3, 4, 7, 6, 5, 0, 4, 5, 1, 1, 5, 6, 2,
            2, 6, 7, 3, 3, 7, 4, 0,
        ]
        float3[] extent = [(-3.5655, -12.5715, 0.0000), (-2.7925, -11.5871, 0.1186)]
        rel material:binding = </MultiTerrainMap/Looks/StoneGray> (
            bindMaterialAs = "weakerThanDescendants"
        )
        uniform token purpose = "default"
    }

    def Mesh "Tile_21_Stone_01" (
        apiSchemas = ["MaterialBindingAPI"]
    )
    {
        uniform token subdivisionScheme = "none"
        point3f[] points = [
            (-1.7203, -12.5741, 0.0000),
            (-0.9455, -12.5741, 0.0000),
            (-0.9455, -11.6366, 0.0000),
            (-1.7203, -11.6366, 0.0000),
            (-1.7203, -12.5741, 0.2233),
            (-0.9455, -12.5741, 0.2233),
            (-0.9455, -11.6366, 0.2233),
            (-1.7203, -11.6366, 0.2233),
        ]
        int[] faceVertexCounts = [4, 4, 4, 4, 4, 4]
        int[] faceVertexIndices = [
            0, 1, 2, 3, 4, 7, 6, 5, 0, 4, 5, 1, 1, 5, 6, 2,
            2, 6, 7, 3, 3, 7, 4, 0,
        ]
        float3[] extent = [(-1.7203, -12.5741, 0.0000), (-0.9455, -11.6366, 0.2233)]
        rel material:binding = </MultiTerrainMap/Looks/StoneGray> (
            bindMaterialAs = "weakerThanDescendants"
        )
        uniform token purpose = "default"
    }

    def Mesh "Tile_21_Stone_02" (
        apiSchemas = ["MaterialBindingAPI"]
    )
    {
        uniform token subdivisionScheme = "none"
        point3f[] points = [
            (-0.4322, -12.5525, 0.0000),
            (0.3835, -12.5525, 0.0000),
            (0.3835, -11.7720, 0.0000),
            (-0.4322, -11.7720, 0.0000),
            (-0.4322, -12.5525, 0.2379),
            (0.3835, -12.5525, 0.2379),
            (0.3835, -11.7720, 0.2379),
            (-0.4322, -11.7720, 0.2379),
        ]
        int[] faceVertexCounts = [4, 4, 4, 4, 4, 4]
        int[] faceVertexIndices = [
            0, 1, 2, 3, 4, 7, 6, 5, 0, 4, 5, 1, 1, 5, 6, 2,
            2, 6, 7, 3, 3, 7, 4, 0,
        ]
        float3[] extent = [(-0.4322, -12.5525, 0.0000), (0.3835, -11.7720, 0.2379)]
        rel material:binding = </MultiTerrainMap/Looks/StoneGray> (
            bindMaterialAs = "weakerThanDescendants"
        )
        uniform token purpose = "default"
    }

    def Mesh "Tile_21_Stone_03" (
        apiSchemas = ["MaterialBindingAPI"]
    )
    {
        uniform token subdivisionScheme = "none"
        point3f[] points = [
            (0.9075, -12.3792, 0.0000),
            (1.8715, -12.3792, 0.0000),
            (1.8715, -11.7186, 0.0000),
            (0.9075, -11.7186, 0.0000),
            (0.9075, -12.3792, 0.1616),
            (1.8715, -12.3792, 0.1616),
            (1.8715, -11.7186, 0.1616),
            (0.9075, -11.7186, 0.1616),
        ]
        int[] faceVertexCounts = [4, 4, 4, 4, 4, 4]
        int[] faceVertexIndices = [
            0, 1, 2, 3, 4, 7, 6, 5, 0, 4, 5, 1, 1, 5, 6, 2,
            2, 6, 7, 3, 3, 7, 4, 0,
        ]
        float3[] extent = [(0.9075, -12.3792, 0.0000), (1.8715, -11.7186, 0.1616)]
        rel material:binding = </MultiTerrainMap/Looks/StoneGray> (
            bindMaterialAs = "weakerThanDescendants"
        )
        uniform token purpose = "default"
    }

    def Mesh "Tile_21_Stone_04" (
        apiSchemas = ["MaterialBindingAPI"]
    )
    {
        uniform token subdivisionScheme = "none"
        point3f[] points = [
            (2.7801, -12.2351, 0.0000),
            (3.4444, -12.2351, 0.0000),
            (3.4444, -11.5729, 0.0000),
            (2.7801, -11.5729, 0.0000),
            (2.7801, -12.2351, 0.1094),
            (3.4444, -12.2351, 0.1094),
            (3.4444, -11.5729, 0.1094),
            (2.7801, -11.5729, 0.1094),
        ]
        int[] faceVertexCounts = [4, 4, 4, 4, 4, 4]
        int[] faceVertexIndices = [
            0, 1, 2, 3, 4, 7, 6, 5, 0, 4, 5, 1, 1, 5, 6, 2,
            2, 6, 7, 3, 3, 7, 4, 0,
        ]
        float3[] extent = [(2.7801, -12.2351, 0.0000), (3.4444, -11.5729, 0.1094)]
        rel material:binding = </MultiTerrainMap/Looks/StoneGray> (
            bindMaterialAs = "weakerThanDescendants"
        )
        uniform token purpose = "default"
    }

    def Mesh "Tile_21_Stone_05" (
        apiSchemas = ["MaterialBindingAPI"]
    )
    {
        uniform token subdivisionScheme = "none"
        point3f[] points = [
            (-3.3045, -11.0697, 0.0000),
            (-2.3930, -11.0697, 0.0000),
            (-2.3930, -10.1052, 0.0000),
            (-3.3045, -10.1052, 0.0000),
            (-3.3045, -11.0697, 0.1509),
            (-2.3930, -11.0697, 0.1509),
            (-2.3930, -10.1052, 0.1509),
            (-3.3045, -10.1052, 0.1509),
        ]
        int[] faceVertexCounts = [4, 4, 4, 4, 4, 4]
        int[] faceVertexIndices = [
            0, 1, 2, 3, 4, 7, 6, 5, 0, 4, 5, 1, 1, 5, 6, 2,
            2, 6, 7, 3, 3, 7, 4, 0,
        ]
        float3[] extent = [(-3.3045, -11.0697, 0.0000), (-2.3930, -10.1052, 0.1509)]
        rel material:binding = </MultiTerrainMap/Looks/StoneGray> (
            bindMaterialAs = "weakerThanDescendants"
        )
        uniform token purpose = "default"
    }

    def Mesh "Tile_21_Stone_06" (
        apiSchemas = ["MaterialBindingAPI"]
    )
    {
        uniform token subdivisionScheme = "none"
        point3f[] points = [
            (-2.0149, -10.7061, 0.0000),
            (-1.1490, -10.7061, 0.0000),
            (-1.1490, -9.9644, 0.0000),
            (-2.0149, -9.9644, 0.0000),
            (-2.0149, -10.7061, 0.2075),
            (-1.1490, -10.7061, 0.2075),
            (-1.1490, -9.9644, 0.2075),
            (-2.0149, -9.9644, 0.2075),
        ]
        int[] faceVertexCounts = [4, 4, 4, 4, 4, 4]
        int[] faceVertexIndices = [
            0, 1, 2, 3, 4, 7, 6, 5, 0, 4, 5, 1, 1, 5, 6, 2,
            2, 6, 7, 3, 3, 7, 4, 0,
        ]
        float3[] extent = [(-2.0149, -10.7061, 0.0000), (-1.1490, -9.9644, 0.2075)]
        rel material:binding = </MultiTerrainMap/Looks/StoneGray> (
            bindMaterialAs = "weakerThanDescendants"
        )
        uniform token purpose = "default"
    }

    def Mesh "Tile_21_Stone_07" (
        apiSchemas = ["MaterialBindingAPI"]
    )
    {
        uniform token subdivisionScheme = "none"
        point3f[] points = [
            (-0.3917, -11.0380, 0.0000),
            (0.2596, -11.0380, 0.0000),
            (0.2596, -10.1235, 0.0000),
            (-0.3917, -10.1235, 0.0000),
            (-0.3917, -11.0380, 0.2375),
            (0.2596, -11.0380, 0.2375),
            (0.2596, -10.1235, 0.2375),
            (-0.3917, -10.1235, 0.2375),
        ]
        int[] faceVertexCounts = [4, 4, 4, 4, 4, 4]
        int[] faceVertexIndices = [
            0, 1, 2, 3, 4, 7, 6, 5, 0, 4, 5, 1, 1, 5, 6, 2,
            2, 6, 7, 3, 3, 7, 4, 0,
        ]
        float3[] extent = [(-0.3917, -11.0380, 0.0000), (0.2596, -10.1235, 0.2375)]
        rel material:binding = </MultiTerrainMap/Looks/StoneGray> (
            bindMaterialAs = "weakerThanDescendants"
        )
        uniform token purpose = "default"
    }

    def Mesh "Tile_21_Stone_08" (
        apiSchemas = ["MaterialBindingAPI"]
    )
    {
        uniform token subdivisionScheme = "none"
        point3f[] points = [
            (1.2190, -10.7064, 0.0000),
            (1.8775, -10.7064, 0.0000),
            (1.8775, -9.9745, 0.0000),
            (1.2190, -9.9745, 0.0000),
            (1.2190, -10.7064, 0.1713),
            (1.8775, -10.7064, 0.1713),
            (1.8775, -9.9745, 0.1713),
            (1.2190, -9.9745, 0.1713),
        ]
        int[] faceVertexCounts = [4, 4, 4, 4, 4, 4]
        int[] faceVertexIndices = [
            0, 1, 2, 3, 4, 7, 6, 5, 0, 4, 5, 1, 1, 5, 6, 2,
            2, 6, 7, 3, 3, 7, 4, 0,
        ]
        float3[] extent = [(1.2190, -10.7064, 0.0000), (1.8775, -9.9745, 0.1713)]
        rel material:binding = </MultiTerrainMap/Looks/StoneGray> (
            bindMaterialAs = "weakerThanDescendants"
        )
        uniform token purpose = "default"
    }

    def Mesh "Tile_21_Stone_09" (
        apiSchemas = ["MaterialBindingAPI"]
    )
    {
        uniform token subdivisionScheme = "none"
        point3f[] points = [
            (2.7718, -10.7055, 0.0000),
            (3.5571, -10.7055, 0.0000),
            (3.5571, -9.9677, 0.0000),
            (2.7718, -9.9677, 0.0000),
            (2.7718, -10.7055, 0.1645),
            (3.5571, -10.7055, 0.1645),
            (3.5571, -9.9677, 0.1645),
            (2.7718, -9.9677, 0.1645),
        ]
        int[] faceVertexCounts = [4, 4, 4, 4, 4, 4]
        int[] faceVertexIndices = [
            0, 1, 2, 3, 4, 7, 6, 5, 0, 4, 5, 1, 1, 5, 6, 2,
            2, 6, 7, 3, 3, 7, 4, 0,
        ]
        float3[] extent = [(2.7718, -10.7055, 0.0000), (3.5571, -9.9677, 0.1645)]
        rel material:binding = </MultiTerrainMap/Looks/StoneGray> (
            bindMaterialAs = "weakerThanDescendants"
        )
        uniform token purpose = "default"
    }

    def Mesh "Tile_21_Stone_10" (
        apiSchemas = ["MaterialBindingAPI"]
    )
    {
        uniform token subdivisionScheme = "none"
        point3f[] points = [
            (-3.3594, -9.3113, 0.0000),
            (-2.6453, -9.3113, 0.0000),
            (-2.6453, -8.3804, 0.0000),
            (-3.3594, -8.3804, 0.0000),
            (-3.3594, -9.3113, 0.2108),
            (-2.6453, -9.3113, 0.2108),
            (-2.6453, -8.3804, 0.2108),
            (-3.3594, -8.3804, 0.2108),
        ]
        int[] faceVertexCounts = [4, 4, 4, 4, 4, 4]
        int[] faceVertexIndices = [
            0, 1, 2, 3, 4, 7, 6, 5, 0, 4, 5, 1, 1, 5, 6, 2,
            2, 6, 7, 3, 3, 7, 4, 0,
        ]
        float3[] extent = [(-3.3594, -9.3113, 0.0000), (-2.6453, -8.3804, 0.2108)]
        rel material:binding = </MultiTerrainMap/Looks/StoneGray> (
            bindMaterialAs = "weakerThanDescendants"
        )
        uniform token purpose = "default"
    }

    def Mesh "Tile_21_Stone_11" (
        apiSchemas = ["MaterialBindingAPI"]
    )
    {
        uniform token subdivisionScheme = "none"
        point3f[] points = [
            (-1.8151, -9.2842, 0.0000),
            (-0.9525, -9.2842, 0.0000),
            (-0.9525, -8.5194, 0.0000),
            (-1.8151, -8.5194, 0.0000),
            (-1.8151, -9.2842, 0.1479),
            (-0.9525, -9.2842, 0.1479),
            (-0.9525, -8.5194, 0.1479),
            (-1.8151, -8.5194, 0.1479),
        ]
        int[] faceVertexCounts = [4, 4, 4, 4, 4, 4]
        int[] faceVertexIndices = [
            0, 1, 2, 3, 4, 7, 6, 5, 0, 4, 5, 1, 1, 5, 6, 2,
            2, 6, 7, 3, 3, 7, 4, 0,
        ]
        float3[] extent = [(-1.8151, -9.2842, 0.0000), (-0.9525, -8.5194, 0.1479)]
        rel material:binding = </MultiTerrainMap/Looks/StoneGray> (
            bindMaterialAs = "weakerThanDescendants"
        )
        uniform token purpose = "default"
    }

    def Mesh "Tile_21_Stone_12" (
        apiSchemas = ["MaterialBindingAPI"]
    )
    {
        uniform token subdivisionScheme = "none"
        point3f[] points = [
            (-0.3886, -9.2579, 0.0000),
            (0.2891, -9.2579, 0.0000),
            (0.2891, -8.5389, 0.0000),
            (-0.3886, -8.5389, 0.0000),
            (-0.3886, -9.2579, 0.2129),
            (0.2891, -9.2579, 0.2129),
            (0.2891, -8.5389, 0.2129),
            (-0.3886, -8.5389, 0.2129),
        ]
        int[] faceVertexCounts = [4, 4, 4, 4, 4, 4]
        int[] faceVertexIndices = [
            0, 1, 2, 3, 4, 7, 6, 5, 0, 4, 5, 1, 1, 5, 6, 2,
            2, 6, 7, 3, 3, 7, 4, 0,
        ]
        float3[] extent = [(-0.3886, -9.2579, 0.0000), (0.2891, -8.5389, 0.2129)]
        rel material:binding = </MultiTerrainMap/Looks/StoneGray> (
            bindMaterialAs = "weakerThanDescendants"
        )
        uniform token purpose = "default"
    }

    def Mesh "Tile_21_Stone_13" (
        apiSchemas = ["MaterialBindingAPI"]
    )
    {
        uniform token subdivisionScheme = "none"
        point3f[] points = [
            (1.0781, -9.5784, 0.0000),
            (1.7400, -9.5784, 0.0000),
            (1.7400, -8.7350, 0.0000),
            (1.0781, -8.7350, 0.0000),
            (1.0781, -9.5784, 0.1489),
            (1.7400, -9.5784, 0.1489),
            (1.7400, -8.7350, 0.1489),
            (1.0781, -8.7350, 0.1489),
        ]
        int[] faceVertexCounts = [4, 4, 4, 4, 4, 4]
        int[] faceVertexIndices = [
            0, 1, 2, 3, 4, 7, 6, 5, 0, 4, 5, 1, 1, 5, 6, 2,
            2, 6, 7, 3, 3, 7, 4, 0,
        ]
        float3[] extent = [(1.0781, -9.5784, 0.0000), (1.7400, -8.7350, 0.1489)]
        rel material:binding = </MultiTerrainMap/Looks/StoneGray> (
            bindMaterialAs = "weakerThanDescendants"
        )
        uniform token purpose = "default"
    }

    def Mesh "Tile_21_Stone_14" (
        apiSchemas = ["MaterialBindingAPI"]
    )
    {
        uniform token subdivisionScheme = "none"
        point3f[] points = [
            (2.6750, -9.2333, 0.0000),
            (3.6708, -9.2333, 0.0000),
            (3.6708, -8.4906, 0.0000),
            (2.6750, -8.4906, 0.0000),
            (2.6750, -9.2333, 0.1126),
            (3.6708, -9.2333, 0.1126),
            (3.6708, -8.4906, 0.1126),
            (2.6750, -8.4906, 0.1126),
        ]
        int[] faceVertexCounts = [4, 4, 4, 4, 4, 4]
        int[] faceVertexIndices = [
            0, 1, 2, 3, 4, 7, 6, 5, 0, 4, 5, 1, 1, 5, 6, 2,
            2, 6, 7, 3, 3, 7, 4, 0,
        ]
        float3[] extent = [(2.6750, -9.2333, 0.0000), (3.6708, -8.4906, 0.1126)]
        rel material:binding = </MultiTerrainMap/Looks/StoneGray> (
            bindMaterialAs = "weakerThanDescendants"
        )
        uniform token purpose = "default"
    }

    def Mesh "Tile_21_Stone_15" (
        apiSchemas = ["MaterialBindingAPI"]
    )
    {
        uniform token subdivisionScheme = "none"
        point3f[] points = [
            (-3.5945, -7.9038, 0.0000),
            (-2.6961, -7.9038, 0.0000),
            (-2.6961, -7.0973, 0.0000),
            (-3.5945, -7.0973, 0.0000),
            (-3.5945, -7.9038, 0.1351),
            (-2.6961, -7.9038, 0.1351),
            (-2.6961, -7.0973, 0.1351),
            (-3.5945, -7.0973, 0.1351),
        ]
        int[] faceVertexCounts = [4, 4, 4, 4, 4, 4]
        int[] faceVertexIndices = [
            0, 1, 2, 3, 4, 7, 6, 5, 0, 4, 5, 1, 1, 5, 6, 2,
            2, 6, 7, 3, 3, 7, 4, 0,
        ]
        float3[] extent = [(-3.5945, -7.9038, 0.0000), (-2.6961, -7.0973, 0.1351)]
        rel material:binding = </MultiTerrainMap/Looks/StoneGray> (
            bindMaterialAs = "weakerThanDescendants"
        )
        uniform token purpose = "default"
    }

    def Mesh "Tile_21_Stone_16" (
        apiSchemas = ["MaterialBindingAPI"]
    )
    {
        uniform token subdivisionScheme = "none"
        point3f[] points = [
            (-1.9729, -7.9126, 0.0000),
            (-1.0870, -7.9126, 0.0000),
            (-1.0870, -7.0008, 0.0000),
            (-1.9729, -7.0008, 0.0000),
            (-1.9729, -7.9126, 0.2270),
            (-1.0870, -7.9126, 0.2270),
            (-1.0870, -7.0008, 0.2270),
            (-1.9729, -7.0008, 0.2270),
        ]
        int[] faceVertexCounts = [4, 4, 4, 4, 4, 4]
        int[] faceVertexIndices = [
            0, 1, 2, 3, 4, 7, 6, 5, 0, 4, 5, 1, 1, 5, 6, 2,
            2, 6, 7, 3, 3, 7, 4, 0,
        ]
        float3[] extent = [(-1.9729, -7.9126, 0.0000), (-1.0870, -7.0008, 0.2270)]
        rel material:binding = </MultiTerrainMap/Looks/StoneGray> (
            bindMaterialAs = "weakerThanDescendants"
        )
        uniform token purpose = "default"
    }

    def Mesh "Tile_21_Stone_17" (
        apiSchemas = ["MaterialBindingAPI"]
    )
    {
        uniform token subdivisionScheme = "none"
        point3f[] points = [
            (-0.4130, -8.0128, 0.0000),
            (0.5313, -8.0128, 0.0000),
            (0.5313, -7.2600, 0.0000),
            (-0.4130, -7.2600, 0.0000),
            (-0.4130, -8.0128, 0.1850),
            (0.5313, -8.0128, 0.1850),
            (0.5313, -7.2600, 0.1850),
            (-0.4130, -7.2600, 0.1850),
        ]
        int[] faceVertexCounts = [4, 4, 4, 4, 4, 4]
        int[] faceVertexIndices = [
            0, 1, 2, 3, 4, 7, 6, 5, 0, 4, 5, 1, 1, 5, 6, 2,
            2, 6, 7, 3, 3, 7, 4, 0,
        ]
        float3[] extent = [(-0.4130, -8.0128, 0.0000), (0.5313, -7.2600, 0.1850)]
        rel material:binding = </MultiTerrainMap/Looks/StoneGray> (
            bindMaterialAs = "weakerThanDescendants"
        )
        uniform token purpose = "default"
    }

    def Mesh "Tile_21_Stone_18" (
        apiSchemas = ["MaterialBindingAPI"]
    )
    {
        uniform token subdivisionScheme = "none"
        point3f[] points = [
            (1.0944, -7.7826, 0.0000),
            (1.8141, -7.7826, 0.0000),
            (1.8141, -7.0460, 0.0000),
            (1.0944, -7.0460, 0.0000),
            (1.0944, -7.7826, 0.1368),
            (1.8141, -7.7826, 0.1368),
            (1.8141, -7.0460, 0.1368),
            (1.0944, -7.0460, 0.1368),
        ]
        int[] faceVertexCounts = [4, 4, 4, 4, 4, 4]
        int[] faceVertexIndices = [
            0, 1, 2, 3, 4, 7, 6, 5, 0, 4, 5, 1, 1, 5, 6, 2,
            2, 6, 7, 3, 3, 7, 4, 0,
        ]
        float3[] extent = [(1.0944, -7.7826, 0.0000), (1.8141, -7.0460, 0.1368)]
        rel material:binding = </MultiTerrainMap/Looks/StoneGray> (
            bindMaterialAs = "weakerThanDescendants"
        )
        uniform token purpose = "default"
    }

    def Mesh "Tile_21_Stone_19" (
        apiSchemas = ["MaterialBindingAPI"]
    )
    {
        uniform token subdivisionScheme = "none"
        point3f[] points = [
            (2.4490, -7.7438, 0.0000),
            (3.3014, -7.7438, 0.0000),
            (3.3014, -6.9796, 0.0000),
            (2.4490, -6.9796, 0.0000),
            (2.4490, -7.7438, 0.1594),
            (3.3014, -7.7438, 0.1594),
            (3.3014, -6.9796, 0.1594),
            (2.4490, -6.9796, 0.1594),
        ]
        int[] faceVertexCounts = [4, 4, 4, 4, 4, 4]
        int[] faceVertexIndices = [
            0, 1, 2, 3, 4, 7, 6, 5, 0, 4, 5, 1, 1, 5, 6, 2,
            2, 6, 7, 3, 3, 7, 4, 0,
        ]
        float3[] extent = [(2.4490, -7.7438, 0.0000), (3.3014, -6.9796, 0.1594)]
        rel material:binding = </MultiTerrainMap/Looks/StoneGray> (
            bindMaterialAs = "weakerThanDescendants"
        )
        uniform token purpose = "default"
    }

    def Mesh "Tile_21_Stone_20" (
        apiSchemas = ["MaterialBindingAPI"]
    )
    {
        uniform token subdivisionScheme = "none"
        point3f[] points = [
            (-3.1882, -6.4638, 0.0000),
            (-2.4572, -6.4638, 0.0000),
            (-2.4572, -5.5309, 0.0000),
            (-3.1882, -5.5309, 0.0000),
            (-3.1882, -6.4638, 0.1980),
            (-2.4572, -6.4638, 0.1980),
            (-2.4572, -5.5309, 0.1980),
            (-3.1882, -5.5309, 0.1980),
        ]
        int[] faceVertexCounts = [4, 4, 4, 4, 4, 4]
        int[] faceVertexIndices = [
            0, 1, 2, 3, 4, 7, 6, 5, 0, 4, 5, 1, 1, 5, 6, 2,
            2, 6, 7, 3, 3, 7, 4, 0,
        ]
        float3[] extent = [(-3.1882, -6.4638, 0.0000), (-2.4572, -5.5309, 0.1980)]
        rel material:binding = </MultiTerrainMap/Looks/StoneGray> (
            bindMaterialAs = "weakerThanDescendants"
        )
        uniform token purpose = "default"
    }

    def Mesh "Tile_21_Stone_21" (
        apiSchemas = ["MaterialBindingAPI"]
    )
    {
        uniform token subdivisionScheme = "none"
        point3f[] points = [
            (-1.7313, -6.6115, 0.0000),
            (-0.9152, -6.6115, 0.0000),
            (-0.9152, -5.6748, 0.0000),
            (-1.7313, -5.6748, 0.0000),
            (-1.7313, -6.6115, 0.2261),
            (-0.9152, -6.6115, 0.2261),
            (-0.9152, -5.6748, 0.2261),
            (-1.7313, -5.6748, 0.2261),
        ]
        int[] faceVertexCounts = [4, 4, 4, 4, 4, 4]
        int[] faceVertexIndices = [
            0, 1, 2, 3, 4, 7, 6, 5, 0, 4, 5, 1, 1, 5, 6, 2,
            2, 6, 7, 3, 3, 7, 4, 0,
        ]
        float3[] extent = [(-1.7313, -6.6115, 0.0000), (-0.9152, -5.6748, 0.2261)]
        rel material:binding = </MultiTerrainMap/Looks/StoneGray> (
            bindMaterialAs = "weakerThanDescendants"
        )
        uniform token purpose = "default"
    }

    def Mesh "Tile_21_Stone_22" (
        apiSchemas = ["MaterialBindingAPI"]
    )
    {
        uniform token subdivisionScheme = "none"
        point3f[] points = [
            (-0.2272, -6.5113, 0.0000),
            (0.5256, -6.5113, 0.0000),
            (0.5256, -5.8196, 0.0000),
            (-0.2272, -5.8196, 0.0000),
            (-0.2272, -6.5113, 0.1284),
            (0.5256, -6.5113, 0.1284),
            (0.5256, -5.8196, 0.1284),
            (-0.2272, -5.8196, 0.1284),
        ]
        int[] faceVertexCounts = [4, 4, 4, 4, 4, 4]
        int[] faceVertexIndices = [
            0, 1, 2, 3, 4, 7, 6, 5, 0, 4, 5, 1, 1, 5, 6, 2,
            2, 6, 7, 3, 3, 7, 4, 0,
        ]
        float3[] extent = [(-0.2272, -6.5113, 0.0000), (0.5256, -5.8196, 0.1284)]
        rel material:binding = </MultiTerrainMap/Looks/StoneGray> (
            bindMaterialAs = "weakerThanDescendants"
        )
        uniform token purpose = "default"
    }

    def Mesh "Tile_21_Stone_23" (
        apiSchemas = ["MaterialBindingAPI"]
    )
    {
        uniform token subdivisionScheme = "none"
        point3f[] points = [
            (1.1825, -6.3602, 0.0000),
            (2.1580, -6.3602, 0.0000),
            (2.1580, -5.5799, 0.0000),
            (1.1825, -5.5799, 0.0000),
            (1.1825, -6.3602, 0.2299),
            (2.1580, -6.3602, 0.2299),
            (2.1580, -5.5799, 0.2299),
            (1.1825, -5.5799, 0.2299),
        ]
        int[] faceVertexCounts = [4, 4, 4, 4, 4, 4]
        int[] faceVertexIndices = [
            0, 1, 2, 3, 4, 7, 6, 5, 0, 4, 5, 1, 1, 5, 6, 2,
            2, 6, 7, 3, 3, 7, 4, 0,
        ]
        float3[] extent = [(1.1825, -6.3602, 0.0000), (2.1580, -5.5799, 0.2299)]
        rel material:binding = </MultiTerrainMap/Looks/StoneGray> (
            bindMaterialAs = "weakerThanDescendants"
        )
        uniform token purpose = "default"
    }

    def Mesh "Tile_21_Stone_24" (
        apiSchemas = ["MaterialBindingAPI"]
    )
    {
        uniform token subdivisionScheme = "none"
        point3f[] points = [
            (2.5206, -6.5769, 0.0000),
            (3.4428, -6.5769, 0.0000),
            (3.4428, -5.5959, 0.0000),
            (2.5206, -5.5959, 0.0000),
            (2.5206, -6.5769, 0.1159),
            (3.4428, -6.5769, 0.1159),
            (3.4428, -5.5959, 0.1159),
            (2.5206, -5.5959, 0.1159),
        ]
        int[] faceVertexCounts = [4, 4, 4, 4, 4, 4]
        int[] faceVertexIndices = [
            0, 1, 2, 3, 4, 7, 6, 5, 0, 4, 5, 1, 1, 5, 6, 2,
            2, 6, 7, 3, 3, 7, 4, 0,
        ]
        float3[] extent = [(2.5206, -6.5769, 0.0000), (3.4428, -5.5959, 0.1159)]
        rel material:binding = </MultiTerrainMap/Looks/StoneGray> (
            bindMaterialAs = "weakerThanDescendants"
        )
        uniform token purpose = "default"
    }

    def Mesh "Tile_22_BeamFloor" (
        apiSchemas = ["MaterialBindingAPI"]
    )
    {
        string doc = "Floor under narrow beam tile."
        uniform token subdivisionScheme = "none"
        point3f[] points = [
            (5.0000, -13.0000, -0.0800),
            (13.0000, -13.0000, -0.0800),
            (13.0000, -5.0000, -0.0800),
            (5.0000, -5.0000, -0.0800),
            (5.0000, -13.0000, 0.0000),
            (13.0000, -13.0000, 0.0000),
            (13.0000, -5.0000, 0.0000),
            (5.0000, -5.0000, 0.0000),
        ]
        int[] faceVertexCounts = [4, 4, 4, 4, 4, 4]
        int[] faceVertexIndices = [
            0, 1, 2, 3, 4, 7, 6, 5, 0, 4, 5, 1, 1, 5, 6, 2,
            2, 6, 7, 3, 3, 7, 4, 0,
        ]
        float3[] extent = [(5.0000, -13.0000, -0.0800), (13.0000, -5.0000, 0.0000)]
        rel material:binding = </MultiTerrainMap/Looks/PitFloorDark> (
            bindMaterialAs = "weakerThanDescendants"
        )
        uniform token purpose = "default"
    }

    def Mesh "Tile_22_NarrowBeam_00" (
        apiSchemas = ["MaterialBindingAPI"]
    )
    {
        uniform token subdivisionScheme = "none"
        point3f[] points = [
            (5.8800, -12.3100, 0.0000),
            (12.1200, -12.3100, 0.0000),
            (12.1200, -12.0900, 0.0000),
            (5.8800, -12.0900, 0.0000),
            (5.8800, -12.3100, 0.1600),
            (12.1200, -12.3100, 0.1600),
            (12.1200, -12.0900, 0.1600),
            (5.8800, -12.0900, 0.1600),
        ]
        int[] faceVertexCounts = [4, 4, 4, 4, 4, 4]
        int[] faceVertexIndices = [
            0, 1, 2, 3, 4, 7, 6, 5, 0, 4, 5, 1, 1, 5, 6, 2,
            2, 6, 7, 3, 3, 7, 4, 0,
        ]
        float3[] extent = [(5.8800, -12.3100, 0.0000), (12.1200, -12.0900, 0.1600)]
        rel material:binding = </MultiTerrainMap/Looks/StoneGray> (
            bindMaterialAs = "weakerThanDescendants"
        )
        uniform token purpose = "default"
    }

    def Mesh "Tile_22_NarrowBeam_01" (
        apiSchemas = ["MaterialBindingAPI"]
    )
    {
        uniform token subdivisionScheme = "none"
        point3f[] points = [
            (5.8800, -11.5100, 0.0000),
            (12.1200, -11.5100, 0.0000),
            (12.1200, -11.2900, 0.0000),
            (5.8800, -11.2900, 0.0000),
            (5.8800, -11.5100, 0.1900),
            (12.1200, -11.5100, 0.1900),
            (12.1200, -11.2900, 0.1900),
            (5.8800, -11.2900, 0.1900),
        ]
        int[] faceVertexCounts = [4, 4, 4, 4, 4, 4]
        int[] faceVertexIndices = [
            0, 1, 2, 3, 4, 7, 6, 5, 0, 4, 5, 1, 1, 5, 6, 2,
            2, 6, 7, 3, 3, 7, 4, 0,
        ]
        float3[] extent = [(5.8800, -11.5100, 0.0000), (12.1200, -11.2900, 0.1900)]
        rel material:binding = </MultiTerrainMap/Looks/StoneGray> (
            bindMaterialAs = "weakerThanDescendants"
        )
        uniform token purpose = "default"
    }

    def Mesh "Tile_22_NarrowBeam_02" (
        apiSchemas = ["MaterialBindingAPI"]
    )
    {
        uniform token subdivisionScheme = "none"
        point3f[] points = [
            (5.8800, -10.7100, 0.0000),
            (12.1200, -10.7100, 0.0000),
            (12.1200, -10.4900, 0.0000),
            (5.8800, -10.4900, 0.0000),
            (5.8800, -10.7100, 0.2200),
            (12.1200, -10.7100, 0.2200),
            (12.1200, -10.4900, 0.2200),
            (5.8800, -10.4900, 0.2200),
        ]
        int[] faceVertexCounts = [4, 4, 4, 4, 4, 4]
        int[] faceVertexIndices = [
            0, 1, 2, 3, 4, 7, 6, 5, 0, 4, 5, 1, 1, 5, 6, 2,
            2, 6, 7, 3, 3, 7, 4, 0,
        ]
        float3[] extent = [(5.8800, -10.7100, 0.0000), (12.1200, -10.4900, 0.2200)]
        rel material:binding = </MultiTerrainMap/Looks/StoneGray> (
            bindMaterialAs = "weakerThanDescendants"
        )
        uniform token purpose = "default"
    }

    def Mesh "Tile_22_NarrowBeam_03" (
        apiSchemas = ["MaterialBindingAPI"]
    )
    {
        uniform token subdivisionScheme = "none"
        point3f[] points = [
            (5.8800, -9.9100, 0.0000),
            (12.1200, -9.9100, 0.0000),
            (12.1200, -9.6900, 0.0000),
            (5.8800, -9.6900, 0.0000),
            (5.8800, -9.9100, 0.1600),
            (12.1200, -9.9100, 0.1600),
            (12.1200, -9.6900, 0.1600),
            (5.8800, -9.6900, 0.1600),
        ]
        int[] faceVertexCounts = [4, 4, 4, 4, 4, 4]
        int[] faceVertexIndices = [
            0, 1, 2, 3, 4, 7, 6, 5, 0, 4, 5, 1, 1, 5, 6, 2,
            2, 6, 7, 3, 3, 7, 4, 0,
        ]
        float3[] extent = [(5.8800, -9.9100, 0.0000), (12.1200, -9.6900, 0.1600)]
        rel material:binding = </MultiTerrainMap/Looks/StoneGray> (
            bindMaterialAs = "weakerThanDescendants"
        )
        uniform token purpose = "default"
    }

    def Mesh "Tile_22_NarrowBeam_04" (
        apiSchemas = ["MaterialBindingAPI"]
    )
    {
        uniform token subdivisionScheme = "none"
        point3f[] points = [
            (5.8800, -9.1100, 0.0000),
            (12.1200, -9.1100, 0.0000),
            (12.1200, -8.8900, 0.0000),
            (5.8800, -8.8900, 0.0000),
            (5.8800, -9.1100, 0.1900),
            (12.1200, -9.1100, 0.1900),
            (12.1200, -8.8900, 0.1900),
            (5.8800, -8.8900, 0.1900),
        ]
        int[] faceVertexCounts = [4, 4, 4, 4, 4, 4]
        int[] faceVertexIndices = [
            0, 1, 2, 3, 4, 7, 6, 5, 0, 4, 5, 1, 1, 5, 6, 2,
            2, 6, 7, 3, 3, 7, 4, 0,
        ]
        float3[] extent = [(5.8800, -9.1100, 0.0000), (12.1200, -8.8900, 0.1900)]
        rel material:binding = </MultiTerrainMap/Looks/StoneGray> (
            bindMaterialAs = "weakerThanDescendants"
        )
        uniform token purpose = "default"
    }

    def Mesh "Tile_22_NarrowBeam_05" (
        apiSchemas = ["MaterialBindingAPI"]
    )
    {
        uniform token subdivisionScheme = "none"
        point3f[] points = [
            (5.8800, -8.3100, 0.0000),
            (12.1200, -8.3100, 0.0000),
            (12.1200, -8.0900, 0.0000),
            (5.8800, -8.0900, 0.0000),
            (5.8800, -8.3100, 0.2200),
            (12.1200, -8.3100, 0.2200),
            (12.1200, -8.0900, 0.2200),
            (5.8800, -8.0900, 0.2200),
        ]
        int[] faceVertexCounts = [4, 4, 4, 4, 4, 4]
        int[] faceVertexIndices = [
            0, 1, 2, 3, 4, 7, 6, 5, 0, 4, 5, 1, 1, 5, 6, 2,
            2, 6, 7, 3, 3, 7, 4, 0,
        ]
        float3[] extent = [(5.8800, -8.3100, 0.0000), (12.1200, -8.0900, 0.2200)]
        rel material:binding = </MultiTerrainMap/Looks/StoneGray> (
            bindMaterialAs = "weakerThanDescendants"
        )
        uniform token purpose = "default"
    }

    def Mesh "Tile_22_NarrowBeam_06" (
        apiSchemas = ["MaterialBindingAPI"]
    )
    {
        uniform token subdivisionScheme = "none"
        point3f[] points = [
            (5.8800, -7.5100, 0.0000),
            (12.1200, -7.5100, 0.0000),
            (12.1200, -7.2900, 0.0000),
            (5.8800, -7.2900, 0.0000),
            (5.8800, -7.5100, 0.1600),
            (12.1200, -7.5100, 0.1600),
            (12.1200, -7.2900, 0.1600),
            (5.8800, -7.2900, 0.1600),
        ]
        int[] faceVertexCounts = [4, 4, 4, 4, 4, 4]
        int[] faceVertexIndices = [
            0, 1, 2, 3, 4, 7, 6, 5, 0, 4, 5, 1, 1, 5, 6, 2,
            2, 6, 7, 3, 3, 7, 4, 0,
        ]
        float3[] extent = [(5.8800, -7.5100, 0.0000), (12.1200, -7.2900, 0.1600)]
        rel material:binding = </MultiTerrainMap/Looks/StoneGray> (
            bindMaterialAs = "weakerThanDescendants"
        )
        uniform token purpose = "default"
    }

    def Mesh "Tile_22_NarrowBeam_07" (
        apiSchemas = ["MaterialBindingAPI"]
    )
    {
        uniform token subdivisionScheme = "none"
        point3f[] points = [
            (5.8800, -6.7100, 0.0000),
            (12.1200, -6.7100, 0.0000),
            (12.1200, -6.4900, 0.0000),
            (5.8800, -6.4900, 0.0000),
            (5.8800, -6.7100, 0.1900),
            (12.1200, -6.7100, 0.1900),
            (12.1200, -6.4900, 0.1900),
            (5.8800, -6.4900, 0.1900),
        ]
        int[] faceVertexCounts = [4, 4, 4, 4, 4, 4]
        int[] faceVertexIndices = [
            0, 1, 2, 3, 4, 7, 6, 5, 0, 4, 5, 1, 1, 5, 6, 2,
            2, 6, 7, 3, 3, 7, 4, 0,
        ]
        float3[] extent = [(5.8800, -6.7100, 0.0000), (12.1200, -6.4900, 0.1900)]
        rel material:binding = </MultiTerrainMap/Looks/StoneGray> (
            bindMaterialAs = "weakerThanDescendants"
        )
        uniform token purpose = "default"
    }

    def Mesh "Tile_22_NarrowBeam_08" (
        apiSchemas = ["MaterialBindingAPI"]
    )
    {
        uniform token subdivisionScheme = "none"
        point3f[] points = [
            (5.8800, -5.9100, 0.0000),
            (12.1200, -5.9100, 0.0000),
            (12.1200, -5.6900, 0.0000),
            (5.8800, -5.6900, 0.0000),
            (5.8800, -5.9100, 0.2200),
            (12.1200, -5.9100, 0.2200),
            (12.1200, -5.6900, 0.2200),
            (5.8800, -5.6900, 0.2200),
        ]
        int[] faceVertexCounts = [4, 4, 4, 4, 4, 4]
        int[] faceVertexIndices = [
            0, 1, 2, 3, 4, 7, 6, 5, 0, 4, 5, 1, 1, 5, 6, 2,
            2, 6, 7, 3, 3, 7, 4, 0,
        ]
        float3[] extent = [(5.8800, -5.9100, 0.0000), (12.1200, -5.6900, 0.2200)]
        rel material:binding = </MultiTerrainMap/Looks/StoneGray> (
            bindMaterialAs = "weakerThanDescendants"
        )
        uniform token purpose = "default"
    }

    def Mesh "Rim_0_0_N" (
        apiSchemas = ["MaterialBindingAPI"]
    )
    {
        uniform token subdivisionScheme = "none"
        point3f[] points = [
            (-13.0400, 13.0000, 0.0000),
            (-4.9600, 13.0000, 0.0000),
            (-4.9600, 13.0800, 0.0000),
            (-13.0400, 13.0800, 0.0000),
            (-13.0400, 13.0000, 0.0500),
            (-4.9600, 13.0000, 0.0500),
            (-4.9600, 13.0800, 0.0500),
            (-13.0400, 13.0800, 0.0500),
        ]
        int[] faceVertexCounts = [4, 4, 4, 4, 4, 4]
        int[] faceVertexIndices = [
            0, 1, 2, 3, 4, 7, 6, 5, 0, 4, 5, 1, 1, 5, 6, 2,
            2, 6, 7, 3, 3, 7, 4, 0,
        ]
        float3[] extent = [(-13.0400, 13.0000, 0.0000), (-4.9600, 13.0800, 0.0500)]
        rel material:binding = </MultiTerrainMap/Looks/BorderBlack> (
            bindMaterialAs = "weakerThanDescendants"
        )
        uniform token purpose = "default"
    }

    def Mesh "Rim_0_0_S" (
        apiSchemas = ["MaterialBindingAPI"]
    )
    {
        uniform token subdivisionScheme = "none"
        point3f[] points = [
            (-13.0400, 4.9200, 0.0000),
            (-4.9600, 4.9200, 0.0000),
            (-4.9600, 5.0000, 0.0000),
            (-13.0400, 5.0000, 0.0000),
            (-13.0400, 4.9200, 0.0500),
            (-4.9600, 4.9200, 0.0500),
            (-4.9600, 5.0000, 0.0500),
            (-13.0400, 5.0000, 0.0500),
        ]
        int[] faceVertexCounts = [4, 4, 4, 4, 4, 4]
        int[] faceVertexIndices = [
            0, 1, 2, 3, 4, 7, 6, 5, 0, 4, 5, 1, 1, 5, 6, 2,
            2, 6, 7, 3, 3, 7, 4, 0,
        ]
        float3[] extent = [(-13.0400, 4.9200, 0.0000), (-4.9600, 5.0000, 0.0500)]
        rel material:binding = </MultiTerrainMap/Looks/BorderBlack> (
            bindMaterialAs = "weakerThanDescendants"
        )
        uniform token purpose = "default"
    }

    def Mesh "Rim_0_0_E" (
        apiSchemas = ["MaterialBindingAPI"]
    )
    {
        uniform token subdivisionScheme = "none"
        point3f[] points = [
            (-5.0000, 4.9600, 0.0000),
            (-4.9200, 4.9600, 0.0000),
            (-4.9200, 13.0400, 0.0000),
            (-5.0000, 13.0400, 0.0000),
            (-5.0000, 4.9600, 0.0500),
            (-4.9200, 4.9600, 0.0500),
            (-4.9200, 13.0400, 0.0500),
            (-5.0000, 13.0400, 0.0500),
        ]
        int[] faceVertexCounts = [4, 4, 4, 4, 4, 4]
        int[] faceVertexIndices = [
            0, 1, 2, 3, 4, 7, 6, 5, 0, 4, 5, 1, 1, 5, 6, 2,
            2, 6, 7, 3, 3, 7, 4, 0,
        ]
        float3[] extent = [(-5.0000, 4.9600, 0.0000), (-4.9200, 13.0400, 0.0500)]
        rel material:binding = </MultiTerrainMap/Looks/BorderBlack> (
            bindMaterialAs = "weakerThanDescendants"
        )
        uniform token purpose = "default"
    }

    def Mesh "Rim_0_0_W" (
        apiSchemas = ["MaterialBindingAPI"]
    )
    {
        uniform token subdivisionScheme = "none"
        point3f[] points = [
            (-13.0800, 4.9600, 0.0000),
            (-13.0000, 4.9600, 0.0000),
            (-13.0000, 13.0400, 0.0000),
            (-13.0800, 13.0400, 0.0000),
            (-13.0800, 4.9600, 0.0500),
            (-13.0000, 4.9600, 0.0500),
            (-13.0000, 13.0400, 0.0500),
            (-13.0800, 13.0400, 0.0500),
        ]
        int[] faceVertexCounts = [4, 4, 4, 4, 4, 4]
        int[] faceVertexIndices = [
            0, 1, 2, 3, 4, 7, 6, 5, 0, 4, 5, 1, 1, 5, 6, 2,
            2, 6, 7, 3, 3, 7, 4, 0,
        ]
        float3[] extent = [(-13.0800, 4.9600, 0.0000), (-13.0000, 13.0400, 0.0500)]
        rel material:binding = </MultiTerrainMap/Looks/BorderBlack> (
            bindMaterialAs = "weakerThanDescendants"
        )
        uniform token purpose = "default"
    }

    def Mesh "Rim_0_1_N" (
        apiSchemas = ["MaterialBindingAPI"]
    )
    {
        uniform token subdivisionScheme = "none"
        point3f[] points = [
            (-4.0400, 13.0000, 0.0000),
            (4.0400, 13.0000, 0.0000),
            (4.0400, 13.0800, 0.0000),
            (-4.0400, 13.0800, 0.0000),
            (-4.0400, 13.0000, 0.0500),
            (4.0400, 13.0000, 0.0500),
            (4.0400, 13.0800, 0.0500),
            (-4.0400, 13.0800, 0.0500),
        ]
        int[] faceVertexCounts = [4, 4, 4, 4, 4, 4]
        int[] faceVertexIndices = [
            0, 1, 2, 3, 4, 7, 6, 5, 0, 4, 5, 1, 1, 5, 6, 2,
            2, 6, 7, 3, 3, 7, 4, 0,
        ]
        float3[] extent = [(-4.0400, 13.0000, 0.0000), (4.0400, 13.0800, 0.0500)]
        rel material:binding = </MultiTerrainMap/Looks/BorderBlack> (
            bindMaterialAs = "weakerThanDescendants"
        )
        uniform token purpose = "default"
    }

    def Mesh "Rim_0_1_S" (
        apiSchemas = ["MaterialBindingAPI"]
    )
    {
        uniform token subdivisionScheme = "none"
        point3f[] points = [
            (-4.0400, 4.9200, 0.0000),
            (4.0400, 4.9200, 0.0000),
            (4.0400, 5.0000, 0.0000),
            (-4.0400, 5.0000, 0.0000),
            (-4.0400, 4.9200, 0.0500),
            (4.0400, 4.9200, 0.0500),
            (4.0400, 5.0000, 0.0500),
            (-4.0400, 5.0000, 0.0500),
        ]
        int[] faceVertexCounts = [4, 4, 4, 4, 4, 4]
        int[] faceVertexIndices = [
            0, 1, 2, 3, 4, 7, 6, 5, 0, 4, 5, 1, 1, 5, 6, 2,
            2, 6, 7, 3, 3, 7, 4, 0,
        ]
        float3[] extent = [(-4.0400, 4.9200, 0.0000), (4.0400, 5.0000, 0.0500)]
        rel material:binding = </MultiTerrainMap/Looks/BorderBlack> (
            bindMaterialAs = "weakerThanDescendants"
        )
        uniform token purpose = "default"
    }

    def Mesh "Rim_0_1_E" (
        apiSchemas = ["MaterialBindingAPI"]
    )
    {
        uniform token subdivisionScheme = "none"
        point3f[] points = [
            (4.0000, 4.9600, 0.0000),
            (4.0800, 4.9600, 0.0000),
            (4.0800, 13.0400, 0.0000),
            (4.0000, 13.0400, 0.0000),
            (4.0000, 4.9600, 0.0500),
            (4.0800, 4.9600, 0.0500),
            (4.0800, 13.0400, 0.0500),
            (4.0000, 13.0400, 0.0500),
        ]
        int[] faceVertexCounts = [4, 4, 4, 4, 4, 4]
        int[] faceVertexIndices = [
            0, 1, 2, 3, 4, 7, 6, 5, 0, 4, 5, 1, 1, 5, 6, 2,
            2, 6, 7, 3, 3, 7, 4, 0,
        ]
        float3[] extent = [(4.0000, 4.9600, 0.0000), (4.0800, 13.0400, 0.0500)]
        rel material:binding = </MultiTerrainMap/Looks/BorderBlack> (
            bindMaterialAs = "weakerThanDescendants"
        )
        uniform token purpose = "default"
    }

    def Mesh "Rim_0_1_W" (
        apiSchemas = ["MaterialBindingAPI"]
    )
    {
        uniform token subdivisionScheme = "none"
        point3f[] points = [
            (-4.0800, 4.9600, 0.0000),
            (-4.0000, 4.9600, 0.0000),
            (-4.0000, 13.0400, 0.0000),
            (-4.0800, 13.0400, 0.0000),
            (-4.0800, 4.9600, 0.0500),
            (-4.0000, 4.9600, 0.0500),
            (-4.0000, 13.0400, 0.0500),
            (-4.0800, 13.0400, 0.0500),
        ]
        int[] faceVertexCounts = [4, 4, 4, 4, 4, 4]
        int[] faceVertexIndices = [
            0, 1, 2, 3, 4, 7, 6, 5, 0, 4, 5, 1, 1, 5, 6, 2,
            2, 6, 7, 3, 3, 7, 4, 0,
        ]
        float3[] extent = [(-4.0800, 4.9600, 0.0000), (-4.0000, 13.0400, 0.0500)]
        rel material:binding = </MultiTerrainMap/Looks/BorderBlack> (
            bindMaterialAs = "weakerThanDescendants"
        )
        uniform token purpose = "default"
    }

    def Mesh "Rim_0_2_N" (
        apiSchemas = ["MaterialBindingAPI"]
    )
    {
        uniform token subdivisionScheme = "none"
        point3f[] points = [
            (4.9600, 13.0000, 0.0000),
            (13.0400, 13.0000, 0.0000),
            (13.0400, 13.0800, 0.0000),
            (4.9600, 13.0800, 0.0000),
            (4.9600, 13.0000, 0.0500),
            (13.0400, 13.0000, 0.0500),
            (13.0400, 13.0800, 0.0500),
            (4.9600, 13.0800, 0.0500),
        ]
        int[] faceVertexCounts = [4, 4, 4, 4, 4, 4]
        int[] faceVertexIndices = [
            0, 1, 2, 3, 4, 7, 6, 5, 0, 4, 5, 1, 1, 5, 6, 2,
            2, 6, 7, 3, 3, 7, 4, 0,
        ]
        float3[] extent = [(4.9600, 13.0000, 0.0000), (13.0400, 13.0800, 0.0500)]
        rel material:binding = </MultiTerrainMap/Looks/BorderBlack> (
            bindMaterialAs = "weakerThanDescendants"
        )
        uniform token purpose = "default"
    }

    def Mesh "Rim_0_2_S" (
        apiSchemas = ["MaterialBindingAPI"]
    )
    {
        uniform token subdivisionScheme = "none"
        point3f[] points = [
            (4.9600, 4.9200, 0.0000),
            (13.0400, 4.9200, 0.0000),
            (13.0400, 5.0000, 0.0000),
            (4.9600, 5.0000, 0.0000),
            (4.9600, 4.9200, 0.0500),
            (13.0400, 4.9200, 0.0500),
            (13.0400, 5.0000, 0.0500),
            (4.9600, 5.0000, 0.0500),
        ]
        int[] faceVertexCounts = [4, 4, 4, 4, 4, 4]
        int[] faceVertexIndices = [
            0, 1, 2, 3, 4, 7, 6, 5, 0, 4, 5, 1, 1, 5, 6, 2,
            2, 6, 7, 3, 3, 7, 4, 0,
        ]
        float3[] extent = [(4.9600, 4.9200, 0.0000), (13.0400, 5.0000, 0.0500)]
        rel material:binding = </MultiTerrainMap/Looks/BorderBlack> (
            bindMaterialAs = "weakerThanDescendants"
        )
        uniform token purpose = "default"
    }

    def Mesh "Rim_0_2_E" (
        apiSchemas = ["MaterialBindingAPI"]
    )
    {
        uniform token subdivisionScheme = "none"
        point3f[] points = [
            (13.0000, 4.9600, 0.0000),
            (13.0800, 4.9600, 0.0000),
            (13.0800, 13.0400, 0.0000),
            (13.0000, 13.0400, 0.0000),
            (13.0000, 4.9600, 0.0500),
            (13.0800, 4.9600, 0.0500),
            (13.0800, 13.0400, 0.0500),
            (13.0000, 13.0400, 0.0500),
        ]
        int[] faceVertexCounts = [4, 4, 4, 4, 4, 4]
        int[] faceVertexIndices = [
            0, 1, 2, 3, 4, 7, 6, 5, 0, 4, 5, 1, 1, 5, 6, 2,
            2, 6, 7, 3, 3, 7, 4, 0,
        ]
        float3[] extent = [(13.0000, 4.9600, 0.0000), (13.0800, 13.0400, 0.0500)]
        rel material:binding = </MultiTerrainMap/Looks/BorderBlack> (
            bindMaterialAs = "weakerThanDescendants"
        )
        uniform token purpose = "default"
    }

    def Mesh "Rim_0_2_W" (
        apiSchemas = ["MaterialBindingAPI"]
    )
    {
        uniform token subdivisionScheme = "none"
        point3f[] points = [
            (4.9200, 4.9600, 0.0000),
            (5.0000, 4.9600, 0.0000),
            (5.0000, 13.0400, 0.0000),
            (4.9200, 13.0400, 0.0000),
            (4.9200, 4.9600, 0.0500),
            (5.0000, 4.9600, 0.0500),
            (5.0000, 13.0400, 0.0500),
            (4.9200, 13.0400, 0.0500),
        ]
        int[] faceVertexCounts = [4, 4, 4, 4, 4, 4]
        int[] faceVertexIndices = [
            0, 1, 2, 3, 4, 7, 6, 5, 0, 4, 5, 1, 1, 5, 6, 2,
            2, 6, 7, 3, 3, 7, 4, 0,
        ]
        float3[] extent = [(4.9200, 4.9600, 0.0000), (5.0000, 13.0400, 0.0500)]
        rel material:binding = </MultiTerrainMap/Looks/BorderBlack> (
            bindMaterialAs = "weakerThanDescendants"
        )
        uniform token purpose = "default"
    }

    def Mesh "Rim_1_0_N" (
        apiSchemas = ["MaterialBindingAPI"]
    )
    {
        uniform token subdivisionScheme = "none"
        point3f[] points = [
            (-13.0400, 4.0000, 0.0000),
            (-4.9600, 4.0000, 0.0000),
            (-4.9600, 4.0800, 0.0000),
            (-13.0400, 4.0800, 0.0000),
            (-13.0400, 4.0000, 0.0500),
            (-4.9600, 4.0000, 0.0500),
            (-4.9600, 4.0800, 0.0500),
            (-13.0400, 4.0800, 0.0500),
        ]
        int[] faceVertexCounts = [4, 4, 4, 4, 4, 4]
        int[] faceVertexIndices = [
            0, 1, 2, 3, 4, 7, 6, 5, 0, 4, 5, 1, 1, 5, 6, 2,
            2, 6, 7, 3, 3, 7, 4, 0,
        ]
        float3[] extent = [(-13.0400, 4.0000, 0.0000), (-4.9600, 4.0800, 0.0500)]
        rel material:binding = </MultiTerrainMap/Looks/BorderBlack> (
            bindMaterialAs = "weakerThanDescendants"
        )
        uniform token purpose = "default"
    }

    def Mesh "Rim_1_0_S" (
        apiSchemas = ["MaterialBindingAPI"]
    )
    {
        uniform token subdivisionScheme = "none"
        point3f[] points = [
            (-13.0400, -4.0800, 0.0000),
            (-4.9600, -4.0800, 0.0000),
            (-4.9600, -4.0000, 0.0000),
            (-13.0400, -4.0000, 0.0000),
            (-13.0400, -4.0800, 0.0500),
            (-4.9600, -4.0800, 0.0500),
            (-4.9600, -4.0000, 0.0500),
            (-13.0400, -4.0000, 0.0500),
        ]
        int[] faceVertexCounts = [4, 4, 4, 4, 4, 4]
        int[] faceVertexIndices = [
            0, 1, 2, 3, 4, 7, 6, 5, 0, 4, 5, 1, 1, 5, 6, 2,
            2, 6, 7, 3, 3, 7, 4, 0,
        ]
        float3[] extent = [(-13.0400, -4.0800, 0.0000), (-4.9600, -4.0000, 0.0500)]
        rel material:binding = </MultiTerrainMap/Looks/BorderBlack> (
            bindMaterialAs = "weakerThanDescendants"
        )
        uniform token purpose = "default"
    }

    def Mesh "Rim_1_0_E" (
        apiSchemas = ["MaterialBindingAPI"]
    )
    {
        uniform token subdivisionScheme = "none"
        point3f[] points = [
            (-5.0000, -4.0400, 0.0000),
            (-4.9200, -4.0400, 0.0000),
            (-4.9200, 4.0400, 0.0000),
            (-5.0000, 4.0400, 0.0000),
            (-5.0000, -4.0400, 0.0500),
            (-4.9200, -4.0400, 0.0500),
            (-4.9200, 4.0400, 0.0500),
            (-5.0000, 4.0400, 0.0500),
        ]
        int[] faceVertexCounts = [4, 4, 4, 4, 4, 4]
        int[] faceVertexIndices = [
            0, 1, 2, 3, 4, 7, 6, 5, 0, 4, 5, 1, 1, 5, 6, 2,
            2, 6, 7, 3, 3, 7, 4, 0,
        ]
        float3[] extent = [(-5.0000, -4.0400, 0.0000), (-4.9200, 4.0400, 0.0500)]
        rel material:binding = </MultiTerrainMap/Looks/BorderBlack> (
            bindMaterialAs = "weakerThanDescendants"
        )
        uniform token purpose = "default"
    }

    def Mesh "Rim_1_0_W" (
        apiSchemas = ["MaterialBindingAPI"]
    )
    {
        uniform token subdivisionScheme = "none"
        point3f[] points = [
            (-13.0800, -4.0400, 0.0000),
            (-13.0000, -4.0400, 0.0000),
            (-13.0000, 4.0400, 0.0000),
            (-13.0800, 4.0400, 0.0000),
            (-13.0800, -4.0400, 0.0500),
            (-13.0000, -4.0400, 0.0500),
            (-13.0000, 4.0400, 0.0500),
            (-13.0800, 4.0400, 0.0500),
        ]
        int[] faceVertexCounts = [4, 4, 4, 4, 4, 4]
        int[] faceVertexIndices = [
            0, 1, 2, 3, 4, 7, 6, 5, 0, 4, 5, 1, 1, 5, 6, 2,
            2, 6, 7, 3, 3, 7, 4, 0,
        ]
        float3[] extent = [(-13.0800, -4.0400, 0.0000), (-13.0000, 4.0400, 0.0500)]
        rel material:binding = </MultiTerrainMap/Looks/BorderBlack> (
            bindMaterialAs = "weakerThanDescendants"
        )
        uniform token purpose = "default"
    }

    def Mesh "Rim_1_1_N" (
        apiSchemas = ["MaterialBindingAPI"]
    )
    {
        uniform token subdivisionScheme = "none"
        point3f[] points = [
            (-4.0400, 4.0000, 0.0000),
            (4.0400, 4.0000, 0.0000),
            (4.0400, 4.0800, 0.0000),
            (-4.0400, 4.0800, 0.0000),
            (-4.0400, 4.0000, 0.0500),
            (4.0400, 4.0000, 0.0500),
            (4.0400, 4.0800, 0.0500),
            (-4.0400, 4.0800, 0.0500),
        ]
        int[] faceVertexCounts = [4, 4, 4, 4, 4, 4]
        int[] faceVertexIndices = [
            0, 1, 2, 3, 4, 7, 6, 5, 0, 4, 5, 1, 1, 5, 6, 2,
            2, 6, 7, 3, 3, 7, 4, 0,
        ]
        float3[] extent = [(-4.0400, 4.0000, 0.0000), (4.0400, 4.0800, 0.0500)]
        rel material:binding = </MultiTerrainMap/Looks/BorderBlack> (
            bindMaterialAs = "weakerThanDescendants"
        )
        uniform token purpose = "default"
    }

    def Mesh "Rim_1_1_S" (
        apiSchemas = ["MaterialBindingAPI"]
    )
    {
        uniform token subdivisionScheme = "none"
        point3f[] points = [
            (-4.0400, -4.0800, 0.0000),
            (4.0400, -4.0800, 0.0000),
            (4.0400, -4.0000, 0.0000),
            (-4.0400, -4.0000, 0.0000),
            (-4.0400, -4.0800, 0.0500),
            (4.0400, -4.0800, 0.0500),
            (4.0400, -4.0000, 0.0500),
            (-4.0400, -4.0000, 0.0500),
        ]
        int[] faceVertexCounts = [4, 4, 4, 4, 4, 4]
        int[] faceVertexIndices = [
            0, 1, 2, 3, 4, 7, 6, 5, 0, 4, 5, 1, 1, 5, 6, 2,
            2, 6, 7, 3, 3, 7, 4, 0,
        ]
        float3[] extent = [(-4.0400, -4.0800, 0.0000), (4.0400, -4.0000, 0.0500)]
        rel material:binding = </MultiTerrainMap/Looks/BorderBlack> (
            bindMaterialAs = "weakerThanDescendants"
        )
        uniform token purpose = "default"
    }

    def Mesh "Rim_1_1_E" (
        apiSchemas = ["MaterialBindingAPI"]
    )
    {
        uniform token subdivisionScheme = "none"
        point3f[] points = [
            (4.0000, -4.0400, 0.0000),
            (4.0800, -4.0400, 0.0000),
            (4.0800, 4.0400, 0.0000),
            (4.0000, 4.0400, 0.0000),
            (4.0000, -4.0400, 0.0500),
            (4.0800, -4.0400, 0.0500),
            (4.0800, 4.0400, 0.0500),
            (4.0000, 4.0400, 0.0500),
        ]
        int[] faceVertexCounts = [4, 4, 4, 4, 4, 4]
        int[] faceVertexIndices = [
            0, 1, 2, 3, 4, 7, 6, 5, 0, 4, 5, 1, 1, 5, 6, 2,
            2, 6, 7, 3, 3, 7, 4, 0,
        ]
        float3[] extent = [(4.0000, -4.0400, 0.0000), (4.0800, 4.0400, 0.0500)]
        rel material:binding = </MultiTerrainMap/Looks/BorderBlack> (
            bindMaterialAs = "weakerThanDescendants"
        )
        uniform token purpose = "default"
    }

    def Mesh "Rim_1_1_W" (
        apiSchemas = ["MaterialBindingAPI"]
    )
    {
        uniform token subdivisionScheme = "none"
        point3f[] points = [
            (-4.0800, -4.0400, 0.0000),
            (-4.0000, -4.0400, 0.0000),
            (-4.0000, 4.0400, 0.0000),
            (-4.0800, 4.0400, 0.0000),
            (-4.0800, -4.0400, 0.0500),
            (-4.0000, -4.0400, 0.0500),
            (-4.0000, 4.0400, 0.0500),
            (-4.0800, 4.0400, 0.0500),
        ]
        int[] faceVertexCounts = [4, 4, 4, 4, 4, 4]
        int[] faceVertexIndices = [
            0, 1, 2, 3, 4, 7, 6, 5, 0, 4, 5, 1, 1, 5, 6, 2,
            2, 6, 7, 3, 3, 7, 4, 0,
        ]
        float3[] extent = [(-4.0800, -4.0400, 0.0000), (-4.0000, 4.0400, 0.0500)]
        rel material:binding = </MultiTerrainMap/Looks/BorderBlack> (
            bindMaterialAs = "weakerThanDescendants"
        )
        uniform token purpose = "default"
    }

    def Mesh "Rim_1_2_N" (
        apiSchemas = ["MaterialBindingAPI"]
    )
    {
        uniform token subdivisionScheme = "none"
        point3f[] points = [
            (4.9600, 4.0000, 0.0000),
            (13.0400, 4.0000, 0.0000),
            (13.0400, 4.0800, 0.0000),
            (4.9600, 4.0800, 0.0000),
            (4.9600, 4.0000, 0.0500),
            (13.0400, 4.0000, 0.0500),
            (13.0400, 4.0800, 0.0500),
            (4.9600, 4.0800, 0.0500),
        ]
        int[] faceVertexCounts = [4, 4, 4, 4, 4, 4]
        int[] faceVertexIndices = [
            0, 1, 2, 3, 4, 7, 6, 5, 0, 4, 5, 1, 1, 5, 6, 2,
            2, 6, 7, 3, 3, 7, 4, 0,
        ]
        float3[] extent = [(4.9600, 4.0000, 0.0000), (13.0400, 4.0800, 0.0500)]
        rel material:binding = </MultiTerrainMap/Looks/BorderBlack> (
            bindMaterialAs = "weakerThanDescendants"
        )
        uniform token purpose = "default"
    }

    def Mesh "Rim_1_2_S" (
        apiSchemas = ["MaterialBindingAPI"]
    )
    {
        uniform token subdivisionScheme = "none"
        point3f[] points = [
            (4.9600, -4.0800, 0.0000),
            (13.0400, -4.0800, 0.0000),
            (13.0400, -4.0000, 0.0000),
            (4.9600, -4.0000, 0.0000),
            (4.9600, -4.0800, 0.0500),
            (13.0400, -4.0800, 0.0500),
            (13.0400, -4.0000, 0.0500),
            (4.9600, -4.0000, 0.0500),
        ]
        int[] faceVertexCounts = [4, 4, 4, 4, 4, 4]
        int[] faceVertexIndices = [
            0, 1, 2, 3, 4, 7, 6, 5, 0, 4, 5, 1, 1, 5, 6, 2,
            2, 6, 7, 3, 3, 7, 4, 0,
        ]
        float3[] extent = [(4.9600, -4.0800, 0.0000), (13.0400, -4.0000, 0.0500)]
        rel material:binding = </MultiTerrainMap/Looks/BorderBlack> (
            bindMaterialAs = "weakerThanDescendants"
        )
        uniform token purpose = "default"
    }

    def Mesh "Rim_1_2_E" (
        apiSchemas = ["MaterialBindingAPI"]
    )
    {
        uniform token subdivisionScheme = "none"
        point3f[] points = [
            (13.0000, -4.0400, 0.0000),
            (13.0800, -4.0400, 0.0000),
            (13.0800, 4.0400, 0.0000),
            (13.0000, 4.0400, 0.0000),
            (13.0000, -4.0400, 0.0500),
            (13.0800, -4.0400, 0.0500),
            (13.0800, 4.0400, 0.0500),
            (13.0000, 4.0400, 0.0500),
        ]
        int[] faceVertexCounts = [4, 4, 4, 4, 4, 4]
        int[] faceVertexIndices = [
            0, 1, 2, 3, 4, 7, 6, 5, 0, 4, 5, 1, 1, 5, 6, 2,
            2, 6, 7, 3, 3, 7, 4, 0,
        ]
        float3[] extent = [(13.0000, -4.0400, 0.0000), (13.0800, 4.0400, 0.0500)]
        rel material:binding = </MultiTerrainMap/Looks/BorderBlack> (
            bindMaterialAs = "weakerThanDescendants"
        )
        uniform token purpose = "default"
    }

    def Mesh "Rim_1_2_W" (
        apiSchemas = ["MaterialBindingAPI"]
    )
    {
        uniform token subdivisionScheme = "none"
        point3f[] points = [
            (4.9200, -4.0400, 0.0000),
            (5.0000, -4.0400, 0.0000),
            (5.0000, 4.0400, 0.0000),
            (4.9200, 4.0400, 0.0000),
            (4.9200, -4.0400, 0.0500),
            (5.0000, -4.0400, 0.0500),
            (5.0000, 4.0400, 0.0500),
            (4.9200, 4.0400, 0.0500),
        ]
        int[] faceVertexCounts = [4, 4, 4, 4, 4, 4]
        int[] faceVertexIndices = [
            0, 1, 2, 3, 4, 7, 6, 5, 0, 4, 5, 1, 1, 5, 6, 2,
            2, 6, 7, 3, 3, 7, 4, 0,
        ]
        float3[] extent = [(4.9200, -4.0400, 0.0000), (5.0000, 4.0400, 0.0500)]
        rel material:binding = </MultiTerrainMap/Looks/BorderBlack> (
            bindMaterialAs = "weakerThanDescendants"
        )
        uniform token purpose = "default"
    }

    def Mesh "Rim_2_0_N" (
        apiSchemas = ["MaterialBindingAPI"]
    )
    {
        uniform token subdivisionScheme = "none"
        point3f[] points = [
            (-13.0400, -5.0000, 0.0000),
            (-4.9600, -5.0000, 0.0000),
            (-4.9600, -4.9200, 0.0000),
            (-13.0400, -4.9200, 0.0000),
            (-13.0400, -5.0000, 0.0500),
            (-4.9600, -5.0000, 0.0500),
            (-4.9600, -4.9200, 0.0500),
            (-13.0400, -4.9200, 0.0500),
        ]
        int[] faceVertexCounts = [4, 4, 4, 4, 4, 4]
        int[] faceVertexIndices = [
            0, 1, 2, 3, 4, 7, 6, 5, 0, 4, 5, 1, 1, 5, 6, 2,
            2, 6, 7, 3, 3, 7, 4, 0,
        ]
        float3[] extent = [(-13.0400, -5.0000, 0.0000), (-4.9600, -4.9200, 0.0500)]
        rel material:binding = </MultiTerrainMap/Looks/BorderBlack> (
            bindMaterialAs = "weakerThanDescendants"
        )
        uniform token purpose = "default"
    }

    def Mesh "Rim_2_0_S" (
        apiSchemas = ["MaterialBindingAPI"]
    )
    {
        uniform token subdivisionScheme = "none"
        point3f[] points = [
            (-13.0400, -13.0800, 0.0000),
            (-4.9600, -13.0800, 0.0000),
            (-4.9600, -13.0000, 0.0000),
            (-13.0400, -13.0000, 0.0000),
            (-13.0400, -13.0800, 0.0500),
            (-4.9600, -13.0800, 0.0500),
            (-4.9600, -13.0000, 0.0500),
            (-13.0400, -13.0000, 0.0500),
        ]
        int[] faceVertexCounts = [4, 4, 4, 4, 4, 4]
        int[] faceVertexIndices = [
            0, 1, 2, 3, 4, 7, 6, 5, 0, 4, 5, 1, 1, 5, 6, 2,
            2, 6, 7, 3, 3, 7, 4, 0,
        ]
        float3[] extent = [(-13.0400, -13.0800, 0.0000), (-4.9600, -13.0000, 0.0500)]
        rel material:binding = </MultiTerrainMap/Looks/BorderBlack> (
            bindMaterialAs = "weakerThanDescendants"
        )
        uniform token purpose = "default"
    }

    def Mesh "Rim_2_0_E" (
        apiSchemas = ["MaterialBindingAPI"]
    )
    {
        uniform token subdivisionScheme = "none"
        point3f[] points = [
            (-5.0000, -13.0400, 0.0000),
            (-4.9200, -13.0400, 0.0000),
            (-4.9200, -4.9600, 0.0000),
            (-5.0000, -4.9600, 0.0000),
            (-5.0000, -13.0400, 0.0500),
            (-4.9200, -13.0400, 0.0500),
            (-4.9200, -4.9600, 0.0500),
            (-5.0000, -4.9600, 0.0500),
        ]
        int[] faceVertexCounts = [4, 4, 4, 4, 4, 4]
        int[] faceVertexIndices = [
            0, 1, 2, 3, 4, 7, 6, 5, 0, 4, 5, 1, 1, 5, 6, 2,
            2, 6, 7, 3, 3, 7, 4, 0,
        ]
        float3[] extent = [(-5.0000, -13.0400, 0.0000), (-4.9200, -4.9600, 0.0500)]
        rel material:binding = </MultiTerrainMap/Looks/BorderBlack> (
            bindMaterialAs = "weakerThanDescendants"
        )
        uniform token purpose = "default"
    }

    def Mesh "Rim_2_0_W" (
        apiSchemas = ["MaterialBindingAPI"]
    )
    {
        uniform token subdivisionScheme = "none"
        point3f[] points = [
            (-13.0800, -13.0400, 0.0000),
            (-13.0000, -13.0400, 0.0000),
            (-13.0000, -4.9600, 0.0000),
            (-13.0800, -4.9600, 0.0000),
            (-13.0800, -13.0400, 0.0500),
            (-13.0000, -13.0400, 0.0500),
            (-13.0000, -4.9600, 0.0500),
            (-13.0800, -4.9600, 0.0500),
        ]
        int[] faceVertexCounts = [4, 4, 4, 4, 4, 4]
        int[] faceVertexIndices = [
            0, 1, 2, 3, 4, 7, 6, 5, 0, 4, 5, 1, 1, 5, 6, 2,
            2, 6, 7, 3, 3, 7, 4, 0,
        ]
        float3[] extent = [(-13.0800, -13.0400, 0.0000), (-13.0000, -4.9600, 0.0500)]
        rel material:binding = </MultiTerrainMap/Looks/BorderBlack> (
            bindMaterialAs = "weakerThanDescendants"
        )
        uniform token purpose = "default"
    }

    def Mesh "Rim_2_1_N" (
        apiSchemas = ["MaterialBindingAPI"]
    )
    {
        uniform token subdivisionScheme = "none"
        point3f[] points = [
            (-4.0400, -5.0000, 0.0000),
            (4.0400, -5.0000, 0.0000),
            (4.0400, -4.9200, 0.0000),
            (-4.0400, -4.9200, 0.0000),
            (-4.0400, -5.0000, 0.0500),
            (4.0400, -5.0000, 0.0500),
            (4.0400, -4.9200, 0.0500),
            (-4.0400, -4.9200, 0.0500),
        ]
        int[] faceVertexCounts = [4, 4, 4, 4, 4, 4]
        int[] faceVertexIndices = [
            0, 1, 2, 3, 4, 7, 6, 5, 0, 4, 5, 1, 1, 5, 6, 2,
            2, 6, 7, 3, 3, 7, 4, 0,
        ]
        float3[] extent = [(-4.0400, -5.0000, 0.0000), (4.0400, -4.9200, 0.0500)]
        rel material:binding = </MultiTerrainMap/Looks/BorderBlack> (
            bindMaterialAs = "weakerThanDescendants"
        )
        uniform token purpose = "default"
    }

    def Mesh "Rim_2_1_S" (
        apiSchemas = ["MaterialBindingAPI"]
    )
    {
        uniform token subdivisionScheme = "none"
        point3f[] points = [
            (-4.0400, -13.0800, 0.0000),
            (4.0400, -13.0800, 0.0000),
            (4.0400, -13.0000, 0.0000),
            (-4.0400, -13.0000, 0.0000),
            (-4.0400, -13.0800, 0.0500),
            (4.0400, -13.0800, 0.0500),
            (4.0400, -13.0000, 0.0500),
            (-4.0400, -13.0000, 0.0500),
        ]
        int[] faceVertexCounts = [4, 4, 4, 4, 4, 4]
        int[] faceVertexIndices = [
            0, 1, 2, 3, 4, 7, 6, 5, 0, 4, 5, 1, 1, 5, 6, 2,
            2, 6, 7, 3, 3, 7, 4, 0,
        ]
        float3[] extent = [(-4.0400, -13.0800, 0.0000), (4.0400, -13.0000, 0.0500)]
        rel material:binding = </MultiTerrainMap/Looks/BorderBlack> (
            bindMaterialAs = "weakerThanDescendants"
        )
        uniform token purpose = "default"
    }

    def Mesh "Rim_2_1_E" (
        apiSchemas = ["MaterialBindingAPI"]
    )
    {
        uniform token subdivisionScheme = "none"
        point3f[] points = [
            (4.0000, -13.0400, 0.0000),
            (4.0800, -13.0400, 0.0000),
            (4.0800, -4.9600, 0.0000),
            (4.0000, -4.9600, 0.0000),
            (4.0000, -13.0400, 0.0500),
            (4.0800, -13.0400, 0.0500),
            (4.0800, -4.9600, 0.0500),
            (4.0000, -4.9600, 0.0500),
        ]
        int[] faceVertexCounts = [4, 4, 4, 4, 4, 4]
        int[] faceVertexIndices = [
            0, 1, 2, 3, 4, 7, 6, 5, 0, 4, 5, 1, 1, 5, 6, 2,
            2, 6, 7, 3, 3, 7, 4, 0,
        ]
        float3[] extent = [(4.0000, -13.0400, 0.0000), (4.0800, -4.9600, 0.0500)]
        rel material:binding = </MultiTerrainMap/Looks/BorderBlack> (
            bindMaterialAs = "weakerThanDescendants"
        )
        uniform token purpose = "default"
    }

    def Mesh "Rim_2_1_W" (
        apiSchemas = ["MaterialBindingAPI"]
    )
    {
        uniform token subdivisionScheme = "none"
        point3f[] points = [
            (-4.0800, -13.0400, 0.0000),
            (-4.0000, -13.0400, 0.0000),
            (-4.0000, -4.9600, 0.0000),
            (-4.0800, -4.9600, 0.0000),
            (-4.0800, -13.0400, 0.0500),
            (-4.0000, -13.0400, 0.0500),
            (-4.0000, -4.9600, 0.0500),
            (-4.0800, -4.9600, 0.0500),
        ]
        int[] faceVertexCounts = [4, 4, 4, 4, 4, 4]
        int[] faceVertexIndices = [
            0, 1, 2, 3, 4, 7, 6, 5, 0, 4, 5, 1, 1, 5, 6, 2,
            2, 6, 7, 3, 3, 7, 4, 0,
        ]
        float3[] extent = [(-4.0800, -13.0400, 0.0000), (-4.0000, -4.9600, 0.0500)]
        rel material:binding = </MultiTerrainMap/Looks/BorderBlack> (
            bindMaterialAs = "weakerThanDescendants"
        )
        uniform token purpose = "default"
    }

    def Mesh "Rim_2_2_N" (
        apiSchemas = ["MaterialBindingAPI"]
    )
    {
        uniform token subdivisionScheme = "none"
        point3f[] points = [
            (4.9600, -5.0000, 0.0000),
            (13.0400, -5.0000, 0.0000),
            (13.0400, -4.9200, 0.0000),
            (4.9600, -4.9200, 0.0000),
            (4.9600, -5.0000, 0.0500),
            (13.0400, -5.0000, 0.0500),
            (13.0400, -4.9200, 0.0500),
            (4.9600, -4.9200, 0.0500),
        ]
        int[] faceVertexCounts = [4, 4, 4, 4, 4, 4]
        int[] faceVertexIndices = [
            0, 1, 2, 3, 4, 7, 6, 5, 0, 4, 5, 1, 1, 5, 6, 2,
            2, 6, 7, 3, 3, 7, 4, 0,
        ]
        float3[] extent = [(4.9600, -5.0000, 0.0000), (13.0400, -4.9200, 0.0500)]
        rel material:binding = </MultiTerrainMap/Looks/BorderBlack> (
            bindMaterialAs = "weakerThanDescendants"
        )
        uniform token purpose = "default"
    }

    def Mesh "Rim_2_2_S" (
        apiSchemas = ["MaterialBindingAPI"]
    )
    {
        uniform token subdivisionScheme = "none"
        point3f[] points = [
            (4.9600, -13.0800, 0.0000),
            (13.0400, -13.0800, 0.0000),
            (13.0400, -13.0000, 0.0000),
            (4.9600, -13.0000, 0.0000),
            (4.9600, -13.0800, 0.0500),
            (13.0400, -13.0800, 0.0500),
            (13.0400, -13.0000, 0.0500),
            (4.9600, -13.0000, 0.0500),
        ]
        int[] faceVertexCounts = [4, 4, 4, 4, 4, 4]
        int[] faceVertexIndices = [
            0, 1, 2, 3, 4, 7, 6, 5, 0, 4, 5, 1, 1, 5, 6, 2,
            2, 6, 7, 3, 3, 7, 4, 0,
        ]
        float3[] extent = [(4.9600, -13.0800, 0.0000), (13.0400, -13.0000, 0.0500)]
        rel material:binding = </MultiTerrainMap/Looks/BorderBlack> (
            bindMaterialAs = "weakerThanDescendants"
        )
        uniform token purpose = "default"
    }

    def Mesh "Rim_2_2_E" (
        apiSchemas = ["MaterialBindingAPI"]
    )
    {
        uniform token subdivisionScheme = "none"
        point3f[] points = [
            (13.0000, -13.0400, 0.0000),
            (13.0800, -13.0400, 0.0000),
            (13.0800, -4.9600, 0.0000),
            (13.0000, -4.9600, 0.0000),
            (13.0000, -13.0400, 0.0500),
            (13.0800, -13.0400, 0.0500),
            (13.0800, -4.9600, 0.0500),
            (13.0000, -4.9600, 0.0500),
        ]
        int[] faceVertexCounts = [4, 4, 4, 4, 4, 4]
        int[] faceVertexIndices = [
            0, 1, 2, 3, 4, 7, 6, 5, 0, 4, 5, 1, 1, 5, 6, 2,
            2, 6, 7, 3, 3, 7, 4, 0,
        ]
        float3[] extent = [(13.0000, -13.0400, 0.0000), (13.0800, -4.9600, 0.0500)]
        rel material:binding = </MultiTerrainMap/Looks/BorderBlack> (
            bindMaterialAs = "weakerThanDescendants"
        )
        uniform token purpose = "default"
    }

    def Mesh "Rim_2_2_W" (
        apiSchemas = ["MaterialBindingAPI"]
    )
    {
        uniform token subdivisionScheme = "none"
        point3f[] points = [
            (4.9200, -13.0400, 0.0000),
            (5.0000, -13.0400, 0.0000),
            (5.0000, -4.9600, 0.0000),
            (4.9200, -4.9600, 0.0000),
            (4.9200, -13.0400, 0.0500),
            (5.0000, -13.0400, 0.0500),
            (5.0000, -4.9600, 0.0500),
            (4.9200, -4.9600, 0.0500),
        ]
        int[] faceVertexCounts = [4, 4, 4, 4, 4, 4]
        int[] faceVertexIndices = [
            0, 1, 2, 3, 4, 7, 6, 5, 0, 4, 5, 1, 1, 5, 6, 2,
            2, 6, 7, 3, 3, 7, 4, 0,
        ]
        float3[] extent = [(4.9200, -13.0400, 0.0000), (5.0000, -4.9600, 0.0500)]
        rel material:binding = </MultiTerrainMap/Looks/BorderBlack> (
            bindMaterialAs = "weakerThanDescendants"
        )
        uniform token purpose = "default"
    }

}